-- --------------------------------------------------------
-- 主机:                           127.0.0.1
-- 服务器版本:                        8.0.12 - MySQL Community Server - GPL
-- 服务器操作系统:                      Win64
-- HeidiSQL 版本:                  9.5.0.5196
-- --------------------------------------------------------

/*!40101 SET @OLD_CHARACTER_SET_CLIENT=@@CHARACTER_SET_CLIENT */;
/*!40101 SET NAMES utf8 */;
/*!50503 SET NAMES utf8mb4 */;
/*!40014 SET @OLD_FOREIGN_KEY_CHECKS=@@FOREIGN_KEY_CHECKS, FOREIGN_KEY_CHECKS=0 */;
/*!40101 SET @OLD_SQL_MODE=@@SQL_MODE, SQL_MODE='NO_AUTO_VALUE_ON_ZERO' */;

-- 导出  表 cms.attribute 结构
CREATE TABLE IF NOT EXISTS `attribute` (
  `attribute_id` int(11) NOT NULL AUTO_INCREMENT,
  `attribute_group_id` int(11) NOT NULL,
  `sort_order` int(3) NOT NULL,
  PRIMARY KEY (`attribute_id`)
) ENGINE=InnoDB AUTO_INCREMENT=47 DEFAULT CHARSET=utf8;

-- 正在导出表  cms.attribute 的数据：~33 rows (大约)
/*!40000 ALTER TABLE `attribute` DISABLE KEYS */;
INSERT INTO `attribute` (`attribute_id`, `attribute_group_id`, `sort_order`) VALUES
	(13, 7, 2),
	(14, 7, 4),
	(15, 7, 6),
	(16, 9, 1),
	(17, 9, 2),
	(18, 7, 0),
	(19, 9, 3),
	(20, 10, 1),
	(21, 10, 2),
	(22, 10, 3),
	(23, 9, 4),
	(24, 9, 5),
	(25, 9, 6),
	(26, 9, 7),
	(27, 9, 8),
	(30, 11, 1);
/*!40000 ALTER TABLE `attribute` ENABLE KEYS */;

-- 导出  表 cms.attribute_description 结构
CREATE TABLE IF NOT EXISTS `attribute_description` (
  `attribute_id` int(11) NOT NULL,
  `language_id` int(11) NOT NULL DEFAULT '1',
  `name` varchar(64) NOT NULL,
  PRIMARY KEY (`attribute_id`,`language_id`)
) ENGINE=InnoDB DEFAULT CHARSET=utf8;

-- 正在导出表  cms.attribute_description 的数据：~18 rows (大约)
/*!40000 ALTER TABLE `attribute_description` DISABLE KEYS */;
INSERT INTO `attribute_description` (`attribute_id`, `language_id`, `name`) VALUES
	(13, 1, '承保年龄'),
	(14, 1, '健康告知'),
	(15, 1, '职业类别'),
	(16, 1, '保险来源'),
	(17, 1, '分销代码'),
	(18, 1, '险种代码'),
	(19, 1, '投保年龄'),
	(20, 1, '一般医疗'),
	(21, 1, '癌症医疗'),
	(22, 1, '免赔额'),
	(23, 1, '保障期限'),
	(24, 1, '承保地区'),
	(25, 1, '适合人群'),
	(26, 1, '等待期'),
	(27, 1, '生效时间'),
	(30, 1, 'tag');
/*!40000 ALTER TABLE `attribute_description` ENABLE KEYS */;

-- 导出  表 cms.attribute_group 结构
CREATE TABLE IF NOT EXISTS `attribute_group` (
  `attribute_group_id` int(11) NOT NULL AUTO_INCREMENT,
  `sort_order` int(3) NOT NULL,
  PRIMARY KEY (`attribute_group_id`)
) ENGINE=InnoDB AUTO_INCREMENT=16 DEFAULT CHARSET=utf8;

-- 正在导出表  cms.attribute_group 的数据：~9 rows (大约)
/*!40000 ALTER TABLE `attribute_group` DISABLE KEYS */;
INSERT INTO `attribute_group` (`attribute_group_id`, `sort_order`) VALUES
	(7, 2),
	(8, 0),
	(9, 7),
	(10, 3),
	(11, 4),
	(12, 5),
	(13, 6),
	(14, 8),
	(15, 9);
/*!40000 ALTER TABLE `attribute_group` ENABLE KEYS */;

-- 导出  表 cms.attribute_group_description 结构
CREATE TABLE IF NOT EXISTS `attribute_group_description` (
  `attribute_group_id` int(11) NOT NULL,
  `language_id` int(11) NOT NULL DEFAULT '1',
  `name` varchar(64) NOT NULL,
  PRIMARY KEY (`attribute_group_id`,`language_id`)
) ENGINE=InnoDB DEFAULT CHARSET=utf8;

-- 正在导出表  cms.attribute_group_description 的数据：~9 rows (大约)
/*!40000 ALTER TABLE `attribute_group_description` DISABLE KEYS */;
INSERT INTO `attribute_group_description` (`attribute_group_id`, `language_id`, `name`) VALUES
	(7, 1, '安联PBU标准'),
	(8, 1, '众安保险'),
	(9, 1, '共有属性'),
	(10, 1, '百万医疗'),
	(11, 1, '推广标签'),
	(12, 1, '意外险'),
	(13, 1, '高端医疗'),
	(14, 1, '重疾险'),
	(15, 1, '中端医疗险');
/*!40000 ALTER TABLE `attribute_group_description` ENABLE KEYS */;

-- 导出  表 cms.auth_assignment 结构
CREATE TABLE IF NOT EXISTS `auth_assignment` (
  `item_name` varchar(64) CHARACTER SET utf8 COLLATE utf8_bin NOT NULL,
  `user_id` varchar(64) CHARACTER SET utf8 COLLATE utf8_bin NOT NULL,
  `created_at` int(11) DEFAULT NULL,
  PRIMARY KEY (`item_name`,`user_id`),
  KEY `auth_assignment_user_id_idx` (`user_id`),
  CONSTRAINT `auth_assignment_ibfk_1` FOREIGN KEY (`item_name`) REFERENCES `auth_item` (`name`) ON DELETE CASCADE ON UPDATE CASCADE
) ENGINE=InnoDB DEFAULT CHARSET=utf8 COLLATE=utf8_bin;

-- 正在导出表  cms.auth_assignment 的数据：~49 rows (大约)
/*!40000 ALTER TABLE `auth_assignment` DISABLE KEYS */;
INSERT INTO `auth_assignment` (`item_name`, `user_id`, `created_at`) VALUES
	('banner管理', '3', 1527144369),
	('banner管理', '4', 1527667066),
	('banner管理', '5', 1527145025),
	('banner管理', '7', 1527667317),
	('产品修改', '2', 1527143965),
	('产品修改', '3', 1527144183),
	('产品修改', '4', 1527667068),
	('产品修改', '5', 1527145025),
	('产品修改', '7', 1527667317),
	('产品列表', '2', 1527143969),
	('产品列表', '3', 1527144183),
	('产品列表', '4', 1527667069),
	('产品列表', '5', 1527145025),
	('产品列表', '7', 1527667317),
	('产品属性', '3', 1527144465),
	('产品属性', '4', 1527667071),
	('产品属性', '5', 1527145025),
	('产品属性', '7', 1527667317),
	('产品过滤', '3', 1527144368),
	('产品过滤', '4', 1527667076),
	('产品过滤', '5', 1527145025),
	('产品过滤', '7', 1527667317),
	('保单管理', '3', 1527144367),
	('保单管理', '4', 1527667074),
	('保单管理', '5', 1527145025),
	('保单管理', '6', 1527473567),
	('保单管理', '7', 1527667317),
	('合作保险公司', '3', 1527144364),
	('合作保险公司', '4', 1527667078),
	('合作保险公司', '5', 1527145025),
	('合作保险公司', '7', 1527667317),
	('微信订阅用户列表', '2', 1527143967),
	('微信订阅用户列表', '3', 1533182702),
	('微信订阅用户列表', '4', 1527667080),
	('微信订阅用户列表', '5', 1527145025),
	('微信订阅用户列表', '7', 1527667317),
	('步步得宝', '2', 1533182605),
	('步步得宝', '3', 1533182700),
	('步步得宝', '4', 1533115764),
	('步步得宝积分分析', '2', 1533182605),
	('步步得宝积分分析', '3', 1533182698),
	('步步得宝积分分析', '4', 1533122646),
	('短信记录', '2', 1533182600),
	('短信记录', '3', 1533182694),
	('短信记录', '6', 1533182667),
	('超级管理员', '1', 1520855453),
	('超级管理员', '2', 1527143961),
	('超级管理员', '5', 1527145020),
	('超级管理员', '6', 1527667098);
/*!40000 ALTER TABLE `auth_assignment` ENABLE KEYS */;

-- 导出  表 cms.auth_item 结构
CREATE TABLE IF NOT EXISTS `auth_item` (
  `name` varchar(64) CHARACTER SET utf8 COLLATE utf8_bin NOT NULL,
  `type` smallint(6) NOT NULL,
  `description` text CHARACTER SET utf8 COLLATE utf8_bin,
  `rule_name` varchar(64) CHARACTER SET utf8 COLLATE utf8_bin DEFAULT NULL,
  `data` blob,
  `created_at` int(11) DEFAULT NULL,
  `updated_at` int(11) DEFAULT NULL,
  PRIMARY KEY (`name`),
  KEY `rule_name` (`rule_name`),
  KEY `type` (`type`),
  CONSTRAINT `auth_item_ibfk_1` FOREIGN KEY (`rule_name`) REFERENCES `auth_rule` (`name`) ON DELETE SET NULL ON UPDATE CASCADE
) ENGINE=InnoDB DEFAULT CHARSET=utf8 COLLATE=utf8_bin;

-- 正在导出表  cms.auth_item 的数据：~162 rows (大约)
/*!40000 ALTER TABLE `auth_item` DISABLE KEYS */;
INSERT INTO `auth_item` (`name`, `type`, `description`, `rule_name`, `data`, `created_at`, `updated_at`) VALUES
	('/*', 2, NULL, NULL, NULL, 1520934524, 1520934524),
	('/admin/*', 2, NULL, NULL, NULL, 1520934523, 1520934523),
	('/admin/assignment/*', 2, NULL, NULL, NULL, 1520834412, 1520834412),
	('/admin/assignment/assign', 2, NULL, NULL, NULL, 1520834412, 1520834412),
	('/admin/assignment/index', 2, NULL, NULL, NULL, 1520834412, 1520834412),
	('/admin/assignment/revoke', 2, NULL, NULL, NULL, 1520834412, 1520834412),
	('/admin/assignment/view', 2, NULL, NULL, NULL, 1520834412, 1520834412),
	('/admin/default/*', 2, NULL, NULL, NULL, 1520934523, 1520934523),
	('/admin/default/index', 2, NULL, NULL, NULL, 1520934523, 1520934523),
	('/admin/menu/*', 2, NULL, NULL, NULL, 1520834373, 1520834373),
	('/admin/menu/create', 2, NULL, NULL, NULL, 1520834383, 1520834383),
	('/admin/menu/delete', 2, NULL, NULL, NULL, 1520834383, 1520834383),
	('/admin/menu/index', 2, NULL, NULL, NULL, 1520834383, 1520834383),
	('/admin/menu/update', 2, NULL, NULL, NULL, 1520834383, 1520834383),
	('/admin/menu/view', 2, NULL, NULL, NULL, 1520834383, 1520834383),
	('/admin/permission/*', 2, NULL, NULL, NULL, 1520834391, 1520834391),
	('/admin/permission/assign', 2, NULL, NULL, NULL, 1520834391, 1520834391),
	('/admin/permission/create', 2, NULL, NULL, NULL, 1520834391, 1520834391),
	('/admin/permission/delete', 2, NULL, NULL, NULL, 1520834391, 1520834391),
	('/admin/permission/index', 2, NULL, NULL, NULL, 1520834391, 1520834391),
	('/admin/permission/remove', 2, NULL, NULL, NULL, 1520834391, 1520834391),
	('/admin/permission/update', 2, NULL, NULL, NULL, 1520834391, 1520834391),
	('/admin/permission/view', 2, NULL, NULL, NULL, 1520834391, 1520834391),
	('/admin/role/*', 2, NULL, NULL, NULL, 1520834401, 1520834401),
	('/admin/role/assign', 2, NULL, NULL, NULL, 1520834419, 1520834419),
	('/admin/role/create', 2, NULL, NULL, NULL, 1520834419, 1520834419),
	('/admin/role/delete', 2, NULL, NULL, NULL, 1520834419, 1520834419),
	('/admin/role/index', 2, NULL, NULL, NULL, 1520834419, 1520834419),
	('/admin/role/remove', 2, NULL, NULL, NULL, 1520834419, 1520834419),
	('/admin/role/update', 2, NULL, NULL, NULL, 1520834419, 1520834419),
	('/admin/role/view', 2, NULL, NULL, NULL, 1520834419, 1520834419),
	('/admin/route/*', 2, NULL, NULL, NULL, 1520834402, 1520834402),
	('/admin/route/assign', 2, NULL, NULL, NULL, 1520834401, 1520834401),
	('/admin/route/create', 2, NULL, NULL, NULL, 1520834401, 1520834401),
	('/admin/route/index', 2, NULL, NULL, NULL, 1520834401, 1520834401),
	('/admin/route/refresh', 2, NULL, NULL, NULL, 1520834402, 1520834402),
	('/admin/route/remove', 2, NULL, NULL, NULL, 1520834401, 1520834401),
	('/admin/rule/*', 2, NULL, NULL, NULL, 1520834402, 1520834402),
	('/admin/rule/create', 2, NULL, NULL, NULL, 1520834402, 1520834402),
	('/admin/rule/delete', 2, NULL, NULL, NULL, 1520834402, 1520834402),
	('/admin/rule/index', 2, NULL, NULL, NULL, 1520834402, 1520834402),
	('/admin/rule/update', 2, NULL, NULL, NULL, 1520834402, 1520834402),
	('/admin/rule/view', 2, NULL, NULL, NULL, 1520834402, 1520834402),
	('/admin/user/*', 2, NULL, NULL, NULL, 1520934523, 1520934523),
	('/admin/user/activate', 2, NULL, NULL, NULL, 1520921348, 1520921348),
	('/admin/user/change-password', 2, NULL, NULL, NULL, 1520921346, 1520921346),
	('/admin/user/delete', 2, NULL, NULL, NULL, 1520934523, 1520934523),
	('/admin/user/index', 2, NULL, NULL, NULL, 1520934523, 1520934523),
	('/admin/user/login', 2, NULL, NULL, NULL, 1520934523, 1520934523),
	('/admin/user/logout', 2, NULL, NULL, NULL, 1520921343, 1520921343),
	('/admin/user/request-password-reset', 2, NULL, NULL, NULL, 1520934523, 1520934523),
	('/admin/user/reset-password', 2, NULL, NULL, NULL, 1520934523, 1520934523),
	('/admin/user/signup', 2, NULL, NULL, NULL, 1520921337, 1520921337),
	('/admin/user/view', 2, NULL, NULL, NULL, 1520934523, 1520934523),
	('/attribute-group/*', 2, NULL, NULL, NULL, 1523591214, 1523591214),
	('/attribute-group/create', 2, NULL, NULL, NULL, 1523591214, 1523591214),
	('/attribute-group/delete', 2, NULL, NULL, NULL, 1523591214, 1523591214),
	('/attribute-group/index', 2, NULL, NULL, NULL, 1523591214, 1523591214),
	('/attribute-group/update', 2, NULL, NULL, NULL, 1523591214, 1523591214),
	('/attribute-group/view', 2, NULL, NULL, NULL, 1523591214, 1523591214),
	('/attribute/*', 2, NULL, NULL, NULL, 1523591214, 1523591214),
	('/attribute/create', 2, NULL, NULL, NULL, 1523591214, 1523591214),
	('/attribute/delete', 2, NULL, NULL, NULL, 1523591214, 1523591214),
	('/attribute/index', 2, NULL, NULL, NULL, 1523591214, 1523591214),
	('/attribute/update', 2, NULL, NULL, NULL, 1523591214, 1523591214),
	('/attribute/view', 2, NULL, NULL, NULL, 1523591214, 1523591214),
	('/banner/*', 2, NULL, NULL, NULL, 1523860279, 1523860279),
	('/banner/create', 2, NULL, NULL, NULL, 1523860279, 1523860279),
	('/banner/delete', 2, NULL, NULL, NULL, 1523860279, 1523860279),
	('/banner/index', 2, NULL, NULL, NULL, 1523860279, 1523860279),
	('/banner/update', 2, NULL, NULL, NULL, 1523860279, 1523860279),
	('/banner/view', 2, NULL, NULL, NULL, 1523860279, 1523860279),
	('/binsure-pay-info/index', 2, NULL, NULL, NULL, 1528879394, 1528879394),
	('/binsure-pay-info/view', 2, NULL, NULL, NULL, 1528879520, 1528879520),
	('/bubudebao/index', 2, NULL, NULL, NULL, 1533115548, 1533115548),
	('/bubudebao/integral', 2, NULL, NULL, NULL, 1533122604, 1533122604),
	('/bubudebaouser/index', 2, NULL, NULL, NULL, 1533295964, 1533295964),
	('/bubugift/index', 2, NULL, NULL, NULL, 1533205105, 1533205105),
	('/bubuintegral/index', 2, NULL, NULL, NULL, 1533205097, 1533205097),
	('/category/*', 2, NULL, NULL, NULL, 1520934524, 1520934524),
	('/category/create', 2, NULL, NULL, NULL, 1520934524, 1520934524),
	('/category/delete', 2, NULL, NULL, NULL, 1520934524, 1520934524),
	('/category/index', 2, NULL, NULL, NULL, 1520934524, 1520934524),
	('/category/update', 2, NULL, NULL, NULL, 1520934524, 1520934524),
	('/category/view', 2, NULL, NULL, NULL, 1520934524, 1520934524),
	('/customer/*', 2, NULL, NULL, NULL, 1520938871, 1520938871),
	('/customer/create', 2, NULL, NULL, NULL, 1520938871, 1520938871),
	('/customer/delete', 2, NULL, NULL, NULL, 1520938871, 1520938871),
	('/customer/index', 2, NULL, NULL, NULL, 1520938871, 1520938871),
	('/customer/update', 2, NULL, NULL, NULL, 1520938871, 1520938871),
	('/customer/view', 2, NULL, NULL, NULL, 1520938871, 1520938871),
	('/debug/*', 2, NULL, NULL, NULL, 1520934523, 1520934523),
	('/debug/default/*', 2, NULL, NULL, NULL, 1520934523, 1520934523),
	('/debug/default/db-explain', 2, NULL, NULL, NULL, 1520934523, 1520934523),
	('/debug/default/download-mail', 2, NULL, NULL, NULL, 1520934523, 1520934523),
	('/debug/default/index', 2, NULL, NULL, NULL, 1520934523, 1520934523),
	('/debug/default/toolbar', 2, NULL, NULL, NULL, 1520934523, 1520934523),
	('/debug/default/view', 2, NULL, NULL, NULL, 1520934523, 1520934523),
	('/debug/user/*', 2, NULL, NULL, NULL, 1520934523, 1520934523),
	('/debug/user/reset-identity', 2, NULL, NULL, NULL, 1520934523, 1520934523),
	('/debug/user/set-identity', 2, NULL, NULL, NULL, 1520934523, 1520934523),
	('/filter-group/*', 2, NULL, NULL, NULL, 1523959062, 1523959062),
	('/filter-group/create', 2, NULL, NULL, NULL, 1523959062, 1523959062),
	('/filter-group/delete', 2, NULL, NULL, NULL, 1523959062, 1523959062),
	('/filter-group/index', 2, NULL, NULL, NULL, 1523959062, 1523959062),
	('/filter-group/update', 2, NULL, NULL, NULL, 1523959062, 1523959062),
	('/filter-group/view', 2, NULL, NULL, NULL, 1523959062, 1523959062),
	('/gii/*', 2, NULL, NULL, NULL, 1520934524, 1520934524),
	('/gii/default/*', 2, NULL, NULL, NULL, 1520934524, 1520934524),
	('/gii/default/action', 2, NULL, NULL, NULL, 1520934524, 1520934524),
	('/gii/default/diff', 2, NULL, NULL, NULL, 1520934524, 1520934524),
	('/gii/default/index', 2, NULL, NULL, NULL, 1520934523, 1520934523),
	('/gii/default/preview', 2, NULL, NULL, NULL, 1520934524, 1520934524),
	('/gii/default/view', 2, NULL, NULL, NULL, 1520934523, 1520934523),
	('/insure/*', 2, NULL, NULL, NULL, 1520934524, 1520934524),
	('/insure/create', 2, NULL, NULL, NULL, 1520934524, 1520934524),
	('/insure/delete', 2, NULL, NULL, NULL, 1520934524, 1520934524),
	('/insure/index', 2, NULL, NULL, NULL, 1520934524, 1520934524),
	('/insure/update', 2, NULL, NULL, NULL, 1520934524, 1520934524),
	('/insure/view', 2, NULL, NULL, NULL, 1520934524, 1520934524),
	('/manufacturer/*', 2, NULL, NULL, NULL, 1523590687, 1523590687),
	('/manufacturer/create', 2, NULL, NULL, NULL, 1523590686, 1523590686),
	('/manufacturer/delete', 2, NULL, NULL, NULL, 1523590686, 1523590686),
	('/manufacturer/index', 2, NULL, NULL, NULL, 1523590686, 1523590686),
	('/manufacturer/update', 2, NULL, NULL, NULL, 1523590686, 1523590686),
	('/manufacturer/view', 2, NULL, NULL, NULL, 1523590686, 1523590686),
	('/product-attribute/*', 2, NULL, NULL, NULL, 1523590888, 1523590888),
	('/product-attribute/create', 2, NULL, NULL, NULL, 1523590887, 1523590887),
	('/product-attribute/delete', 2, NULL, NULL, NULL, 1523590888, 1523590888),
	('/product-attribute/index', 2, NULL, NULL, NULL, 1523590887, 1523590887),
	('/product-attribute/update', 2, NULL, NULL, NULL, 1523590887, 1523590887),
	('/product-attribute/view', 2, NULL, NULL, NULL, 1523590887, 1523590887),
	('/product/*', 2, NULL, NULL, NULL, 1520934462, 1520934462),
	('/product/create', 2, NULL, NULL, NULL, 1520934462, 1520934462),
	('/product/delete', 2, NULL, NULL, NULL, 1520934462, 1520934462),
	('/product/index', 2, NULL, NULL, NULL, 1520934461, 1520934461),
	('/product/update', 2, NULL, NULL, NULL, 1520934462, 1520934462),
	('/product/view', 2, NULL, NULL, NULL, 1520934461, 1520934461),
	('/site/*', 2, NULL, NULL, NULL, 1520934524, 1520934524),
	('/site/index', 2, NULL, NULL, NULL, 1520934524, 1520934524),
	('/site/login', 2, NULL, NULL, NULL, 1520934524, 1520934524),
	('/site/logout', 2, NULL, NULL, NULL, 1520934524, 1520934524),
	('/site/wechat', 2, NULL, NULL, NULL, 1521008920, 1521008920),
	('/smslog/index', 2, NULL, NULL, NULL, 1533182527, 1533182527),
	('/wechat-user/*', 2, NULL, NULL, NULL, 1521006494, 1521006494),
	('/wechat-user/create', 2, NULL, NULL, NULL, 1521006494, 1521006494),
	('/wechat-user/delete', 2, NULL, NULL, NULL, 1521006494, 1521006494),
	('/wechat-user/index', 2, NULL, NULL, NULL, 1521006494, 1521006494),
	('/wechat-user/update', 2, NULL, NULL, NULL, 1521006494, 1521006494),
	('/wechat-user/view', 2, NULL, NULL, NULL, 1521006494, 1521006494),
	('banner管理', 2, NULL, NULL, NULL, 1527144270, 1527144270),
	('产品修改', 2, NULL, NULL, NULL, 1520943838, 1520943838),
	('产品列表', 2, NULL, NULL, NULL, 1520943799, 1520943799),
	('产品属性', 2, NULL, NULL, NULL, 1527144445, 1527144445),
	('产品过滤', 2, NULL, NULL, NULL, 1527144307, 1527144307),
	('保单管理', 2, NULL, NULL, NULL, 1527144213, 1527144213),
	('合作保险公司', 2, NULL, NULL, NULL, 1527144336, 1527144336),
	('微信订阅用户列表', 2, NULL, NULL, NULL, 1521006523, 1521006523),
	('步步得宝', 2, NULL, NULL, NULL, 1533115744, 1533115744),
	('步步得宝积分分析', 2, NULL, NULL, NULL, 1533122628, 1533122628),
	('短信记录', 2, NULL, NULL, NULL, 1533182540, 1533182540),
	('超级管理员', 1, NULL, NULL, NULL, 1520836975, 1520836975);
/*!40000 ALTER TABLE `auth_item` ENABLE KEYS */;

-- 导出  表 cms.auth_item_child 结构
CREATE TABLE IF NOT EXISTS `auth_item_child` (
  `parent` varchar(64) CHARACTER SET utf8 COLLATE utf8_bin NOT NULL,
  `child` varchar(64) CHARACTER SET utf8 COLLATE utf8_bin NOT NULL,
  PRIMARY KEY (`parent`,`child`),
  KEY `child` (`child`),
  CONSTRAINT `auth_item_child_ibfk_1` FOREIGN KEY (`parent`) REFERENCES `auth_item` (`name`) ON DELETE CASCADE ON UPDATE CASCADE,
  CONSTRAINT `auth_item_child_ibfk_2` FOREIGN KEY (`child`) REFERENCES `auth_item` (`name`) ON DELETE CASCADE ON UPDATE CASCADE
) ENGINE=InnoDB DEFAULT CHARSET=utf8 COLLATE=utf8_bin;

-- 正在导出表  cms.auth_item_child 的数据：~204 rows (大约)
/*!40000 ALTER TABLE `auth_item_child` DISABLE KEYS */;
INSERT INTO `auth_item_child` (`parent`, `child`) VALUES
	('超级管理员', '/*'),
	('超级管理员', '/admin/*'),
	('超级管理员', '/admin/assignment/*'),
	('超级管理员', '/admin/assignment/assign'),
	('超级管理员', '/admin/assignment/index'),
	('超级管理员', '/admin/assignment/revoke'),
	('超级管理员', '/admin/assignment/view'),
	('超级管理员', '/admin/default/*'),
	('超级管理员', '/admin/default/index'),
	('超级管理员', '/admin/menu/*'),
	('超级管理员', '/admin/menu/create'),
	('超级管理员', '/admin/menu/delete'),
	('超级管理员', '/admin/menu/index'),
	('超级管理员', '/admin/menu/update'),
	('超级管理员', '/admin/menu/view'),
	('超级管理员', '/admin/permission/*'),
	('超级管理员', '/admin/permission/assign'),
	('超级管理员', '/admin/permission/create'),
	('超级管理员', '/admin/permission/delete'),
	('超级管理员', '/admin/permission/index'),
	('超级管理员', '/admin/permission/remove'),
	('超级管理员', '/admin/permission/update'),
	('超级管理员', '/admin/permission/view'),
	('超级管理员', '/admin/role/*'),
	('超级管理员', '/admin/role/assign'),
	('超级管理员', '/admin/role/create'),
	('超级管理员', '/admin/role/delete'),
	('超级管理员', '/admin/role/index'),
	('超级管理员', '/admin/role/remove'),
	('超级管理员', '/admin/role/update'),
	('超级管理员', '/admin/role/view'),
	('超级管理员', '/admin/route/*'),
	('超级管理员', '/admin/route/assign'),
	('超级管理员', '/admin/route/create'),
	('超级管理员', '/admin/route/index'),
	('超级管理员', '/admin/route/refresh'),
	('超级管理员', '/admin/route/remove'),
	('超级管理员', '/admin/rule/*'),
	('超级管理员', '/admin/rule/create'),
	('超级管理员', '/admin/rule/delete'),
	('超级管理员', '/admin/rule/index'),
	('超级管理员', '/admin/rule/update'),
	('超级管理员', '/admin/rule/view'),
	('超级管理员', '/admin/user/*'),
	('超级管理员', '/admin/user/activate'),
	('超级管理员', '/admin/user/change-password'),
	('超级管理员', '/admin/user/delete'),
	('超级管理员', '/admin/user/index'),
	('超级管理员', '/admin/user/login'),
	('超级管理员', '/admin/user/logout'),
	('超级管理员', '/admin/user/request-password-reset'),
	('超级管理员', '/admin/user/reset-password'),
	('超级管理员', '/admin/user/signup'),
	('超级管理员', '/admin/user/view'),
	('产品属性', '/attribute-group/*'),
	('超级管理员', '/attribute-group/*'),
	('产品属性', '/attribute-group/create'),
	('超级管理员', '/attribute-group/create'),
	('产品属性', '/attribute-group/delete'),
	('超级管理员', '/attribute-group/delete'),
	('产品属性', '/attribute-group/index'),
	('超级管理员', '/attribute-group/index'),
	('产品属性', '/attribute-group/update'),
	('超级管理员', '/attribute-group/update'),
	('产品属性', '/attribute-group/view'),
	('超级管理员', '/attribute-group/view'),
	('产品属性', '/attribute/*'),
	('超级管理员', '/attribute/*'),
	('产品属性', '/attribute/create'),
	('超级管理员', '/attribute/create'),
	('产品属性', '/attribute/delete'),
	('超级管理员', '/attribute/delete'),
	('产品属性', '/attribute/index'),
	('超级管理员', '/attribute/index'),
	('产品属性', '/attribute/update'),
	('超级管理员', '/attribute/update'),
	('产品属性', '/attribute/view'),
	('超级管理员', '/attribute/view'),
	('banner管理', '/banner/*'),
	('超级管理员', '/banner/*'),
	('banner管理', '/banner/create'),
	('超级管理员', '/banner/create'),
	('banner管理', '/banner/delete'),
	('超级管理员', '/banner/delete'),
	('banner管理', '/banner/index'),
	('超级管理员', '/banner/index'),
	('banner管理', '/banner/update'),
	('超级管理员', '/banner/update'),
	('banner管理', '/banner/view'),
	('超级管理员', '/banner/view'),
	('超级管理员', '/binsure-pay-info/index'),
	('超级管理员', '/binsure-pay-info/view'),
	('步步得宝', '/bubudebao/index'),
	('超级管理员', '/bubudebao/index'),
	('步步得宝积分分析', '/bubudebao/integral'),
	('超级管理员', '/bubudebao/integral'),
	('步步得宝', '/bubudebaouser/index'),
	('步步得宝', '/bubugift/index'),
	('步步得宝', '/bubuintegral/index'),
	('超级管理员', '/category/*'),
	('超级管理员', '/category/create'),
	('超级管理员', '/category/delete'),
	('超级管理员', '/category/index'),
	('超级管理员', '/category/update'),
	('超级管理员', '/category/view'),
	('超级管理员', '/customer/*'),
	('超级管理员', '/customer/create'),
	('超级管理员', '/customer/delete'),
	('超级管理员', '/customer/index'),
	('超级管理员', '/customer/update'),
	('超级管理员', '/customer/view'),
	('超级管理员', '/debug/*'),
	('超级管理员', '/debug/default/*'),
	('超级管理员', '/debug/default/db-explain'),
	('超级管理员', '/debug/default/download-mail'),
	('超级管理员', '/debug/default/index'),
	('超级管理员', '/debug/default/toolbar'),
	('超级管理员', '/debug/default/view'),
	('超级管理员', '/debug/user/*'),
	('超级管理员', '/debug/user/reset-identity'),
	('超级管理员', '/debug/user/set-identity'),
	('产品过滤', '/filter-group/*'),
	('超级管理员', '/filter-group/*'),
	('产品过滤', '/filter-group/create'),
	('超级管理员', '/filter-group/create'),
	('产品过滤', '/filter-group/delete'),
	('超级管理员', '/filter-group/delete'),
	('产品过滤', '/filter-group/index'),
	('超级管理员', '/filter-group/index'),
	('产品过滤', '/filter-group/update'),
	('超级管理员', '/filter-group/update'),
	('产品过滤', '/filter-group/view'),
	('超级管理员', '/filter-group/view'),
	('超级管理员', '/gii/*'),
	('超级管理员', '/gii/default/*'),
	('超级管理员', '/gii/default/action'),
	('超级管理员', '/gii/default/diff'),
	('超级管理员', '/gii/default/index'),
	('超级管理员', '/gii/default/preview'),
	('超级管理员', '/gii/default/view'),
	('保单管理', '/insure/*'),
	('超级管理员', '/insure/*'),
	('保单管理', '/insure/create'),
	('超级管理员', '/insure/create'),
	('超级管理员', '/insure/delete'),
	('保单管理', '/insure/index'),
	('超级管理员', '/insure/index'),
	('保单管理', '/insure/update'),
	('超级管理员', '/insure/update'),
	('保单管理', '/insure/view'),
	('超级管理员', '/insure/view'),
	('合作保险公司', '/manufacturer/*'),
	('超级管理员', '/manufacturer/*'),
	('合作保险公司', '/manufacturer/create'),
	('超级管理员', '/manufacturer/create'),
	('合作保险公司', '/manufacturer/delete'),
	('超级管理员', '/manufacturer/delete'),
	('合作保险公司', '/manufacturer/index'),
	('超级管理员', '/manufacturer/index'),
	('合作保险公司', '/manufacturer/update'),
	('超级管理员', '/manufacturer/update'),
	('合作保险公司', '/manufacturer/view'),
	('超级管理员', '/manufacturer/view'),
	('超级管理员', '/product-attribute/*'),
	('超级管理员', '/product-attribute/create'),
	('超级管理员', '/product-attribute/delete'),
	('超级管理员', '/product-attribute/index'),
	('超级管理员', '/product-attribute/update'),
	('超级管理员', '/product-attribute/view'),
	('超级管理员', '/product/*'),
	('超级管理员', '/product/create'),
	('超级管理员', '/product/delete'),
	('产品列表', '/product/index'),
	('超级管理员', '/product/index'),
	('产品修改', '/product/update'),
	('超级管理员', '/product/update'),
	('超级管理员', '/product/view'),
	('超级管理员', '/site/*'),
	('超级管理员', '/site/index'),
	('超级管理员', '/site/login'),
	('超级管理员', '/site/logout'),
	('超级管理员', '/site/wechat'),
	('短信记录', '/smslog/index'),
	('超级管理员', '/smslog/index'),
	('微信订阅用户列表', '/wechat-user/*'),
	('超级管理员', '/wechat-user/*'),
	('超级管理员', '/wechat-user/create'),
	('超级管理员', '/wechat-user/delete'),
	('微信订阅用户列表', '/wechat-user/index'),
	('超级管理员', '/wechat-user/index'),
	('超级管理员', '/wechat-user/update'),
	('微信订阅用户列表', '/wechat-user/view'),
	('超级管理员', '/wechat-user/view'),
	('超级管理员', 'banner管理'),
	('超级管理员', '产品修改'),
	('超级管理员', '产品列表'),
	('超级管理员', '产品属性'),
	('超级管理员', '产品过滤'),
	('超级管理员', '保单管理'),
	('超级管理员', '合作保险公司'),
	('超级管理员', '微信订阅用户列表'),
	('超级管理员', '步步得宝'),
	('超级管理员', '步步得宝积分分析'),
	('超级管理员', '短信记录');
/*!40000 ALTER TABLE `auth_item_child` ENABLE KEYS */;

-- 导出  表 cms.auth_rule 结构
CREATE TABLE IF NOT EXISTS `auth_rule` (
  `name` varchar(64) CHARACTER SET utf8 COLLATE utf8_bin NOT NULL,
  `data` blob,
  `created_at` int(11) DEFAULT NULL,
  `updated_at` int(11) DEFAULT NULL,
  PRIMARY KEY (`name`)
) ENGINE=InnoDB DEFAULT CHARSET=utf8 COLLATE=utf8_bin;

-- 正在导出表  cms.auth_rule 的数据：~0 rows (大约)
/*!40000 ALTER TABLE `auth_rule` DISABLE KEYS */;
/*!40000 ALTER TABLE `auth_rule` ENABLE KEYS */;

-- 导出  表 cms.banner 结构
CREATE TABLE IF NOT EXISTS `banner` (
  `banner_id` int(11) NOT NULL AUTO_INCREMENT,
  `name` varchar(64) NOT NULL,
  `status` tinyint(1) NOT NULL,
  PRIMARY KEY (`banner_id`)
) ENGINE=InnoDB AUTO_INCREMENT=2 DEFAULT CHARSET=utf8;

-- 正在导出表  cms.banner 的数据：~1 rows (大约)
/*!40000 ALTER TABLE `banner` DISABLE KEYS */;
INSERT INTO `banner` (`banner_id`, `name`, `status`) VALUES
	(1, '首页幻灯片', 1);
/*!40000 ALTER TABLE `banner` ENABLE KEYS */;

-- 导出  表 cms.banner_image 结构
CREATE TABLE IF NOT EXISTS `banner_image` (
  `banner_image_id` int(11) NOT NULL AUTO_INCREMENT,
  `banner_id` int(11) NOT NULL,
  `language_id` int(11) NOT NULL DEFAULT '1',
  `title` varchar(64) NOT NULL,
  `link` varchar(255) NOT NULL,
  `link_btn` varchar(255) DEFAULT NULL,
  `text` varchar(255) DEFAULT NULL,
  `image` varchar(255) NOT NULL,
  `sort_order` int(3) NOT NULL DEFAULT '0',
  PRIMARY KEY (`banner_image_id`)
) ENGINE=InnoDB AUTO_INCREMENT=19 DEFAULT CHARSET=utf8;

-- 正在导出表  cms.banner_image 的数据：~3 rows (大约)
/*!40000 ALTER TABLE `banner_image` DISABLE KEYS */;
INSERT INTO `banner_image` (`banner_image_id`, `banner_id`, `language_id`, `title`, `link`, `link_btn`, `text`, `image`, `sort_order`) VALUES
	(16, 1, 1, 'Modern1 furniture', 'index.php?route=product/manufacturer/info&manufacturer_id=7      ', 'furniture detail ', ' Modern &amp;. <br> Clean design &amp; reponsive                                 layout. Google fonts integration', '/images/catalog/gallery-2.jpg', 0),
	(17, 1, 1, 'Modern2 furniture', 'index.php?route=product/manufacturer/info&manufacturer_id=7      ', ' furniture detail ', ' Modern &amp;. <br> Clean design &amp; reponsive                                 layout. Google fonts integration', '/images/catalog/gallery-1.jpg', 0),
	(18, 1, 1, 'Modern3 furniture', 'index.php?route=product/manufacturer/info&manufacturer_id=7      ', ' furniture detail ', ' Modern &amp;. <br> Clean design &amp; reponsive                                 layout. Google fonts integration', '/images/catalog/gallery-3.jpg', 0);
/*!40000 ALTER TABLE `banner_image` ENABLE KEYS */;

-- 导出  表 cms.blog_author 结构
CREATE TABLE IF NOT EXISTS `blog_author` (
  `author_id` int(11) NOT NULL AUTO_INCREMENT,
  `user_id` int(11) NOT NULL,
  `author_group_id` int(11) NOT NULL,
  `custom` int(1) DEFAULT '0',
  `setting` text NOT NULL,
  PRIMARY KEY (`author_id`)
) ENGINE=MyISAM AUTO_INCREMENT=2 DEFAULT CHARSET=utf8;

-- 正在导出表  cms.blog_author 的数据：1 rows
/*!40000 ALTER TABLE `blog_author` DISABLE KEYS */;
INSERT INTO `blog_author` (`author_id`, `user_id`, `author_group_id`, `custom`, `setting`) VALUES
	(1, 1, 1, 0, '');
/*!40000 ALTER TABLE `blog_author` ENABLE KEYS */;

-- 导出  表 cms.blog_author_description 结构
CREATE TABLE IF NOT EXISTS `blog_author_description` (
  `author_id` int(11) NOT NULL,
  `language_id` int(11) NOT NULL,
  `name` varchar(64) NOT NULL,
  `description` text NOT NULL,
  `short_description` text NOT NULL,
  `meta_title` varchar(255) NOT NULL,
  `meta_description` text NOT NULL,
  `meta_keyword` text NOT NULL,
  `author_description_id` int(11) NOT NULL AUTO_INCREMENT,
  PRIMARY KEY (`author_description_id`)
) ENGINE=MyISAM AUTO_INCREMENT=4 DEFAULT CHARSET=utf8;

-- 正在导出表  cms.blog_author_description 的数据：1 rows
/*!40000 ALTER TABLE `blog_author_description` DISABLE KEYS */;
INSERT INTO `blog_author_description` (`author_id`, `language_id`, `name`, `description`, `short_description`, `meta_title`, `meta_description`, `meta_keyword`, `author_description_id`) VALUES
	(1, 1, 'Author', '&lt;p&gt;Lorem ipsum dolor sit amet, justo aliquid reformidans ea vel, vim porro dictas et, ut elit partem invidunt vis. Saepe melius complectitur eum ea. Zril delenit vis ut. His suavitate rationibus in, tale discere ceteros eu nec. Vel ut utamur laoreet vituperata, in discere contentiones definitionem ius.&lt;/p&gt;&lt;p&gt;Lorem Ipsum has been the industry\'s standard dummy text ever since the 1500s, when an unknown printer took a galley of type and scrambled it to make a type specimen book. It has survived not only five centuries, but also the leap into electronic typesetting, remaining essentially unchanged. It was popularised in the 1960s with the release of Letraset sheets containing Lorem Ipsum passages, and more recently with desktop publishing software like Aldus PageMaker including versions of Lorem Ipsum.&lt;/p&gt;&lt;p&gt;It is a long established fact that a reader will be distracted by the readable content of a page when looking at its layout. The point of using Lorem Ipsum is that it has a more-or-less normal distribution of letters, as opposed to using \'Content here, content here\', making it look like readable English. Many desktop publishing packages and web page editors now use Lorem Ipsum as their default model text, and a search for \'lorem ipsum\' will uncover many web sites still in their infancy. Various versions have evolved over the years, sometimes by accident, sometimes on purpose (injected humour and the like).&lt;/p&gt;', 'Lorem ipsum dolor sit amet, justo aliquid reformidans ea vel, vim porro dictas et, ut elit partem invidunt vis. Saepe melius complectitur eum ea. Zril delenit vis ut. His suavitate rationibus in, tale discere ceteros eu nec. Vel ut utamur laoreet vituperata, in discere contentiones definitionem ius.', 'Author', '', '', 3);
/*!40000 ALTER TABLE `blog_author_description` ENABLE KEYS */;

-- 导出  表 cms.blog_author_group 结构
CREATE TABLE IF NOT EXISTS `blog_author_group` (
  `author_group_id` int(11) NOT NULL AUTO_INCREMENT,
  `name` varchar(64) NOT NULL,
  `permission` text NOT NULL,
  PRIMARY KEY (`author_group_id`)
) ENGINE=MyISAM AUTO_INCREMENT=5 DEFAULT CHARSET=utf8;

-- 正在导出表  cms.blog_author_group 的数据：4 rows
/*!40000 ALTER TABLE `blog_author_group` DISABLE KEYS */;
INSERT INTO `blog_author_group` (`author_group_id`, `name`, `permission`) VALUES
	(1, 'admin', '["add_posts","edit_posts","delete_posts","edit_others_posts","delete_others_posts","add_reviews","edit_reviews","delete_reviews","add_others_reviews","edit_others_reviews","delete_others_reviews","add_authors","edit_authors","delete_authors","add_author_groups","edit_author_groups","delete_author_groups","add_categories","edit_categories","delete_categories","change_post_author"]'),
	(2, 'editor', '["add_posts","edit_posts","delete_posts","edit_others_posts","delete_others_posts","add_reviews","edit_reviews","delete_reviews","add_others_reviews","edit_others_reviews","delete_others_reviews","add_authors","edit_authors","delete_authors","add_author_groups","edit_author_groups","delete_author_groups","add_categories","edit_categories","delete_categories","change_post_author"]'),
	(3, 'author', '["add_posts","edit_posts","add_reviews","edit_reviews","delete_reviews"]'),
	(4, 'moderator', '["add_reviews","edit_reviews","delete_reviews","add_others_reviews","edit_others_reviews","delete_others_reviews"]');
/*!40000 ALTER TABLE `blog_author_group` ENABLE KEYS */;

-- 导出  表 cms.blog_category 结构
CREATE TABLE IF NOT EXISTS `blog_category` (
  `category_id` int(11) NOT NULL AUTO_INCREMENT,
  `parent_id` int(11) NOT NULL,
  `sort_order` int(3) NOT NULL,
  `image` varchar(255) DEFAULT NULL,
  `status` int(1) DEFAULT '1',
  `limit_access_user` int(1) NOT NULL DEFAULT '0',
  `limit_users` text,
  `limit_access_user_group` int(1) NOT NULL DEFAULT '0',
  `limit_user_groups` text,
  `custom` int(1) DEFAULT '0',
  `setting` text NOT NULL,
  `date_added` datetime NOT NULL,
  `date_modified` datetime NOT NULL,
  PRIMARY KEY (`category_id`)
) ENGINE=MyISAM AUTO_INCREMENT=8 DEFAULT CHARSET=utf8;

-- 正在导出表  cms.blog_category 的数据：7 rows
/*!40000 ALTER TABLE `blog_category` DISABLE KEYS */;
INSERT INTO `blog_category` (`category_id`, `parent_id`, `sort_order`, `image`, `status`, `limit_access_user`, `limit_users`, `limit_access_user_group`, `limit_user_groups`, `custom`, `setting`, `date_added`, `date_modified`) VALUES
	(1, 0, 1, 'catalog/d_blog_module/category/Photo_blog_17.jpg', 1, 0, NULL, 0, NULL, 0, '', '2016-04-09 11:28:15', '2016-04-18 18:16:48'),
	(2, 1, 1, 'catalog/d_blog_module/category/Photo_blog_16.jpg', 1, 0, NULL, 0, NULL, 0, '', '2016-04-14 11:48:47', '2016-04-15 08:30:35'),
	(3, 1, 1, 'catalog/d_blog_module/category/Photo_blog_13.jpg', 1, 0, NULL, 0, NULL, 0, '', '2016-04-14 11:49:10', '2016-04-15 08:29:54'),
	(4, 1, 1, 'catalog/d_blog_module/category/Photo_blog_14.jpg', 1, 0, NULL, 0, NULL, 0, '', '2016-04-14 13:33:15', '2016-04-15 08:30:54'),
	(5, 1, 1, 'catalog/d_blog_module/category/Photo_blog_11.jpg', 1, 0, NULL, 0, NULL, 0, '', '2016-04-14 13:34:30', '2016-04-14 13:56:13'),
	(6, 1, 1, 'catalog/d_blog_module/category/Photo_blog_15.jpg', 1, 0, NULL, 0, NULL, 0, '', '2016-04-14 13:50:33', '2016-04-15 08:31:08'),
	(7, 1, 1, 'catalog/d_blog_module/category/Photo_blog_12.jpg', 1, 0, NULL, 0, NULL, 0, '', '2016-04-14 13:52:36', '2016-04-15 08:30:19');
/*!40000 ALTER TABLE `blog_category` ENABLE KEYS */;

-- 导出  表 cms.blog_category_description 结构
CREATE TABLE IF NOT EXISTS `blog_category_description` (
  `category_description_id` int(11) NOT NULL AUTO_INCREMENT,
  `category_id` int(11) NOT NULL,
  `language_id` int(11) NOT NULL,
  `title` varchar(255) NOT NULL,
  `short_description` text NOT NULL,
  `description` text NOT NULL,
  `meta_title` varchar(255) NOT NULL,
  `meta_keyword` text NOT NULL,
  `meta_description` text NOT NULL,
  PRIMARY KEY (`category_description_id`)
) ENGINE=MyISAM AUTO_INCREMENT=8 DEFAULT CHARSET=utf8;

-- 正在导出表  cms.blog_category_description 的数据：7 rows
/*!40000 ALTER TABLE `blog_category_description` DISABLE KEYS */;
INSERT INTO `blog_category_description` (`category_description_id`, `category_id`, `language_id`, `title`, `short_description`, `description`, `meta_title`, `meta_keyword`, `meta_description`) VALUES
	(1, 1, 1, 'Blog', 'Lorem ipsum dolor sit amet, justo aliquid reformidans ea vel, vim porro dictas et, ut elit partem invidunt vis. Saepe melius complectitur eum ea. Zril delenit vis ut. His suavitate rationibus in, tale discere ceteros eu nec. Vel ut utamur laoreet vituperata, in discere contentiones definitionem ius.', '&lt;p&gt;Lorem ipsum dolor sit amet, an eleifend intellegat cum, ei amet tota modus nec. Vix ut veniam placerat, an nam amet legere consequat, vix nulla labores ne. Eam invidunt imperdiet persecuti ne, et mel aperiri feugait, in alterum facilisi mel. Et ullum scripserit usu, has ullum offendit ut. An feugait expetendis has.&lt;br&gt;&lt;/p&gt;', 'Jeans', '', 'Lorem ipsum dolor sit amet, an eleifend intellegat cum, ei amet tota modus nec. Vix ut veniam placerat, an nam amet legere consequat, vix nulla labores ne. Eam invidunt imperdiet persecuti ne, et mel aperiri feugait, in alterum facilisi mel. Et ullum scripserit usu, has ullum offendit ut. An feugait expetendis has.'),
	(2, 2, 1, 'Jeans', 'Lorem ipsum dolor sit amet, justo aliquid reformidans ea vel, vim porro dictas et, ut elit partem invidunt vis. Saepe melius complectitur eum ea. Zril delenit vis ut. His suavitate rationibus in, tale discere ceteros eu nec. Vel ut utamur laoreet vituperata, in discere contentiones definitionem ius.', '&lt;p&gt;Lorem ipsum dolor sit amet, an eleifend intellegat cum, ei amet tota modus nec. Vix ut veniam placerat, an nam amet legere consequat, vix nulla labores ne. Eam invidunt imperdiet persecuti ne, et mel aperiri feugait, in alterum facilisi mel. Et ullum scripserit usu, has ullum offendit ut. An feugait expetendis has.&lt;br&gt;&lt;/p&gt;', 'Jeans', '', 'Lorem ipsum dolor sit amet, an eleifend intellegat cum, ei amet tota modus nec. Vix ut veniam placerat, an nam amet legere consequat, vix nulla labores ne. Eam invidunt imperdiet persecuti ne, et mel aperiri feugait, in alterum facilisi mel. Et ullum scripserit usu, has ullum offendit ut. An feugait expetendis has.'),
	(3, 3, 1, 'Bags', 'Lorem ipsum dolor sit amet, justo aliquid reformidans ea vel, vim porro dictas et, ut elit partem invidunt vis. Saepe melius complectitur eum ea. Zril delenit vis ut. His suavitate rationibus in, tale discere ceteros eu nec. Vel ut utamur laoreet vituperata, in discere contentiones definitionem ius.', '&lt;p&gt;Lorem ipsum dolor sit amet, an eleifend intellegat cum, ei amet tota modus nec. Vix ut veniam placerat, an nam amet legere consequat, vix nulla labores ne. Eam invidunt imperdiet persecuti ne, et mel aperiri feugait, in alterum facilisi mel. Et ullum scripserit usu, has ullum offendit ut. An feugait expetendis has.&lt;br&gt;&lt;/p&gt;', 'Bags', '', 'Lorem ipsum dolor sit amet, an eleifend intellegat cum, ei amet tota modus nec. Vix ut veniam placerat, an nam amet legere consequat, vix nulla labores ne. Eam invidunt imperdiet persecuti ne, et mel aperiri feugait, in alterum facilisi mel. Et ullum scripserit usu, has ullum offendit ut. An feugait expetendis has.'),
	(4, 4, 1, 'Shoes', 'Lorem ipsum dolor sit amet, justo aliquid reformidans ea vel, vim porro dictas et, ut elit partem invidunt vis. Saepe melius complectitur eum ea. Zril delenit vis ut. His suavitate rationibus in, tale discere ceteros eu nec. Vel ut utamur laoreet vituperata, in discere contentiones definitionem ius.', '&lt;p&gt;Lorem ipsum dolor sit amet, an eleifend intellegat cum, ei amet tota modus nec. Vix ut veniam placerat, an nam amet legere consequat, vix nulla labores ne. Eam invidunt imperdiet persecuti ne, et mel aperiri feugait, in alterum facilisi mel. Et ullum scripserit usu, has ullum offendit ut. An feugait expetendis has.&lt;br&gt;&lt;/p&gt;', 'Shoes', '', 'Lorem ipsum dolor sit amet, an eleifend intellegat cum, ei amet tota modus nec. Vix ut veniam placerat, an nam amet legere consequat, vix nulla labores ne. Eam invidunt imperdiet persecuti ne, et mel aperiri feugait, in alterum facilisi mel. Et ullum scripserit usu, has ullum offendit ut. An feugait expetendis has.'),
	(5, 5, 1, 'Accessories', 'Lorem ipsum dolor sit amet, justo aliquid reformidans ea vel, vim porro dictas et, ut elit partem invidunt vis. Saepe melius complectitur eum ea. Zril delenit vis ut. His suavitate rationibus in, tale discere ceteros eu nec. Vel ut utamur laoreet vituperata, in discere contentiones definitionem ius.', '&lt;p&gt;Tincidunt dissentiet adversarium eu mei. Per assum soluta iudicabit no, ne mei congue alterum theophrastus, eam ei tale accusamus laboramus. Elit platonem vix ex. Nostrum instructior eam ea, ius posse deserunt sapientem ad, iriure gubergren eu mei. Modus meliore pertinacia usu te, eos viris cetero laoreet cu. Quo laudem apeirian euripidis cu.&lt;br&gt;&lt;/p&gt;', 'Accessories', '', 'Tincidunt dissentiet adversarium eu mei. Per assum soluta iudicabit no, ne mei congue alterum theophrastus, eam ei tale accusamus laboramus. Elit platonem vix ex. Nostrum instructior eam ea, ius posse deserunt sapientem ad, iriure gubergren eu mei. Modus meliore pertinacia usu te, eos viris cetero laoreet cu. Quo laudem apeirian euripidis cu.'),
	(6, 6, 1, 'Sport', 'Lorem ipsum dolor sit amet, justo aliquid reformidans ea vel, vim porro dictas et, ut elit partem invidunt vis. Saepe melius complectitur eum ea. Zril delenit vis ut. His suavitate rationibus in, tale discere ceteros eu nec. Vel ut utamur laoreet vituperata, in discere contentiones definitionem ius.', '&lt;p&gt;Exerci conceptam an pri. Mei id dicant commune legendos, ullum augue prodesset vim id. Nam sale euismod ut, eos ut agam meis comprehensam, an mel harum tamquam intellegam. In eius putent facilis nec, pro probo temporibus ei, falli fuisset sea ad. No his doming erroribus, ex alii atomorum neglegentur est, ea eam erat illum.&lt;br&gt;&lt;/p&gt;', 'Sport', '', 'Exerci conceptam an pri. Mei id dicant commune legendos, ullum augue prodesset vim id. Nam sale euismod ut, eos ut agam meis comprehensam, an mel harum tamquam intellegam. In eius putent facilis nec, pro probo temporibus ei, falli fuisset sea ad. No his doming erroribus, ex alii atomorum neglegentur est, ea eam erat illum.'),
	(7, 7, 1, 'Beauty', 'Lorem ipsum dolor sit amet, justo aliquid reformidans ea vel, vim porro dictas et, ut elit partem invidunt vis. Saepe melius complectitur eum ea. Zril delenit vis ut. His suavitate rationibus in, tale discere ceteros eu nec. Vel ut utamur laoreet vituperata, in discere contentiones definitionem ius.', '&lt;p&gt;Exerci conceptam an pri. Mei id dicant commune legendos, ullum augue prodesset vim id. Nam sale euismod ut, eos ut agam meis comprehensam, an mel harum tamquam intellegam. In eius putent facilis nec, pro probo temporibus ei, falli fuisset sea ad. No his doming erroribus, ex alii atomorum neglegentur est, ea eam erat illum.&lt;br&gt;&lt;/p&gt;', 'Beauty', '', 'Exerci conceptam an pri. Mei id dicant commune legendos, ullum augue prodesset vim id. Nam sale euismod ut, eos ut agam meis comprehensam, an mel harum tamquam intellegam. In eius putent facilis nec, pro probo temporibus ei, falli fuisset sea ad. No his doming erroribus, ex alii atomorum neglegentur est, ea eam erat illum.');
/*!40000 ALTER TABLE `blog_category_description` ENABLE KEYS */;

-- 导出  表 cms.blog_category_path 结构
CREATE TABLE IF NOT EXISTS `blog_category_path` (
  `category_id` int(11) NOT NULL,
  `path_id` int(11) NOT NULL,
  `level` int(11) NOT NULL,
  PRIMARY KEY (`category_id`,`path_id`)
) ENGINE=MyISAM DEFAULT CHARSET=utf8;

-- 正在导出表  cms.blog_category_path 的数据：13 rows
/*!40000 ALTER TABLE `blog_category_path` DISABLE KEYS */;
INSERT INTO `blog_category_path` (`category_id`, `path_id`, `level`) VALUES
	(1, 1, 0),
	(2, 1, 0),
	(2, 2, 1),
	(3, 1, 0),
	(3, 3, 1),
	(4, 4, 1),
	(5, 5, 1),
	(4, 1, 0),
	(5, 1, 0),
	(6, 1, 0),
	(6, 6, 1),
	(7, 7, 1),
	(7, 1, 0);
/*!40000 ALTER TABLE `blog_category_path` ENABLE KEYS */;

-- 导出  表 cms.blog_post 结构
CREATE TABLE IF NOT EXISTS `blog_post` (
  `post_id` int(11) NOT NULL AUTO_INCREMENT,
  `user_id` int(11) NOT NULL,
  `image` varchar(255) DEFAULT NULL,
  `image_title` varchar(255) DEFAULT NULL,
  `image_alt` varchar(255) DEFAULT NULL,
  `review_display` int(1) DEFAULT '0',
  `images_review` int(1) DEFAULT '0',
  `viewed` int(11) DEFAULT '1',
  `status` int(1) DEFAULT '1',
  `limit_access_user` int(1) NOT NULL DEFAULT '0',
  `limit_users` text,
  `limit_access_user_group` int(1) NOT NULL DEFAULT '0',
  `limit_user_groups` text,
  `custom` int(1) DEFAULT '0',
  `setting` text NOT NULL,
  `date_added` datetime NOT NULL,
  `date_published` datetime NOT NULL,
  `date_modified` datetime NOT NULL,
  PRIMARY KEY (`post_id`)
) ENGINE=MyISAM AUTO_INCREMENT=11 DEFAULT CHARSET=utf8;

-- 正在导出表  cms.blog_post 的数据：10 rows
/*!40000 ALTER TABLE `blog_post` DISABLE KEYS */;
INSERT INTO `blog_post` (`post_id`, `user_id`, `image`, `image_title`, `image_alt`, `review_display`, `images_review`, `viewed`, `status`, `limit_access_user`, `limit_users`, `limit_access_user_group`, `limit_user_groups`, `custom`, `setting`, `date_added`, `date_published`, `date_modified`) VALUES
	(1, 1, 'catalog/d_blog_module/post/Photo_blog_6.jpg', NULL, NULL, 0, 0, 183, 1, 0, NULL, 0, NULL, 0, '', '2016-04-13 11:00:05', '2016-04-24 00:00:00', '2016-04-27 19:09:25'),
	(2, 1, 'catalog/d_blog_module/post/Photo_blog_3.jpg', NULL, NULL, 0, 0, 22, 1, 0, NULL, 0, NULL, 0, '', '2016-04-13 11:15:37', '2016-04-23 00:00:00', '2016-04-27 19:08:17'),
	(3, 1, 'catalog/d_blog_module/post/Photo_blog_8.jpg', NULL, NULL, 0, 0, 15, 1, 0, NULL, 0, NULL, 0, '', '2016-04-13 11:24:30', '2016-04-23 00:00:00', '2016-04-27 19:10:06'),
	(4, 1, 'catalog/d_blog_module/post/Photo_blog_2.jpg', NULL, NULL, 0, 0, 13, 1, 0, NULL, 0, NULL, 0, '', '2016-04-13 11:27:08', '2016-04-23 00:00:00', '2016-04-27 19:08:54'),
	(5, 1, 'catalog/d_blog_module/post/Photo_blog_1.jpg', NULL, NULL, 0, 0, 37, 1, 0, NULL, 0, NULL, 0, '', '2016-04-13 11:32:03', '2016-04-26 00:00:00', '2016-04-27 19:08:33'),
	(6, 1, 'catalog/d_blog_module/post/Photo_blog_4.jpg', NULL, NULL, 0, 0, 10, 1, 0, NULL, 0, NULL, 0, '', '2016-04-13 11:35:22', '2016-04-24 00:00:00', '2016-04-27 19:10:21'),
	(7, 1, 'catalog/d_blog_module/post/Photo_blog_5.jpg', NULL, NULL, 0, 0, 10, 1, 0, NULL, 0, NULL, 0, '', '2016-04-13 11:37:01', '2016-04-12 00:00:00', '2016-04-27 19:09:17'),
	(8, 1, 'catalog/d_blog_module/post/Photo_blog_10.jpg', NULL, NULL, 0, 0, 14, 1, 0, NULL, 0, NULL, 0, '', '2016-04-13 11:38:46', '2016-04-23 00:00:00', '2016-04-27 18:29:00'),
	(9, 1, 'catalog/d_blog_module/post/Photo_blog_7.jpg', NULL, NULL, 0, 0, 122, 1, 0, NULL, 0, NULL, 0, '', '2016-04-13 11:40:51', '2016-04-22 00:00:00', '2016-04-27 19:09:53'),
	(10, 1, 'catalog/d_blog_module/post/Photo_blog_9.jpg', NULL, NULL, 1, 0, 148, 1, 0, NULL, 0, NULL, 0, '', '2016-04-17 11:42:08', '2016-03-16 00:00:00', '2016-04-27 19:08:06');
/*!40000 ALTER TABLE `blog_post` ENABLE KEYS */;

-- 导出  表 cms.blog_post_description 结构
CREATE TABLE IF NOT EXISTS `blog_post_description` (
  `post_description_id` int(11) NOT NULL AUTO_INCREMENT,
  `post_id` int(11) NOT NULL,
  `language_id` int(11) NOT NULL,
  `title` varchar(255) NOT NULL,
  `short_description` text NOT NULL,
  `description` text NOT NULL,
  `meta_title` varchar(255) NOT NULL,
  `meta_description` text NOT NULL,
  `meta_keyword` text NOT NULL,
  `tag` text NOT NULL,
  PRIMARY KEY (`post_description_id`)
) ENGINE=MyISAM AUTO_INCREMENT=130 DEFAULT CHARSET=utf8;

-- 正在导出表  cms.blog_post_description 的数据：10 rows
/*!40000 ALTER TABLE `blog_post_description` DISABLE KEYS */;
INSERT INTO `blog_post_description` (`post_description_id`, `post_id`, `language_id`, `title`, `short_description`, `description`, `meta_title`, `meta_description`, `meta_keyword`, `tag`) VALUES
	(127, 9, 1, 'Shopping day', 'Lorem ipsum dolor sit amet, justo aliquid reformidans ea vel, vim porro dictas et, ut elit partem invidunt vis. Saepe melius complectitur eum ea. Zril delenit vis ut. His suavitate rationibus in, tale discere ceteros eu nec. Vel ut utamur laoreet vituperata, in discere contentiones definitionem ius.', '&lt;p&gt;Lorem ipsum dolor sit amet, justo aliquid reformidans ea vel, vim porro dictas et, ut elit partem invidunt vis. Saepe melius complectitur eum ea. Zril delenit vis ut. His suavitate rationibus in, tale discere ceteros eu nec. Vel ut utamur laoreet vituperata, in discere contentiones definitionem ius.&lt;/p&gt;&lt;p&gt;Lorem Ipsum has been the industry\'s standard dummy text ever since the 1500s, when an unknown printer took a galley of type and scrambled it to make a type specimen book. It has survived not only five centuries, but also the leap into electronic typesetting, remaining essentially unchanged. It was popularised in the 1960s with the release of Letraset sheets containing Lorem Ipsum passages, and more recently with desktop publishing software like Aldus PageMaker including versions of Lorem Ipsum.&lt;/p&gt;&lt;p&gt;It is a long established fact that a reader will be distracted by the readable content of a page when looking at its layout. The point of using Lorem Ipsum is that it has a more-or-less normal distribution of letters, as opposed to using \'Content here, content here\', making it look like readable English. Many desktop publishing packages and web page editors now use Lorem Ipsum as their default model text, and a search for \'lorem ipsum\' will uncover many web sites still in their infancy. Various versions have evolved over the years, sometimes by accident, sometimes on purpose (injected humour and the like).&lt;/p&gt;&lt;p&gt;&lt;br&gt;&lt;/p&gt;', 'Shopping day', '', '', 'vocation,look,summer'),
	(125, 1, 1, 'My latest adventure', 'Vivamus efficitur libero quis arcu gravida, porttitor fermentum sapien suscipit. Nullam mattis, felis ut vehicula malesuada, nulla velit maximus velit, imperdiet tempus felis urna consequat mauris. Fusce et sollicitudin felis. In pulvinar ante eu arcu placerat mattis. Nunc quis aliquet augue.', '		\r\n&lt;p&gt;The purpose of this HTML is to help determine what default settings are with CSS and to make sure that all possible HTML Elements are included in this HTML so as to not miss any possible Elements when designing a site.&lt;br&gt;&lt;/p&gt;\r\n&lt;hr&gt;\r\n&lt;h1&gt;Heading 1&lt;/h1&gt;\r\n&lt;h2&gt;Heading 2&lt;/h2&gt;\r\n&lt;h3&gt;Heading 3&lt;/h3&gt;\r\n&lt;h4&gt;Heading 4&lt;/h4&gt;\r\n&lt;h5&gt;Heading 5&lt;/h5&gt;\r\n&lt;h6&gt;Heading 6&lt;/h6&gt;\r\n&lt;p&gt;&lt;br&gt;&lt;/p&gt;\r\n&lt;hr&gt;\r\n&lt;h2 id=&quot;paragraph&quot;&gt;Paragraph&lt;/h2&gt;\r\n&lt;p&gt;Lorem ipsum dolor sit amet, &lt;a href=&quot;#&quot; title=&quot;test link&quot;&gt;test link&lt;/a&gt; adipiscing elit. Nullam dignissim convallis est. Quisque aliquam. Donec faucibus. Nunc iaculis suscipit dui. Nam sit amet sem. Aliquam libero nisi, imperdiet at, tincidunt nec, gravida vehicula, nisl. Praesent mattis, massa quis luctus fermentum, turpis mi volutpat justo, eu volutpat enim diam eget metus. Maecenas ornare tortor. Donec sed tellus eget sapien fringilla nonummy. Mauris a ante. Suspendisse quam sem, consequat at, commodo vitae, feugiat in, nunc. Morbi imperdiet augue quis tellus.&lt;/p&gt;\r\n&lt;p&gt;Lorem ipsum dolor sit amet, &lt;em&gt;emphasis&lt;/em&gt; consectetuer adipiscing elit. Nullam dignissim convallis est. Quisque aliquam. Donec faucibus. Nunc iaculis suscipit dui. Nam sit amet sem. Aliquam libero nisi, imperdiet at, tincidunt nec, gravida vehicula, nisl. Praesent mattis, massa quis luctus fermentum, turpis mi volutpat justo, eu volutpat enim diam eget metus. Maecenas ornare tortor. Donec sed tellus eget sapien fringilla nonummy. Mauris a ante. Suspendisse quam sem, consequat at, commodo vitae, feugiat in, nunc. Morbi imperdiet augue quis tellus.&lt;/p&gt;\r\n&lt;p&gt;&lt;br&gt;&lt;/p&gt;\r\n&lt;hr&gt;\r\n&lt;h2 id=&quot;list_types&quot;&gt;List Types&lt;/h2&gt;\r\n&lt;h3&gt;Definition List&lt;/h3&gt;\r\n&lt;dl&gt;\r\n&lt;dt&gt;Definition List Title&lt;/dt&gt;\r\n&lt;dd&gt;This is a definition list division.&lt;/dd&gt;\r\n&lt;/dl&gt;\r\n&lt;h3&gt;Ordered List&lt;/h3&gt;\r\n&lt;ol&gt;\r\n&lt;li&gt;List Item 1&lt;/li&gt;\r\n&lt;li&gt;List Item 2&lt;/li&gt;\r\n&lt;li&gt;List Item 3&lt;/li&gt;\r\n&lt;/ol&gt;\r\n&lt;h3&gt;Unordered List&lt;/h3&gt;\r\n&lt;ul&gt;\r\n&lt;li&gt;List Item 1&lt;/li&gt;\r\n&lt;li&gt;List Item 2&lt;/li&gt;\r\n&lt;li&gt;List Item 3&lt;/li&gt;\r\n&lt;/ul&gt;\r\n&lt;p&gt;&lt;br&gt;&lt;/p&gt;\r\n&lt;hr&gt;\r\n&lt;h2 id=&quot;form_elements&quot;&gt;Forms&lt;/h2&gt;\r\n&lt;fieldset&gt;\r\n&lt;legend&gt;Legend&lt;/legend&gt;\r\n&lt;p&gt;Lorem ipsum dolor sit amet, consectetuer adipiscing elit. Nullam dignissim convallis est. Quisque aliquam. Donec faucibus. Nunc iaculis suscipit dui. Nam sit amet sem. Aliquam libero nisi, imperdiet at, tincidunt nec, gravida vehicula, nisl. Praesent mattis, massa quis luctus fermentum, turpis mi volutpat justo, eu volutpat enim diam eget metus.&lt;/p&gt;\r\n\r\n&lt;h2&gt;&lt;br&gt;&lt;/h2&gt;&lt;h2&gt;Image&lt;/h2&gt;\r\n&lt;p&gt;Lorem ipsum dolor sit amet, consectetuer adipiscing elit. Nullam dignissim convallis est. Quisque aliquam. Donec faucibus. Nunc iaculis suscipit dui.&lt;/p&gt;&lt;p&gt;&lt;br&gt;&lt;/p&gt;&lt;p&gt;&lt;img src=&quot;https://opencart.dreamvention.com/220/d_blog_module/image/cache/catalog/d_blog_module/post/Photo_blog_3-1400x875.jpg&quot; class=&quot;img-responsive&quot;&gt;&lt;br&gt;&lt;/p&gt;&lt;/fieldset&gt;\r\n&lt;hr&gt;\r\n&lt;h2 id=&quot;tables&quot;&gt;Tables&lt;/h2&gt;\r\n&lt;table class=&quot;table table-bordered&quot;&gt;\r\n&lt;tbody&gt;&lt;tr&gt;\r\n&lt;th&gt;Table Header 1&lt;/th&gt;\r\n&lt;th&gt;Table Header 2&lt;/th&gt;\r\n&lt;th&gt;Table Header 3&lt;/th&gt;\r\n&lt;/tr&gt;\r\n&lt;tr&gt;\r\n&lt;td&gt;Division 1&lt;/td&gt;\r\n&lt;td&gt;Division 2&lt;/td&gt;\r\n&lt;td&gt;Division 3&lt;/td&gt;\r\n&lt;/tr&gt;\r\n&lt;tr class=&quot;even&quot;&gt;\r\n&lt;td&gt;Division 1&lt;/td&gt;\r\n&lt;td&gt;Division 2&lt;/td&gt;\r\n&lt;td&gt;Division 3&lt;/td&gt;\r\n&lt;/tr&gt;\r\n&lt;tr&gt;\r\n&lt;td&gt;Division 1&lt;/td&gt;\r\n&lt;td&gt;Division 2&lt;/td&gt;\r\n&lt;td&gt;Division 3&lt;/td&gt;\r\n&lt;/tr&gt;\r\n&lt;/tbody&gt;&lt;/table&gt;\r\n&lt;p&gt;&lt;br&gt;&lt;/p&gt;\r\n&lt;hr&gt;\r\n&lt;h2 id=&quot;misc&quot;&gt;Misc Stuff – abbr, acronym, pre, code, sub, sup, etc.&lt;/h2&gt;\r\n&lt;p&gt;Lorem &lt;sup&gt;superscript&lt;/sup&gt; dolor &lt;sub&gt;subscript&lt;/sub&gt; amet, consectetuer adipiscing elit. Nullam dignissim convallis est. Quisque aliquam. &lt;cite&gt;cite&lt;/cite&gt;. Nunc iaculis suscipit dui. Nam sit amet sem. Aliquam libero nisi, imperdiet at, tincidunt nec, gravida vehicula, nisl. Praesent mattis, massa quis luctus fermentum, turpis mi volutpat justo, eu volutpat enim diam eget metus. Maecenas ornare tortor. Donec sed tellus eget sapien fringilla nonummy. &lt;acronym title=&quot;National Basketball Association&quot;&gt;NBA&lt;/acronym&gt; Mauris a ante. Suspendisse quam sem, consequat at, commodo vitae, feugiat in, nunc. Morbi imperdiet augue quis tellus.  &lt;abbr title=&quot;Avenue&quot;&gt;AVE&lt;/abbr&gt;&lt;/p&gt;\r\n&lt;pre&gt;&lt;p&gt;\r\nLorem ipsum dolor sit amet,\r\n consectetuer adipiscing elit.\r\n Nullam dignissim convallis est.\r\n Quisque aliquam. Donec faucibus. \r\nNunc iaculis suscipit dui. \r\nNam sit amet sem. \r\nAliquam libero nisi, imperdiet at,\r\n tincidunt nec, gravida vehicula,\r\n nisl. \r\nPraesent mattis, massa quis \r\nluctus fermentum, turpis mi \r\nvolutpat justo, eu volutpat \r\nenim diam eget metus. \r\nMaecenas ornare tortor. \r\nDonec sed tellus eget sapien\r\n fringilla nonummy. \r\n&lt;acronym title=&quot;National Basketball Association&quot;&gt;NBA&lt;/acronym&gt; \r\nMauris a ante. Suspendisse\r\n quam sem, consequat at, \r\ncommodo vitae, feugiat in, \r\nnunc. Morbi imperdiet augue\r\n quis tellus.  \r\n&lt;abbr title=&quot;Avenue&quot;&gt;AVE&lt;/abbr&gt;&lt;/p&gt;&lt;/pre&gt;\r\n&lt;blockquote&gt;&lt;p&gt;\r\n	“This stylesheet is going to help so freaking much.” &lt;br&gt;-Blockquote\r\n&lt;/p&gt;&lt;/blockquote&gt;\r\n&lt;p&gt;&lt;br&gt;\r\n&lt;!-- End of Sample Content --&gt;&lt;/p&gt;\r\n', 'My latest adventure', '', '', 'summer,sale,day off'),
	(120, 10, 1, 'Amazing day', 'Lorem ipsum dolor sit amet, justo aliquid reformidans ea vel, vim porro dictas et, ut elit partem invidunt vis. Saepe melius complectitur eum ea. Zril delenit vis ut. His suavitate rationibus in, tale discere ceteros eu nec. Vel ut utamur laoreet vituperata, in discere contentiones definitionem ius.', '&lt;p&gt;Lorem ipsum dolor sit amet, justo aliquid reformidans ea vel, vim porro dictas et, ut elit partem invidunt vis. Saepe melius complectitur eum ea. Zril delenit vis ut. His suavitate rationibus in, tale discere ceteros eu nec. Vel ut utamur laoreet vituperata, in discere contentiones definitionem ius.&lt;/p&gt;&lt;p&gt;Lorem Ipsum has been the industry\'s standard dummy text ever since the 1500s, when an unknown printer took a galley of type and scrambled it to make a type specimen book. It has survived not only five centuries, but also the leap into electronic typesetting, remaining essentially unchanged. It was popularised in the 1960s with the release of Letraset sheets containing Lorem Ipsum passages, and more recently with desktop publishing software like Aldus PageMaker including versions of Lorem Ipsum.&lt;/p&gt;&lt;p&gt;It is a long established fact that a reader will be distracted by the readable content of a page when looking at its layout. The point of using Lorem Ipsum is that it has a more-or-less normal distribution of letters, as opposed to using \'Content here, content here\', making it look like readable English. Many desktop publishing packages and web page editors now use Lorem Ipsum as their default model text, and a search for \'lorem ipsum\' will uncover many web sites still in their infancy. Various versions have evolved over the years, sometimes by accident, sometimes on purpose (injected humour and the like).&lt;/p&gt;&lt;p&gt;&lt;br&gt;&lt;/p&gt;', 'Amazing day', '', '', 'vocation,holiday,day off,look'),
	(121, 2, 1, 'Big sale this summer', 'Lorem ipsum dolor sit amet, justo aliquid reformidans ea vel, vim porro dictas et, ut elit partem invidunt vis. Saepe melius complectitur eum ea. Zril delenit vis ut. His suavitate rationibus in, tale discere ceteros eu nec. Vel ut utamur laoreet vituperata, in discere contentiones definitionem ius.', '&lt;p&gt;Lorem ipsum dolor sit amet, justo aliquid reformidans ea vel, vim porro dictas et, ut elit partem invidunt vis. Saepe melius complectitur eum ea. Zril delenit vis ut. His suavitate rationibus in, tale discere ceteros eu nec. Vel ut utamur laoreet vituperata, in discere contentiones definitionem ius.&lt;/p&gt;&lt;p&gt;Lorem Ipsum has been the industry\'s standard dummy text ever since the 1500s, when an unknown printer took a galley of type and scrambled it to make a type specimen book. It has survived not only five centuries, but also the leap into electronic typesetting, remaining essentially unchanged. It was popularised in the 1960s with the release of Letraset sheets containing Lorem Ipsum passages, and more recently with desktop publishing software like Aldus PageMaker including versions of Lorem Ipsum.&lt;/p&gt;&lt;p&gt;It is a long established fact that a reader will be distracted by the readable content of a page when looking at its layout. The point of using Lorem Ipsum is that it has a more-or-less normal distribution of letters, as opposed to using \'Content here, content here\', making it look like readable English. Many desktop publishing packages and web page editors now use Lorem Ipsum as their default model text, and a search for \'lorem ipsum\' will uncover many web sites still in their infancy. Various versions have evolved over the years, sometimes by accident, sometimes on purpose (injected humour and the like).&lt;/p&gt;&lt;p&gt;&lt;br&gt;&lt;/p&gt;', 'Big sale this summer', '', 'big-sale-this-summer', 'look'),
	(122, 5, 1, 'Fashion in city', 'Lorem ipsum dolor sit amet, justo aliquid reformidans ea vel, vim porro dictas et, ut elit partem invidunt vis. Saepe melius complectitur eum ea. Zril delenit vis ut. His suavitate rationibus in, tale discere ceteros eu nec. Vel ut utamur laoreet vituperata, in discere contentiones definitionem ius.', '&lt;p&gt;Lorem ipsum dolor sit amet, justo aliquid reformidans ea vel, vim porro dictas et, ut elit partem invidunt vis. Saepe melius complectitur eum ea. Zril delenit vis ut. His suavitate rationibus in, tale discere ceteros eu nec. Vel ut utamur laoreet vituperata, in discere contentiones definitionem ius.&lt;/p&gt;&lt;p&gt;Lorem Ipsum has been the industry\'s standard dummy text ever since the 1500s, when an unknown printer took a galley of type and scrambled it to make a type specimen book. It has survived not only five centuries, but also the leap into electronic typesetting, remaining essentially unchanged. It was popularised in the 1960s with the release of Letraset sheets containing Lorem Ipsum passages, and more recently with desktop publishing software like Aldus PageMaker including versions of Lorem Ipsum.&lt;/p&gt;&lt;p&gt;It is a long established fact that a reader will be distracted by the readable content of a page when looking at its layout. The point of using Lorem Ipsum is that it has a more-or-less normal distribution of letters, as opposed to using \'Content here, content here\', making it look like readable English. Many desktop publishing packages and web page editors now use Lorem Ipsum as their default model text, and a search for \'lorem ipsum\' will uncover many web sites still in their infancy. Various versions have evolved over the years, sometimes by accident, sometimes on purpose (injected humour and the like).&lt;/p&gt;&lt;p&gt;&lt;br&gt;&lt;/p&gt;', 'Fashion in city', '', '', '	vocation,summer,day off'),
	(123, 4, 1, 'Favorite look', 'Lorem ipsum dolor sit amet, justo aliquid reformidans ea vel, vim porro dictas et, ut elit partem invidunt vis. Saepe melius complectitur eum ea. Zril delenit vis ut. His suavitate rationibus in, tale discere ceteros eu nec. Vel ut utamur laoreet vituperata, in discere contentiones definitionem ius.', '&lt;p&gt;Lorem ipsum dolor sit amet, justo aliquid reformidans ea vel, vim porro dictas et, ut elit partem invidunt vis. Saepe melius complectitur eum ea. Zril delenit vis ut. His suavitate rationibus in, tale discere ceteros eu nec. Vel ut utamur laoreet vituperata, in discere contentiones definitionem ius.&lt;/p&gt;&lt;p&gt;Lorem Ipsum has been the industry\'s standard dummy text ever since the 1500s, when an unknown printer took a galley of type and scrambled it to make a type specimen book. It has survived not only five centuries, but also the leap into electronic typesetting, remaining essentially unchanged. It was popularised in the 1960s with the release of Letraset sheets containing Lorem Ipsum passages, and more recently with desktop publishing software like Aldus PageMaker including versions of Lorem Ipsum.&lt;/p&gt;&lt;p&gt;It is a long established fact that a reader will be distracted by the readable content of a page when looking at its layout. The point of using Lorem Ipsum is that it has a more-or-less normal distribution of letters, as opposed to using \'Content here, content here\', making it look like readable English. Many desktop publishing packages and web page editors now use Lorem Ipsum as their default model text, and a search for \'lorem ipsum\' will uncover many web sites still in their infancy. Various versions have evolved over the years, sometimes by accident, sometimes on purpose (injected humour and the like).&lt;/p&gt;&lt;p&gt;&lt;br&gt;&lt;/p&gt;', 'Favorite look', '', '', '	photo,day off,look'),
	(114, 8, 1, 'Favorite photo', 'Lorem ipsum dolor sit amet, justo aliquid reformidans ea vel, vim porro dictas et, ut elit partem invidunt vis. Saepe melius complectitur eum ea. Zril delenit vis ut. His suavitate rationibus in, tale discere ceteros eu nec. Vel ut utamur laoreet vituperata, in discere contentiones definitionem ius.', '&lt;p&gt;Lorem ipsum dolor sit amet, justo aliquid reformidans ea vel, vim porro dictas et, ut elit partem invidunt vis. Saepe melius complectitur eum ea. Zril delenit vis ut. His suavitate rationibus in, tale discere ceteros eu nec. Vel ut utamur laoreet vituperata, in discere contentiones definitionem ius.&lt;/p&gt;&lt;p&gt;Lorem Ipsum has been the industry\'s standard dummy text ever since the 1500s, when an unknown printer took a galley of type and scrambled it to make a type specimen book. It has survived not only five centuries, but also the leap into electronic typesetting, remaining essentially unchanged. It was popularised in the 1960s with the release of Letraset sheets containing Lorem Ipsum passages, and more recently with desktop publishing software like Aldus PageMaker including versions of Lorem Ipsum.&lt;/p&gt;&lt;p&gt;It is a long established fact that a reader will be distracted by the readable content of a page when looking at its layout. The point of using Lorem Ipsum is that it has a more-or-less normal distribution of letters, as opposed to using \'Content here, content here\', making it look like readable English. Many desktop publishing packages and web page editors now use Lorem Ipsum as their default model text, and a search for \'lorem ipsum\' will uncover many web sites still in their infancy. Various versions have evolved over the years, sometimes by accident, sometimes on purpose (injected humour and the like).&lt;/p&gt;&lt;p&gt;&lt;br&gt;&lt;/p&gt;', 'Favorite photo', '', '', 'day off,vocation,look'),
	(124, 7, 1, 'Fragments of life', 'Lorem ipsum dolor sit amet, justo aliquid reformidans ea vel, vim porro dictas et, ut elit partem invidunt vis. Saepe melius complectitur eum ea. Zril delenit vis ut. His suavitate rationibus in, tale discere ceteros eu nec. Vel ut utamur laoreet vituperata, in discere contentiones definitionem ius.', '&lt;p&gt;Lorem ipsum dolor sit amet, justo aliquid reformidans ea vel, vim porro dictas et, ut elit partem invidunt vis. Saepe melius complectitur eum ea. Zril delenit vis ut. His suavitate rationibus in, tale discere ceteros eu nec. Vel ut utamur laoreet vituperata, in discere contentiones definitionem ius.&lt;/p&gt;&lt;p&gt;Lorem Ipsum has been the industry\'s standard dummy text ever since the 1500s, when an unknown printer took a galley of type and scrambled it to make a type specimen book. It has survived not only five centuries, but also the leap into electronic typesetting, remaining essentially unchanged. It was popularised in the 1960s with the release of Letraset sheets containing Lorem Ipsum passages, and more recently with desktop publishing software like Aldus PageMaker including versions of Lorem Ipsum.&lt;/p&gt;&lt;p&gt;It is a long established fact that a reader will be distracted by the readable content of a page when looking at its layout. The point of using Lorem Ipsum is that it has a more-or-less normal distribution of letters, as opposed to using \'Content here, content here\', making it look like readable English. Many desktop publishing packages and web page editors now use Lorem Ipsum as their default model text, and a search for \'lorem ipsum\' will uncover many web sites still in their infancy. Various versions have evolved over the years, sometimes by accident, sometimes on purpose (injected humour and the like).&lt;/p&gt;&lt;p&gt;&lt;br&gt;&lt;/p&gt;', 'Fragments of life', '', '', 'look,photo'),
	(129, 6, 1, 'Photography', 'Lorem ipsum dolor sit amet, justo aliquid reformidans ea vel, vim porro dictas et, ut elit partem invidunt vis. Saepe melius complectitur eum ea. Zril delenit vis ut. His suavitate rationibus in, tale discere ceteros eu nec. Vel ut utamur laoreet vituperata, in discere contentiones definitionem ius.', '&lt;p&gt;Lorem ipsum dolor sit amet, justo aliquid reformidans ea vel, vim porro dictas et, ut elit partem invidunt vis. Saepe melius complectitur eum ea. Zril delenit vis ut. His suavitate rationibus in, tale discere ceteros eu nec. Vel ut utamur laoreet vituperata, in discere contentiones definitionem ius.&lt;/p&gt;&lt;p&gt;Lorem Ipsum has been the industry\'s standard dummy text ever since the 1500s, when an unknown printer took a galley of type and scrambled it to make a type specimen book. It has survived not only five centuries, but also the leap into electronic typesetting, remaining essentially unchanged. It was popularised in the 1960s with the release of Letraset sheets containing Lorem Ipsum passages, and more recently with desktop publishing software like Aldus PageMaker including versions of Lorem Ipsum.&lt;/p&gt;&lt;p&gt;It is a long established fact that a reader will be distracted by the readable content of a page when looking at its layout. The point of using Lorem Ipsum is that it has a more-or-less normal distribution of letters, as opposed to using \'Content here, content here\', making it look like readable English. Many desktop publishing packages and web page editors now use Lorem Ipsum as their default model text, and a search for \'lorem ipsum\' will uncover many web sites still in their infancy. Various versions have evolved over the years, sometimes by accident, sometimes on purpose (injected humour and the like).&lt;/p&gt;&lt;p&gt;&lt;br&gt;&lt;/p&gt;', 'Photography', '', '', 'shopping,dresses,look'),
	(128, 3, 1, 'Spring mood', 'Lorem ipsum dolor sit amet, justo aliquid reformidans ea vel, vim porro dictas et, ut elit partem invidunt vis. Saepe melius complectitur eum ea. Zril delenit vis ut. His suavitate rationibus in, tale discere ceteros eu nec. Vel ut utamur laoreet vituperata, in discere contentiones definitionem ius.', '&lt;p&gt;Lorem ipsum dolor sit amet, justo aliquid reformidans ea vel, vim porro dictas et, ut elit partem invidunt vis. Saepe melius complectitur eum ea. Zril delenit vis ut. His suavitate rationibus in, tale discere ceteros eu nec. Vel ut utamur laoreet vituperata, in discere contentiones definitionem ius.&lt;/p&gt;&lt;p&gt;Lorem Ipsum has been the industry\'s standard dummy text ever since the 1500s, when an unknown printer took a galley of type and scrambled it to make a type specimen book. It has survived not only five centuries, but also the leap into electronic typesetting, remaining essentially unchanged. It was popularised in the 1960s with the release of Letraset sheets containing Lorem Ipsum passages, and more recently with desktop publishing software like Aldus PageMaker including versions of Lorem Ipsum.&lt;/p&gt;&lt;p&gt;It is a long established fact that a reader will be distracted by the readable content of a page when looking at its layout. The point of using Lorem Ipsum is that it has a more-or-less normal distribution of letters, as opposed to using \'Content here, content here\', making it look like readable English. Many desktop publishing packages and web page editors now use Lorem Ipsum as their default model text, and a search for \'lorem ipsum\' will uncover many web sites still in their infancy. Various versions have evolved over the years, sometimes by accident, sometimes on purpose (injected humour and the like).&lt;/p&gt;&lt;p&gt;&lt;br&gt;&lt;/p&gt;', 'Spring mood', '', '', '	vocation, dresses,summer');
/*!40000 ALTER TABLE `blog_post_description` ENABLE KEYS */;

-- 导出  表 cms.blog_post_related 结构
CREATE TABLE IF NOT EXISTS `blog_post_related` (
  `post_id` int(11) NOT NULL,
  `post_related_id` int(11) NOT NULL,
  PRIMARY KEY (`post_id`,`post_related_id`)
) ENGINE=MyISAM DEFAULT CHARSET=utf8;

-- 正在导出表  cms.blog_post_related 的数据：24 rows
/*!40000 ALTER TABLE `blog_post_related` DISABLE KEYS */;
INSERT INTO `blog_post_related` (`post_id`, `post_related_id`) VALUES
	(1, 3),
	(1, 7),
	(1, 10),
	(2, 7),
	(2, 9),
	(3, 1),
	(3, 10),
	(4, 5),
	(4, 7),
	(5, 3),
	(5, 8),
	(6, 2),
	(6, 9),
	(6, 10),
	(7, 1),
	(7, 4),
	(8, 4),
	(8, 5),
	(8, 6),
	(9, 4),
	(9, 5),
	(9, 7),
	(10, 2),
	(10, 6);
/*!40000 ALTER TABLE `blog_post_related` ENABLE KEYS */;

-- 导出  表 cms.blog_post_to_category 结构
CREATE TABLE IF NOT EXISTS `blog_post_to_category` (
  `post_id` int(11) NOT NULL,
  `category_id` int(11) NOT NULL,
  PRIMARY KEY (`category_id`,`post_id`)
) ENGINE=MyISAM DEFAULT CHARSET=utf8;

-- 正在导出表  cms.blog_post_to_category 的数据：23 rows
/*!40000 ALTER TABLE `blog_post_to_category` DISABLE KEYS */;
INSERT INTO `blog_post_to_category` (`post_id`, `category_id`) VALUES
	(1, 1),
	(2, 1),
	(3, 1),
	(4, 1),
	(5, 1),
	(6, 1),
	(7, 1),
	(8, 1),
	(9, 1),
	(10, 1),
	(5, 2),
	(6, 2),
	(1, 3),
	(2, 3),
	(3, 3),
	(3, 4),
	(6, 4),
	(8, 4),
	(9, 5),
	(10, 5),
	(7, 6),
	(3, 7),
	(4, 7);
/*!40000 ALTER TABLE `blog_post_to_category` ENABLE KEYS */;

-- 导出  表 cms.blog_post_to_product 结构
CREATE TABLE IF NOT EXISTS `blog_post_to_product` (
  `post_id` int(11) NOT NULL,
  `product_id` int(11) NOT NULL,
  PRIMARY KEY (`product_id`,`post_id`)
) ENGINE=MyISAM DEFAULT CHARSET=utf8;

-- 正在导出表  cms.blog_post_to_product 的数据：22 rows
/*!40000 ALTER TABLE `blog_post_to_product` DISABLE KEYS */;
INSERT INTO `blog_post_to_product` (`post_id`, `product_id`) VALUES
	(3, 28),
	(5, 28),
	(7, 28),
	(8, 28),
	(1, 30),
	(2, 30),
	(4, 30),
	(6, 30),
	(10, 30),
	(1, 41),
	(2, 41),
	(3, 41),
	(4, 41),
	(6, 41),
	(7, 41),
	(9, 41),
	(8, 42),
	(9, 42),
	(10, 42),
	(5, 47),
	(6, 47),
	(7, 47);
/*!40000 ALTER TABLE `blog_post_to_product` ENABLE KEYS */;

-- 导出  表 cms.blog_post_video 结构
CREATE TABLE IF NOT EXISTS `blog_post_video` (
  `post_id` int(11) NOT NULL,
  `video` varchar(255) NOT NULL,
  `width` int(11) NOT NULL,
  `height` int(11) NOT NULL,
  `text` varchar(255) NOT NULL,
  `sort_order` int(11) NOT NULL,
  PRIMARY KEY (`post_id`,`video`)
) ENGINE=MyISAM DEFAULT CHARSET=utf8;

-- 正在导出表  cms.blog_post_video 的数据：0 rows
/*!40000 ALTER TABLE `blog_post_video` DISABLE KEYS */;
/*!40000 ALTER TABLE `blog_post_video` ENABLE KEYS */;

-- 导出  表 cms.blog_review 结构
CREATE TABLE IF NOT EXISTS `blog_review` (
  `review_id` int(11) NOT NULL AUTO_INCREMENT,
  `post_id` int(11) NOT NULL,
  `reply_to_review_id` int(11) NOT NULL,
  `language_id` int(11) NOT NULL,
  `customer_id` int(11) NOT NULL,
  `guest_email` varchar(255) NOT NULL,
  `image` varchar(255) NOT NULL,
  `author` varchar(255) NOT NULL,
  `description` text NOT NULL,
  `rating` int(11) NOT NULL,
  `status` int(1) DEFAULT '1',
  `date_added` datetime NOT NULL,
  `date_modified` datetime NOT NULL,
  PRIMARY KEY (`review_id`)
) ENGINE=MyISAM AUTO_INCREMENT=9 DEFAULT CHARSET=utf8;

-- 正在导出表  cms.blog_review 的数据：8 rows
/*!40000 ALTER TABLE `blog_review` DISABLE KEYS */;
INSERT INTO `blog_review` (`review_id`, `post_id`, `reply_to_review_id`, `language_id`, `customer_id`, `guest_email`, `image`, `author`, `description`, `rating`, `status`, `date_added`, `date_modified`) VALUES
	(1, 1, 0, 0, 0, '', '', 'admin', 'Lorem ipsum dolor sit amet, justo aliquid reformidans ea vel, vim porro dictas et, ut elit partem invidunt vis. Saepe melius complectitur eum ea', 5, 1, '2016-04-14 14:40:46', '2016-04-27 23:02:07'),
	(2, 1, 1, 0, 0, '', '', 'admin', 'Lorem ipsum dolor sit amet, justo aliquid reformidans ea vel, vim porro dictas et, ut elit partem invidunt vis. Saepe melius complectitur eum ea', 5, 1, '2016-04-22 09:08:10', '2016-04-27 23:02:03'),
	(3, 1, 0, 0, 0, '', '', 'admin', 'Lorem ipsum dolor sit amet, justo aliquid reformidans ea vel, vim porro dictas et, ut elit partem invidunt vis. Saepe melius complectitur eum ea', 5, 1, '2016-04-22 09:08:42', '2016-04-27 23:01:59'),
	(4, 10, 0, 0, 0, '', '', 'admin', 'Lorem ipsum dolor sit amet, justo aliquid reformidans ea vel, vim porro dictas et, ut elit partem invidunt vis. Saepe melius complectitur eum ea', 4, 1, '2016-04-24 22:37:11', '2016-04-27 23:01:34'),
	(5, 10, 4, 0, 0, '', 'catalog/logo.png', 'admin', 'Lorem ipsum dolor sit amet, justo aliquid reformidans ea vel, vim porro dictas et, ut elit partem invidunt vis. Saepe melius complectitur eum ea', 5, 1, '2016-04-24 23:34:22', '2016-04-27 23:01:39'),
	(6, 9, 0, 0, 0, '', 'catalog/logo.png', 'admin', 'Lorem ipsum dolor sit amet, justo aliquid reformidans ea vel, vim porro dictas et, ut elit partem invidunt vis. Saepe melius complectitur eum ea', 4, 1, '2016-04-27 01:04:57', '2016-04-27 23:01:43'),
	(7, 10, 5, 0, 0, '', 'catalog/logo.png', 'admin', 'Lorem ipsum dolor sit amet, justo aliquid reformidans ea vel, vim porro dictas et, ut elit partem invidunt vis. Saepe melius complectitur eum ea', 5, 1, '2016-04-27 02:38:21', '2016-04-27 23:01:48'),
	(8, 10, 0, 0, 0, '', '', 'Antony', 'Aliquip veniam delectus, Marfa eiusmod Pinterest in do umami readymade swag. Selfies iPhone Kickstarter, drinking vinegar jean shorts fixie consequat flexitarian four loko.', 4, 1, '2016-04-27 02:48:57', '2016-04-27 23:01:53');
/*!40000 ALTER TABLE `blog_review` ENABLE KEYS */;

-- 导出  表 cms.blog_review_to_image 结构
CREATE TABLE IF NOT EXISTS `blog_review_to_image` (
  `review_id` int(11) NOT NULL,
  `image` varchar(255) NOT NULL,
  PRIMARY KEY (`review_id`,`image`)
) ENGINE=MyISAM DEFAULT CHARSET=utf8;

-- 正在导出表  cms.blog_review_to_image 的数据：0 rows
/*!40000 ALTER TABLE `blog_review_to_image` DISABLE KEYS */;
/*!40000 ALTER TABLE `blog_review_to_image` ENABLE KEYS */;

-- 导出  表 cms.category 结构
CREATE TABLE IF NOT EXISTS `category` (
  `category_id` int(11) NOT NULL AUTO_INCREMENT,
  `image` varchar(255) DEFAULT NULL,
  `parent_id` int(11) NOT NULL DEFAULT '0',
  `top` tinyint(1) NOT NULL,
  `column` int(3) NOT NULL,
  `sort_order` int(3) NOT NULL DEFAULT '0',
  `status` tinyint(1) NOT NULL,
  `date_added` datetime NOT NULL,
  `date_modified` datetime NOT NULL,
  PRIMARY KEY (`category_id`),
  KEY `parent_id` (`parent_id`)
) ENGINE=InnoDB AUTO_INCREMENT=20 DEFAULT CHARSET=utf8;

-- 正在导出表  cms.category 的数据：~18 rows (大约)
/*!40000 ALTER TABLE `category` DISABLE KEYS */;
INSERT INTO `category` (`category_id`, `image`, `parent_id`, `top`, `column`, `sort_order`, `status`, `date_added`, `date_modified`) VALUES
	(1, '', 0, 1, 1, 1, 1, '2021-02-13 01:22:38', '2021-02-13 01:22:38'),
	(2, '', 0, 1, 1, 2, 1, '2021-02-13 01:23:09', '2021-02-13 01:23:09'),
	(3, '', 0, 1, 1, 3, 1, '2021-02-13 01:23:47', '2021-02-13 01:23:47'),
	(4, '', 0, 1, 1, 4, 1, '2021-02-13 01:24:24', '2021-02-13 01:24:24'),
	(5, '', 0, 1, 1, 5, 1, '2021-02-13 01:24:42', '2021-02-13 01:24:42'),
	(6, '', 0, 1, 1, 6, 1, '2021-02-13 01:25:01', '2021-02-13 01:25:01'),
	(7, '', 0, 1, 1, 7, 1, '2021-02-13 01:25:16', '2021-02-13 01:25:16'),
	(9, '', 0, 1, 1, 8, 1, '2021-02-13 01:25:49', '2021-02-13 01:25:49'),
	(10, '', 0, 1, 1, 9, 1, '2021-02-13 01:26:02', '2021-02-13 01:26:02'),
	(11, '', 0, 1, 1, 10, 1, '2021-02-13 01:26:33', '2021-02-13 01:26:33'),
	(12, '', 0, 1, 1, 11, 1, '2021-02-13 01:27:28', '2021-02-13 01:27:28'),
	(13, '', 0, 1, 1, 12, 1, '2021-02-13 01:27:50', '2021-02-13 01:27:50'),
	(14, '', 0, 1, 1, 13, 1, '2021-02-13 01:28:10', '2021-02-13 01:28:10'),
	(15, '', 0, 1, 1, 14, 1, '2021-02-13 01:28:26', '2021-02-13 01:28:26'),
	(16, '', 0, 1, 1, 15, 1, '2021-02-13 01:28:39', '2021-02-13 01:28:39'),
	(17, '', 0, 1, 1, 16, 1, '2021-02-13 01:28:52', '2021-02-13 01:28:52'),
	(18, '', 0, 1, 1, 17, 1, '2021-02-13 01:29:04', '2021-02-13 01:29:04'),
	(19, '', 0, 1, 1, 18, 1, '2021-02-13 01:29:10', '2021-02-13 01:29:10');
/*!40000 ALTER TABLE `category` ENABLE KEYS */;

-- 导出  表 cms.category_description 结构
CREATE TABLE IF NOT EXISTS `category_description` (
  `category_id` int(11) NOT NULL,
  `language_id` int(11) NOT NULL DEFAULT '1',
  `name` varchar(255) NOT NULL,
  `icon` varchar(255) DEFAULT NULL,
  `description` text NOT NULL,
  `meta_title` varchar(255) NOT NULL,
  `meta_description` varchar(255) NOT NULL,
  `meta_keyword` varchar(255) NOT NULL,
  PRIMARY KEY (`category_id`,`language_id`),
  KEY `name` (`name`)
) ENGINE=InnoDB DEFAULT CHARSET=utf8;

-- 正在导出表  cms.category_description 的数据：~18 rows (大约)
/*!40000 ALTER TABLE `category_description` DISABLE KEYS */;
INSERT INTO `category_description` (`category_id`, `language_id`, `name`, `icon`, `description`, `meta_title`, `meta_description`, `meta_keyword`) VALUES
	(1, 1, 'SOFA', 'f-icon f-icon-sofa', '', 'SOFA', '', ''),
	(2, 1, 'ARMCHAIRS', 'f-icon f-icon-armchair', '', ' ARMCHAIRS', '', ''),
	(3, 1, 'CHAIRS', 'f-icon f-icon-chair', '', 'CHAIRS', '', ''),
	(4, 1, 'DINING TABLES', 'f-icon f-icon-dining-table', '', 'DINING TABLES', '', ''),
	(5, 1, 'MEDIA STORAGE', 'f-icon f-icon-media-cabinet', '', 'MEDIA STORAGE', '', ''),
	(6, 1, 'TABLES', 'f-icon f-icon-table', '', 'TABLES', '', ''),
	(7, 1, 'BOOKCASE', 'f-icon f-icon-bookcase', '', 'BOOKCASE', '', ''),
	(9, 1, 'BEDROOM', 'f-icon f-icon-bedroom', '', 'BEDROOM', '', ''),
	(10, 1, 'NIGHTSTAND', 'f-icon f-icon-nightstand', '', 'NIGHTSTAND', '', ''),
	(11, 1, 'CHILDREN ROOM', 'f-icon f-icon-children-room', '', 'CHILDREN ROOM', '', ''),
	(12, 1, 'KITCHEN', 'f-icon f-icon-kitchen', '', 'KITCHEN', '', ''),
	(13, 1, 'BATHROOM', 'f-icon f-icon-bathroom', '', 'BATHROOM', '', ''),
	(14, 1, 'WARDROBE', 'f-icon f-icon-wardrobe', '', 'WARDROBE', '', ''),
	(15, 1, 'SHOE CABINET', 'f-icon f-icon-shoe-cabinet', '', 'SHOE CABINET', '', ''),
	(16, 1, 'OFFICE', 'f-icon f-icon-office', '', 'OFFICE', '', ''),
	(17, 1, 'BAR SETS', 'f-icon f-icon-bar-set', '', 'BAR SETS', '', ''),
	(18, 1, 'LIGHTNING', 'f-icon f-icon-lightning', '', 'LIGHTNING', '', ''),
	(19, 1, 'CARPET', 'f-icon f-icon-carpet', '', 'CARPET', '', '');
/*!40000 ALTER TABLE `category_description` ENABLE KEYS */;

-- 导出  表 cms.category_filter 结构
CREATE TABLE IF NOT EXISTS `category_filter` (
  `category_id` int(11) NOT NULL,
  `filter_id` int(11) NOT NULL,
  PRIMARY KEY (`category_id`,`filter_id`)
) ENGINE=InnoDB DEFAULT CHARSET=utf8;

-- 正在导出表  cms.category_filter 的数据：~0 rows (大约)
/*!40000 ALTER TABLE `category_filter` DISABLE KEYS */;
/*!40000 ALTER TABLE `category_filter` ENABLE KEYS */;

-- 导出  表 cms.category_path 结构
CREATE TABLE IF NOT EXISTS `category_path` (
  `category_id` int(11) NOT NULL,
  `path_id` int(11) NOT NULL,
  `level` int(11) NOT NULL,
  PRIMARY KEY (`category_id`,`path_id`)
) ENGINE=InnoDB DEFAULT CHARSET=utf8;

-- 正在导出表  cms.category_path 的数据：~18 rows (大约)
/*!40000 ALTER TABLE `category_path` DISABLE KEYS */;
INSERT INTO `category_path` (`category_id`, `path_id`, `level`) VALUES
	(1, 1, 0),
	(2, 2, 0),
	(3, 3, 0),
	(4, 4, 0),
	(5, 5, 0),
	(6, 6, 0),
	(7, 7, 0),
	(9, 9, 0),
	(10, 10, 0),
	(11, 11, 0),
	(12, 12, 0),
	(13, 13, 0),
	(14, 14, 0),
	(15, 15, 0),
	(16, 16, 0),
	(17, 17, 0),
	(18, 18, 0),
	(19, 19, 0);
/*!40000 ALTER TABLE `category_path` ENABLE KEYS */;

-- 导出  表 cms.filter 结构
CREATE TABLE IF NOT EXISTS `filter` (
  `filter_id` int(11) NOT NULL AUTO_INCREMENT,
  `filter_group_id` int(11) NOT NULL,
  `sort_order` int(3) NOT NULL,
  PRIMARY KEY (`filter_id`)
) ENGINE=InnoDB DEFAULT CHARSET=utf8;

-- 正在导出表  cms.filter 的数据：~0 rows (大约)
/*!40000 ALTER TABLE `filter` DISABLE KEYS */;
/*!40000 ALTER TABLE `filter` ENABLE KEYS */;

-- 导出  表 cms.filter_description 结构
CREATE TABLE IF NOT EXISTS `filter_description` (
  `filter_id` int(11) NOT NULL,
  `language_id` int(11) NOT NULL,
  `filter_group_id` int(11) NOT NULL,
  `name` varchar(64) NOT NULL,
  PRIMARY KEY (`filter_id`,`language_id`)
) ENGINE=InnoDB DEFAULT CHARSET=utf8;

-- 正在导出表  cms.filter_description 的数据：~0 rows (大约)
/*!40000 ALTER TABLE `filter_description` DISABLE KEYS */;
/*!40000 ALTER TABLE `filter_description` ENABLE KEYS */;

-- 导出  表 cms.filter_group 结构
CREATE TABLE IF NOT EXISTS `filter_group` (
  `filter_group_id` int(11) NOT NULL AUTO_INCREMENT,
  `sort_order` int(3) NOT NULL,
  PRIMARY KEY (`filter_group_id`)
) ENGINE=InnoDB DEFAULT CHARSET=utf8;

-- 正在导出表  cms.filter_group 的数据：~0 rows (大约)
/*!40000 ALTER TABLE `filter_group` DISABLE KEYS */;
/*!40000 ALTER TABLE `filter_group` ENABLE KEYS */;

-- 导出  表 cms.filter_group_description 结构
CREATE TABLE IF NOT EXISTS `filter_group_description` (
  `filter_group_id` int(11) NOT NULL,
  `language_id` int(11) NOT NULL,
  `name` varchar(64) NOT NULL,
  PRIMARY KEY (`filter_group_id`,`language_id`)
) ENGINE=InnoDB DEFAULT CHARSET=utf8;

-- 正在导出表  cms.filter_group_description 的数据：~0 rows (大约)
/*!40000 ALTER TABLE `filter_group_description` DISABLE KEYS */;
/*!40000 ALTER TABLE `filter_group_description` ENABLE KEYS */;

-- 导出  表 cms.manufacturer 结构
CREATE TABLE IF NOT EXISTS `manufacturer` (
  `manufacturer_id` int(11) NOT NULL AUTO_INCREMENT,
  `name` varchar(64) NOT NULL,
  `image` varchar(255) DEFAULT NULL,
  `config_input` text COMMENT 'json',
  `sort_order` int(3) NOT NULL,
  PRIMARY KEY (`manufacturer_id`)
) ENGINE=InnoDB AUTO_INCREMENT=22 DEFAULT CHARSET=utf8;

-- 正在导出表  cms.manufacturer 的数据：~10 rows (大约)
/*!40000 ALTER TABLE `manufacturer` DISABLE KEYS */;
INSERT INTO `manufacturer` (`manufacturer_id`, `name`, `image`, `config_input`, `sort_order`) VALUES
	(11, '中国平安', '/catalog/pingan.jpg', '平安保险', 0),
	(12, '华泰保险', '/catalog/huatai.jpg', '华泰保险', 2),
	(13, '安联保险', '/catalog/anlian.jpg', 'al\r\n                  \r\n                  ', 1),
	(14, '泰康在线', '/catalog/tkzx.png', 'tkzx', 3),
	(15, '中信信诚', '/catalog/xincheng.jpg', '信诚', 4),
	(17, '太平洋保险', '/catalog/tpybx.png', '太平洋保险', 5),
	(18, '安心保险', '/catalog/axbx.png', '安心保险', 6),
	(19, '永安保险', '/catalog/yabx.png', '永安保险', 7),
	(20, '亚太财险', '/catalog/ytcx.png', '亚太财险', 8),
	(21, '阳光保险', '/catalog/yangguangbx.png', '阳光保险', 9);
/*!40000 ALTER TABLE `manufacturer` ENABLE KEYS */;

-- 导出  表 cms.manufacturer_to_store 结构
CREATE TABLE IF NOT EXISTS `manufacturer_to_store` (
  `manufacturer_id` int(11) NOT NULL,
  `store_id` int(11) NOT NULL,
  PRIMARY KEY (`manufacturer_id`,`store_id`)
) ENGINE=InnoDB DEFAULT CHARSET=utf8;

-- 正在导出表  cms.manufacturer_to_store 的数据：~5 rows (大约)
/*!40000 ALTER TABLE `manufacturer_to_store` DISABLE KEYS */;
INSERT INTO `manufacturer_to_store` (`manufacturer_id`, `store_id`) VALUES
	(11, 0),
	(11, 1),
	(12, 0),
	(13, 0),
	(14, 0);
/*!40000 ALTER TABLE `manufacturer_to_store` ENABLE KEYS */;

-- 导出  表 cms.menu 结构
CREATE TABLE IF NOT EXISTS `menu` (
  `id` int(11) NOT NULL AUTO_INCREMENT,
  `name` varchar(128) NOT NULL,
  `parent` int(11) DEFAULT NULL,
  `route` varchar(256) DEFAULT NULL,
  `order` int(11) DEFAULT NULL,
  `data` text,
  PRIMARY KEY (`id`),
  KEY `parent` (`parent`),
  CONSTRAINT `menu_ibfk_1` FOREIGN KEY (`parent`) REFERENCES `menu` (`id`) ON DELETE SET NULL ON UPDATE CASCADE
) ENGINE=InnoDB AUTO_INCREMENT=36 DEFAULT CHARSET=utf8;

-- 正在导出表  cms.menu 的数据：~14 rows (大约)
/*!40000 ALTER TABLE `menu` DISABLE KEYS */;
INSERT INTO `menu` (`id`, `name`, `parent`, `route`, `order`, `data`) VALUES
	(1, '产品管理', NULL, NULL, 2, NULL),
	(2, '客户管理', NULL, NULL, 3, '{"icon": "user", "visible": true}'),
	(4, '市场营销', NULL, NULL, 5, '{"icon": "share-alt", "visible": true}'),
	(5, '系统设置', NULL, NULL, 6, NULL),
	(12, '菜单管理', 5, '/admin/menu/index', 2, NULL),
	(13, '产品列表', 1, '/product/index', 1, NULL),
	(18, ' 仪表盘', NULL, '/site/index', NULL, '{"icon": "dashboard", "visible": true}'),
	(22, '产品分类', 1, '/category/index', 1, NULL),
	(23, '合作品牌', 1, '/manufacturer/index', 12, NULL),
	(24, '产品属性', 1, NULL, 1, NULL),
	(25, '属性', 24, '/attribute/index', 1, NULL),
	(26, '属性组', 24, '/attribute-group/index', NULL, NULL),
	(27, '横幅广告', 4, '/banner/index', 12, NULL),
	(28, '筛选过滤', 1, '/filter-group/index', 12, NULL);
/*!40000 ALTER TABLE `menu` ENABLE KEYS */;

-- 导出  表 cms.merchant 结构
CREATE TABLE IF NOT EXISTS `merchant` (
  `merchant_id` int(11) NOT NULL AUTO_INCREMENT,
  `username` varchar(32) CHARACTER SET utf8 COLLATE utf8_bin NOT NULL,
  `status` smallint(6) NOT NULL DEFAULT '1' COMMENT '1 启用 0 停用',
  `access_token` varchar(128) CHARACTER SET utf8 COLLATE utf8_bin NOT NULL,
  `auth_key` varchar(32) CHARACTER SET utf8 COLLATE utf8_bin NOT NULL,
  `telephone` varchar(13) CHARACTER SET utf8 COLLATE utf8_bin NOT NULL,
  `password_hash` varchar(255) CHARACTER SET utf8 COLLATE utf8_bin NOT NULL,
  `password_reset_token` varchar(255) CHARACTER SET utf8 COLLATE utf8_bin NOT NULL,
  `created_at` int(11) NOT NULL,
  `updated_at` int(11) DEFAULT NULL,
  `logged_at` int(11) DEFAULT NULL,
  PRIMARY KEY (`merchant_id`)
) ENGINE=InnoDB DEFAULT CHARSET=utf8 COLLATE=utf8_bin COMMENT='大客户表，可以下团险';

-- 正在导出表  cms.merchant 的数据：~0 rows (大约)
/*!40000 ALTER TABLE `merchant` DISABLE KEYS */;
/*!40000 ALTER TABLE `merchant` ENABLE KEYS */;

-- 导出  表 cms.product 结构
CREATE TABLE IF NOT EXISTS `product` (
  `product_id` int(11) NOT NULL AUTO_INCREMENT,
  `model` varchar(64) NOT NULL,
  `sku` varchar(64) NOT NULL,
  `location` varchar(128) DEFAULT NULL,
  `quantity` int(4) NOT NULL DEFAULT '10000',
  `stock_status_id` int(11) NOT NULL DEFAULT '7',
  `image` varchar(255) DEFAULT NULL,
  `manufacturer_id` int(11) NOT NULL,
  `shipping` tinyint(1) NOT NULL DEFAULT '1',
  `price` decimal(15,2) NOT NULL DEFAULT '0.00',
  `unit` varchar(50) DEFAULT NULL COMMENT '价格单位',
  `points` int(8) NOT NULL DEFAULT '0',
  `date_available` date NOT NULL,
  `subtract` tinyint(1) NOT NULL DEFAULT '1',
  `minimum` int(11) NOT NULL DEFAULT '1',
  `sort_order` int(11) NOT NULL DEFAULT '0',
  `status` tinyint(1) NOT NULL DEFAULT '0',
  `viewed` int(5) NOT NULL DEFAULT '0',
  `date_added` datetime NOT NULL,
  `is_pt` tinyint(1) DEFAULT '0',
  `pt_y_discount` tinyint(2) DEFAULT '0' COMMENT '拼团月付折扣比例  除以100',
  `pt_n_discount` tinyint(2) DEFAULT '0' COMMENT '拼团年付折扣比例  除以100',
  `date_modified` datetime DEFAULT NULL,
  `is_fx` tinyint(1) DEFAULT '0' COMMENT '是否分销',
  `feature_home` tinyint(1) DEFAULT '0',
  `sales_num` int(11) DEFAULT NULL COMMENT '销量',
  `commission` decimal(10,2) DEFAULT '0.00' COMMENT '佣金比例',
  `commission_extend` varchar(250) DEFAULT NULL COMMENT '附加奖品',
  `template` varchar(250) NOT NULL COMMENT '选择产品展示的模板',
  `header_url` varchar(250) DEFAULT NULL COMMENT '跳转链接',
  PRIMARY KEY (`product_id`) USING BTREE
) ENGINE=InnoDB AUTO_INCREMENT=90 DEFAULT CHARSET=utf8;

-- 正在导出表  cms.product 的数据：~29 rows (大约)
/*!40000 ALTER TABLE `product` DISABLE KEYS */;
INSERT INTO `product` (`product_id`, `model`, `sku`, `location`, `quantity`, `stock_status_id`, `image`, `manufacturer_id`, `shipping`, `price`, `unit`, `points`, `date_available`, `subtract`, `minimum`, `sort_order`, `status`, `viewed`, `date_added`, `is_pt`, `pt_y_discount`, `pt_n_discount`, `date_modified`, `is_fx`, `feature_home`, `sales_num`, `commission`, `commission_extend`, `template`, `header_url`) VALUES
	(51, 'CICHDAP1', 'CICHDAP1', '', 10000, 7, '/images/catalog/product-1.png', 13, 1, 190.00, '年', 0, '2018-01-17', 0, 1, 2, 1, 870, '2018-01-17 14:43:49', 1, 10, 90, '2021-02-16 14:54:48', 1, 1, 16, 0.00, '', '12', ''),
	(52, 'STPA', 'STPA', '', 100000, 7, '/images/catalog/product-2.png', 13, 0, 65.00, '天', 0, '2018-01-17', 0, 1, 8, 1, 496, '2018-01-17 14:52:40', 0, 0, 0, '2018-06-19 19:51:10', 1, 1, NULL, 0.00, '', '', ''),
	(53, 'AGTZP', 'AGTZP', '', 2000000, 7, '/images/catalog/product-3.png', 13, 0, 45.00, '天', 0, '2018-01-24', 0, 1, 7, 1, 354, '2018-01-24 15:34:44', 0, 0, 0, '2018-06-22 19:18:13', 1, 1, NULL, 0.00, '', '', ''),
	(55, '4227', '4227', '', 1000000, 7, '/images/catalog/product-4.png', 12, 0, 136.00, '年', 0, '2018-01-26', 0, 1, 0, 1, 409, '2018-01-26 15:14:37', 1, 10, 90, '2018-07-02 19:11:17', 1, 1, 24, 0.00, '', '', ''),
	(56, 'pingan01', 'pingan01', '', 9999, 5, '/images/catalog/product-5.png', 11, 1, 46.50, '年', 0, '2018-01-30', 1, 1, 18, 1, 1, '2018-01-30 11:46:05', 0, 0, 0, '2018-07-02 14:02:08', 0, 1, NULL, 0.00, '', '', 'https://mobile.health.pingan.com/insmall/pc/index.do?c=CZB&g=H751&post_id'),
	(57, 'pingan02', 'pingan02', '', 9999, 5, '/images/catalog/product-6.png', 11, 0, 638.00, '天', 0, '2018-01-30', 0, 1, 15, 1, 0, '2018-01-30 15:00:03', 0, 0, 0, '2018-07-02 14:02:20', 0, 1, NULL, 0.00, '', '', 'https://mobile.health.pingan.com/ehis-hm/H017H018/index.do?c=CZB&post_id'),
	(58, 'pingan03', 'pingan03', '', 9999, 7, '/images/catalog/product-1.png', 11, 0, 58.00, '天', 0, '2018-01-30', 0, 1, 10, 1, 1, '2018-01-30 15:08:07', 0, 0, 0, '2018-07-02 14:02:49', 0, 1, NULL, 0.00, '', '', 'https://mobile.health.pingan.com/ehis-hm/H804/index.do?c=CZB&g=A000000004&post_id='),
	(59, 'pingan04', 'pingan04', '', 9999, 5, '/images/catalog/product-1.png', 11, 1, 92.00, '天', 0, '2018-01-30', 1, 1, 11, 0, 0, '2018-01-30 15:37:00', 0, 0, 0, '2018-06-30 12:12:15', 1, 0, NULL, 0.00, '', '', 'https://mobile.health.pingan.com/ehis-hm/H804/index.do?c=CZB&g=A000000005&post_id'),
	(60, 'pingan05', 'pingan05', '', 9999, 5, '/images/catalog/product-1.png', 11, 0, 351.00, '天', 0, '2018-01-30', 0, 1, 12, 0, 0, '2018-01-30 16:04:59', 0, 0, 0, '2018-06-22 18:39:25', 0, 0, NULL, 0.00, '', '', 'https://mobile.health.pingan.com/ehis-hm/H753/index.do?c=CZB&g=A000000007&post_id'),
	(61, 'pingan06', 'pingan06', '', 9999, 5, '/images/catalog/product-1.png', 11, 1, 490.00, '天', 0, '2018-01-30', 0, 1, 13, 0, 0, '2018-01-30 16:19:16', 0, 0, 0, '2018-07-02 14:02:36', 0, 0, NULL, 0.00, '', '', 'https://mobile.health.pingan.com/ehis-hm/H753/index.do?c=CZB&g=A000000008&post_id'),
	(62, 'pingan07', 'pingan07', '', 9999, 5, '/images/catalog/product-1.png', 11, 1, 922.00, '天', 0, '2018-01-30', 0, 1, 14, 0, 0, '2018-01-30 16:31:27', 0, 0, 0, '2018-06-22 18:40:11', 0, 0, NULL, 0.00, '', '', ''),
	(63, 'pingn10', 'pingan10', '', 9999, 5, '/images/catalog/product-1.png', 11, 1, 160.00, '天', 0, '2018-01-30', 0, 1, 5, 0, 1, '2018-01-30 16:36:20', 0, 11, 11, '2018-07-02 20:03:15', 0, 0, NULL, 0.00, '', '', 'https://mobile.health.pingan.com/ehis-hm/H754/index.do?c=CZB&productId=A000000012&post_id'),
	(64, 'pingan08', 'pingan08', '', 9999, 5, '/images/catalog/product-1.png', 11, 1, 160.00, '天', 0, '2018-01-30', 0, 1, 4, 0, 0, '2018-01-30 16:47:23', 0, 0, 0, '2018-06-22 18:40:40', 0, 1, NULL, 0.00, '', '', 'https://mobile.health.pingan.com/ehis-hm/H754/index.do?c=CZB&productId=A000000013&post_id'),
	(65, 'pingan09', 'pingan09', '', 9999, 5, '/images/catalog/product-1.png', 11, 1, 558.00, '天', 0, '2018-01-30', 0, 1, 7, 0, 0, '2018-01-30 16:59:41', 0, 0, 0, '2018-07-02 14:03:09', 0, 0, NULL, 0.00, '', '', 'https://mobile.health.pingan.com/ehis-hm/H707_01/index.do?c=CZB&post_id'),
	(66, 'pingan11', 'pingan11', '', 9999, 5, '/images/catalog/product-1.png', 11, 0, 732.00, '天', 0, '2018-01-30', 0, 1, 6, 0, 0, '2018-01-30 17:06:53', 0, 0, 0, '2018-07-02 14:03:25', 0, 1, NULL, 0.00, '', '', 'https://mobile.health.pingan.com/ehis-hm/H707_04/index.do?c=CZB&post_id'),
	(67, 'pingan12', 'pingan12', '', 99999, 5, '/images/catalog/product-1.png', 11, 1, 2376.00, '天', 0, '2018-01-30', 0, 1, 8, 0, 0, '2018-01-30 17:26:54', 0, 0, 0, '2018-07-02 14:03:41', 0, 0, NULL, 0.00, '', '', 'http://mobile.health.pingan.com/ehis-hm/G001/index.do?c=CZB&g=A000000019&post_id'),
	(68, '4401', '4401', '', 10000000, 7, '/images/catalog/product-1.png', 12, 0, 28.00, '年', 0, '2018-01-31', 0, 1, 4, 1, 38, '2018-01-31 14:58:26', 0, 0, 0, '2018-06-22 19:17:27', 1, 0, NULL, 0.00, '', '', ''),
	(69, 'ZAAMIPB', 'ZAAMIPB', '', 10000000, 7, '/images/catalog/product-1.png', 13, 0, 110.00, '年', 0, '2022-02-22', 0, 1, 1, 0, 62, '2018-02-22 14:16:21', 0, 0, 0, '2018-07-02 14:04:05', 0, 0, NULL, 0.00, '', '', ''),
	(74, 'ALXBB', 'ALXBB', '', 10000, 7, '/images/catalog/product-1.png', 13, 1, 69.00, '年', 0, '2019-04-10', 1, 1, 5, 1, 0, '2018-04-10 19:10:09', 0, 0, 0, '2018-06-30 11:57:29', 1, 0, NULL, 0.00, '', '', ''),
	(76, 'HT-fyys', 'HT-fyys', '', 10000, 7, '/images/catalog/product-1.png', 12, 1, 1252.00, '年', 0, '2019-04-10', 1, 1, 3, 0, 0, '2018-04-10 12:29:38', 0, 0, 0, '2018-06-30 11:56:36', 0, 0, NULL, 0.00, '', '', ''),
	(77, 'TB-01', 'TB-01', '', 10000, 7, '/images/catalog/product-1.png', 17, 1, 5.00, '天', 0, '2019-04-11', 1, 1, 1, 0, 0, '2018-04-11 06:12:46', 0, 0, 0, '2018-07-05 16:46:12', 0, 0, NULL, 0.00, '', '', ''),
	(80, 'TB-02', 'TB-02', NULL, 10000, 7, '/images/catalog/product-1.png', 17, 1, 2.30, '天', 0, '2019-04-19', 1, 1, 8, 1, 0, '2018-04-19 10:38:04', 0, 0, 0, '2018-06-29 16:06:14', 0, 0, NULL, 0.00, '', 'cpic_day', ''),
	(81, 'ZAAMIPB', 'ZAAMIPB', NULL, 10000, 7, '/images/catalog/product-1.png', 13, 1, 110.00, '年', 0, '2019-05-03', 1, 1, 1, 1, 0, '2018-05-03 11:23:16', 1, 10, 90, '2018-07-23 17:16:08', 1, 0, 23, 0.00, '', '', ''),
	(84, 'ZXAMIPS', 'ZXAMIPS', NULL, 10000, 7, '/images/catalog/product-1.png', 13, 1, 6125.00, '年', 0, '2019-05-07', 1, 1, 3, 1, 0, '2018-05-07 11:36:33', 0, 10, 90, '2018-07-02 16:28:32', 1, 0, NULL, 0.00, '', '', ''),
	(85, '12', '987', NULL, 10000, 7, '/images/catalog/product-1.png', 21, 1, 385.00, '年', 0, '2019-05-08', 1, 1, 9, 0, 0, '2018-05-08 13:50:42', 0, 0, 0, '2018-06-13 19:19:03', 0, 0, NULL, 0.00, '', '', ''),
	(86, '101', '101', NULL, 10000, 7, '/images/catalog/product-1.png', 19, 1, 1836.00, '年', 0, '2019-05-16', 1, 1, 10, 1, 0, '2018-05-16 16:20:06', 0, 0, 0, '2018-07-31 18:00:52', 1, 0, NULL, 0.00, '', '11', ''),
	(87, 'TB-03', 'TB-03', NULL, 10000, 7, '/images/catalog/product-1.png', 17, 1, 1000.00, '年', 0, '2019-05-17', 1, 1, 26, 0, 0, '2018-05-17 10:00:16', 0, 0, 0, '2018-06-13 19:19:40', 0, 0, NULL, 0.00, '', '', ''),
	(88, 'EEAOTP', 'EEAOTP', NULL, 10000, 7, '/images/catalog/product-1.png', 13, 1, 135.00, '天', 0, '2019-05-17', 1, 1, 11, 1, 0, '2018-05-17 15:28:35', 0, 0, 0, '2018-06-19 19:58:19', 1, 0, NULL, 0.00, '', '', ''),
	(89, '102', '102', NULL, 10000, 7, '/images/catalog/product-1.png', 19, 1, 129.00, '年', 0, '2019-07-04', 1, 1, 11, 1, 0, '2018-07-04 18:08:36', 0, 10, 90, '2018-08-02 17:24:14', 1, 0, NULL, 0.00, '', '', '');
/*!40000 ALTER TABLE `product` ENABLE KEYS */;

-- 导出  表 cms.product_attribute 结构
CREATE TABLE IF NOT EXISTS `product_attribute` (
  `product_id` int(11) NOT NULL,
  `attribute_id` int(11) NOT NULL,
  `language_id` int(11) NOT NULL,
  `text` text NOT NULL,
  PRIMARY KEY (`product_id`,`attribute_id`,`language_id`)
) ENGINE=InnoDB DEFAULT CHARSET=utf8;

-- 正在导出表  cms.product_attribute 的数据：~29 rows (大约)
/*!40000 ALTER TABLE `product_attribute` DISABLE KEYS */;
INSERT INTO `product_attribute` (`product_id`, `attribute_id`, `language_id`, `text`) VALUES
	(52, 19, 1, '60天—90周岁'),
	(52, 23, 1, '1天—1年'),
	(52, 24, 1, '欧洲（含申根国家）'),
	(53, 19, 1, '30天—90周岁'),
	(53, 23, 1, '1天—1年'),
	(53, 24, 1, '全球 高危地区可保'),
	(55, 20, 1, '最高300万'),
	(55, 21, 1, '最高600万'),
	(68, 23, 1, '1年'),
	(69, 20, 1, '最高500万'),
	(74, 27, 1, '投保成功后第四日零时'),
	(76, 19, 1, '0-60周岁'),
	(76, 23, 1, '终身'),
	(76, 26, 1, '90天'),
	(77, 19, 1, '18岁-55岁'),
	(77, 23, 1, '1天-1年'),
	(77, 25, 1, '喜欢运动健身的人'),
	(77, 30, 1, '0'),
	(80, 19, 1, '1-69岁'),
	(80, 23, 1, '1天-30天'),
	(80, 24, 1, '除本市外的其他中国境内地区（不含港澳台地区）'),
	(81, 20, 1, '最高500万'),
	(87, 23, 1, '同借款合同借款期限'),
	(88, 19, 1, '60天—90周岁'),
	(88, 23, 1, '1天—30天'),
	(88, 24, 1, '申根地区、俄罗斯');
/*!40000 ALTER TABLE `product_attribute` ENABLE KEYS */;

-- 导出  表 cms.product_customtab 结构
CREATE TABLE IF NOT EXISTS `product_customtab` (
  `product_customtab_id` int(11) NOT NULL AUTO_INCREMENT,
  `product_id` int(11) NOT NULL,
  `sort_order` int(11) NOT NULL,
  `status` tinyint(1) NOT NULL,
  PRIMARY KEY (`product_customtab_id`)
) ENGINE=InnoDB AUTO_INCREMENT=1936 DEFAULT CHARSET=latin1;

-- 正在导出表  cms.product_customtab 的数据：~37 rows (大约)
/*!40000 ALTER TABLE `product_customtab` DISABLE KEYS */;
INSERT INTO `product_customtab` (`product_customtab_id`, `product_id`, `sort_order`, `status`) VALUES
	(9, 50, 0, 1),
	(10, 50, 0, 1),
	(1624, 85, 0, 1),
	(1625, 85, 1, 1),
	(1628, 87, 0, 1),
	(1629, 87, 1, 1),
	(1734, 52, 0, 1),
	(1735, 52, 1, 1),
	(1750, 88, 0, 1),
	(1751, 88, 1, 1),
	(1787, 68, 0, 1),
	(1788, 68, 1, 1),
	(1789, 68, 2, 1),
	(1792, 53, 0, 1),
	(1793, 53, 1, 1),
	(1828, 80, 0, 1),
	(1839, 76, 1, 1),
	(1840, 76, 2, 1),
	(1841, 74, 0, 1),
	(1842, 74, 1, 1),
	(1846, 69, 0, 1),
	(1847, 69, 2, 1),
	(1848, 84, 0, 1),
	(1849, 84, 1, 1),
	(1865, 55, 0, 1),
	(1866, 55, 1, 1),
	(1867, 55, 2, 1),
	(1898, 77, 1, 1),
	(1899, 77, 2, 1),
	(1916, 81, 1, 1),
	(1917, 81, 2, 1),
	(1922, 86, 0, 1),
	(1923, 86, 1, 1),
	(1932, 89, 1, 1),
	(1933, 89, 2, 1),
	(1934, 51, 0, 1),
	(1935, 51, 1, 1);
/*!40000 ALTER TABLE `product_customtab` ENABLE KEYS */;

-- 导出  表 cms.product_customtab_description 结构
CREATE TABLE IF NOT EXISTS `product_customtab_description` (
  `product_customtab_id` int(11) NOT NULL,
  `language_id` int(11) NOT NULL DEFAULT '1',
  `product_id` int(11) NOT NULL,
  `title` varchar(255) CHARACTER SET utf8 COLLATE utf8_general_ci NOT NULL,
  `description` text CHARACTER SET utf8 COLLATE utf8_general_ci NOT NULL
) ENGINE=InnoDB DEFAULT CHARSET=latin1;

-- 正在导出表  cms.product_customtab_description 的数据：~37 rows (大约)
/*!40000 ALTER TABLE `product_customtab_description` DISABLE KEYS */;
INSERT INTO `product_customtab_description` (`product_customtab_id`, `language_id`, `product_id`, `title`, `description`) VALUES
	(9, 1, 50, '保障方案', '                          	  &lt;p&gt;阿斯蒂芬阿斯蒂芬阿斯蒂芬阿斯蒂芬阿斯顿发&lt;/p&gt; ?&gt;'),
	(10, 1, 50, '理赔服务', '                          	  &lt;p&gt;阿斯蒂芬阿斯蒂芬阿斯蒂芬&amp;nbsp;&lt;/p&gt;'),
	(1624, 1, 85, '保障计划', '&lt;p&gt;&lt;b&gt;保障计划&lt;/b&gt;&lt;/p&gt;&lt;p&gt;重大疾病保险金（100种重疾） &amp;nbsp;最高50万&lt;/p&gt;&lt;p&gt;身故保险金 &amp;nbsp; &amp;nbsp; &amp;nbsp; &amp;nbsp; &amp;nbsp; &amp;nbsp; &amp;nbsp; &amp;nbsp; &amp;nbsp; &amp;nbsp; &amp;nbsp; &amp;nbsp; &amp;nbsp; &amp;nbsp; &amp;nbsp; &amp;nbsp; 最高50万&lt;/p&gt;&lt;p&gt;轻症疾病保险金（20种轻症） &amp;nbsp; &amp;nbsp;最高10万&lt;/p&gt;&lt;p&gt;轻症疾病保险费豁免 &amp;nbsp; &amp;nbsp; &amp;nbsp; &amp;nbsp; &amp;nbsp; &amp;nbsp; &amp;nbsp; &amp;nbsp; &amp;nbsp; 保费豁免&lt;/p&gt;'),
	(1625, 1, 85, '常见问题', '&lt;p&gt;&lt;b&gt;常见问题&lt;/b&gt;&lt;/p&gt;&lt;p&gt;&lt;span style=&quot;color: rgb(107, 173, 222);&quot;&gt;Q：长期居住地是指什么？&lt;/span&gt;&lt;/p&gt;&lt;p&gt;A：长期居住地是指您目前长期工作或者生活的城市，只要在本产品的购买城市范围，就可以投保本产品。如果后续变更了居住地，合同也会继续有效。本产品全国通赔。&lt;/p&gt;&lt;p&gt;&lt;span style=&quot;color: rgb(107, 173, 222);&quot;&gt;Q: 这款产品对各个地区可以投保的最高保额有限制吗？&lt;/span&gt;&lt;/p&gt;&lt;p&gt;A：30天-17周岁，保额最高可选50万； 18周岁-40周岁，以下城市（北京、上海、深圳、广州、成都、杭州、武汉、重庆、天津、南京、苏州、长沙、青岛、佛山、西安、济南、东莞、厦门、福州、无锡、合肥、郑州、宁波、大连、石家庄、南宁、南昌、昆明、烟台、泉州、珠海、惠州、温州、太原），最高可选保额50万，其他城市保额最高可选30万；41周岁-50周岁，最高可选保额20万。&lt;/p&gt;&lt;p&gt;&lt;/p&gt;&lt;p&gt;&lt;span style=&quot;color: rgb(107, 173, 222);&quot;&gt;Q: 这款产品对各个地区可以投保的最高保额有限制吗？&lt;/span&gt;&lt;/p&gt;&lt;p&gt;A：可购买的区域指的是页面上列明的可购买本产品的区域，只有被保险人的长期居住地属于本产品的可购买区域才能够购买本产品，长期居住地一般是指工作地。本产品全国通赔，支持异地理赔。&lt;/p&gt;&lt;p&gt;&lt;span style=&quot;color: rgb(107, 173, 222);&quot;&gt;Q: 可购买区域是指什么？是否全国通赔？如果购买后却在不属于购买区域的地区出险了是否可以理赔？&lt;/span&gt;&lt;/p&gt;&lt;p&gt;A: 这款产品是确诊患重大疾病就可以申请理赔，经核定属于保险责任的，保险公司会按照合同的约定进行保险金的一次性赔付。所获得的保险金可以用于治疗或弥补患病后的收入损失。&lt;/p&gt;&lt;p&gt;&lt;span style=&quot;color: rgb(107, 173, 222);&quot;&gt;Q: 受益人能指定吗？&lt;/span&gt;&lt;/p&gt;&lt;p&gt;&lt;/p&gt;&lt;p&gt;A：不能指定。目前这款产品的重大疾病/轻症保险金受益人是被保险人本人。&lt;/p&gt;&lt;p&gt;&lt;span style=&quot;color: rgb(107, 173, 222);&quot;&gt;Q: 这款重大疾病保险很不错，我可以给孩子和爱人购买么？&lt;/span&gt;&lt;/p&gt;&lt;p&gt;A：如果被保人未满18岁，可以支持由父母为子女购买，理赔时需要提供证明材料。如果被保险人年满18周岁，只支持为本人投保。本人投保要验证支付银行卡是否为本人持有。&lt;/p&gt;&lt;p&gt;&lt;span style=&quot;color: rgb(107, 173, 222);&quot;&gt;Q: 在别的保险公司买过意外保险、健康保险，还能买这个重大疾病保险吗?&lt;/span&gt;&lt;/p&gt;&lt;p&gt;A：在其他保险公司买过重大疾病保险、健康保险、意外保险，仍然可以购买本产品。如果您觉得阳光保险的这款重大疾病保险的最高保额仍然不能满足您的保障需求，建议您还可以再购买其他公司的产品作为补充。&lt;/p&gt;&lt;p&gt;&lt;span style=&quot;color: rgb(107, 173, 222);&quot;&gt;Q：保费是如何支付的？&lt;/span&gt;&lt;/p&gt;&lt;p&gt;A：银行卡代扣的方式，不成功可能有以下几种原因：&lt;/p&gt;&lt;p&gt;1.您支付时填写的账户名与银行卡开户名不一致&lt;/p&gt;&lt;p&gt;2.账户余额不足，余额需大于缴纳的保费&lt;/p&gt;&lt;p&gt;3.网速较慢，导致银行验证超时&lt;/p&gt;'),
	(1628, 1, 87, '保障计划', '&lt;p style=&quot;text-align: center;&quot;&gt;&lt;font face=&quot;宋体&quot;&gt;&lt;span style=&quot;font-size: 14px; font-family: Helvetica;&quot;&gt;&lt;b&gt;保障计划&lt;/b&gt;&lt;/span&gt;&lt;/font&gt;&lt;/p&gt;&lt;div style=&quot;text-align: center;&quot;&gt;&lt;table class=&quot;MsoTableGrid&quot; border=&quot;1&quot; cellspacing=&quot;0&quot; style=&quot;width: 378.15pt; margin-left: 6.75pt; margin-right: 6.75pt; border: none;&quot;&gt;&lt;tbody&gt;&lt;tr&gt;&lt;td width=&quot;226&quot; valign=&quot;center&quot; style=&quot;width:113.4000pt;padding:0.0000pt 5.4000pt 0.0000pt 5.4000pt ;border-left:1.0000pt solid windowtext;mso-border-left-alt:0.5000pt solid windowtext;border-right:1.0000pt solid windowtext;mso-border-right-alt:0.5000pt solid windowtext;border-top:1.0000pt solid windowtext;mso-border-top-alt:0.5000pt solid windowtext;border-bottom:1.0000pt solid windowtext;mso-border-bottom-alt:0.5000pt solid windowtext;&quot;&gt;&lt;p class=&quot;15&quot; align=&quot;center&quot; style=&quot;text-indent: 0pt;&quot;&gt;&lt;b&gt;&lt;span style=&quot;font-family: 宋体; font-size: 9pt;&quot;&gt;保险责任及金额&lt;/span&gt;&lt;/b&gt;&lt;b&gt;&lt;span style=&quot;font-family: 宋体; font-size: 9pt;&quot;&gt;&lt;o:p&gt;&lt;/o:p&gt;&lt;/span&gt;&lt;/b&gt;&lt;/p&gt;&lt;/td&gt;&lt;td width=&quot;325&quot; valign=&quot;center&quot; style=&quot;width:162.7500pt;padding:0.0000pt 5.4000pt 0.0000pt 5.4000pt ;border-left:none;mso-border-left-alt:none;border-right:1.0000pt solid windowtext;mso-border-right-alt:0.5000pt solid windowtext;border-top:1.0000pt solid windowtext;mso-border-top-alt:0.5000pt solid windowtext;border-bottom:1.0000pt solid windowtext;mso-border-bottom-alt:0.5000pt solid windowtext;&quot;&gt;&lt;p class=&quot;15&quot; align=&quot;center&quot; style=&quot;text-indent: 0pt;&quot;&gt;&lt;b&gt;&lt;span style=&quot;font-family: 宋体; font-size: 9pt;&quot;&gt;借款期限&lt;/span&gt;&lt;/b&gt;&lt;b&gt;&lt;span style=&quot;font-family: 宋体; font-size: 9pt;&quot;&gt;&lt;o:p&gt;&lt;/o:p&gt;&lt;/span&gt;&lt;/b&gt;&lt;/p&gt;&lt;/td&gt;&lt;td width=&quot;204&quot; valign=&quot;center&quot; style=&quot;width:102.0000pt;padding:0.0000pt 5.4000pt 0.0000pt 5.4000pt ;border-left:none;mso-border-left-alt:none;border-right:1.0000pt solid windowtext;mso-border-right-alt:0.5000pt solid windowtext;border-top:1.0000pt solid windowtext;mso-border-top-alt:0.5000pt solid windowtext;border-bottom:1.0000pt solid windowtext;mso-border-bottom-alt:0.5000pt solid windowtext;&quot;&gt;&lt;p class=&quot;15&quot; align=&quot;center&quot; style=&quot;text-indent: 0pt;&quot;&gt;&lt;b&gt;&lt;span style=&quot;font-family: 宋体; font-size: 9pt;&quot;&gt;费率&lt;/span&gt;&lt;/b&gt;&lt;b&gt;&lt;span style=&quot;font-family: 宋体; font-size: 9pt;&quot;&gt;&lt;o:p&gt;&lt;/o:p&gt;&lt;/span&gt;&lt;/b&gt;&lt;/p&gt;&lt;/td&gt;&lt;/tr&gt;&lt;tr style=&quot;height:47.8000pt;&quot;&gt;&lt;td width=&quot;226&quot; valign=&quot;center&quot; style=&quot;width:113.4000pt;padding:0.0000pt 5.4000pt 0.0000pt 5.4000pt ;border-left:1.0000pt solid windowtext;mso-border-left-alt:0.5000pt solid windowtext;border-right:1.0000pt solid windowtext;mso-border-right-alt:0.5000pt solid windowtext;border-top:none;mso-border-top-alt:0.5000pt solid windowtext;border-bottom:1.0000pt solid windowtext;mso-border-bottom-alt:0.5000pt solid windowtext;&quot;&gt;&lt;p class=&quot;15&quot; align=&quot;center&quot; style=&quot;text-indent: 0pt;&quot;&gt;&lt;b&gt;&lt;span style=&quot;font-family: 宋体; font-size: 9pt;&quot;&gt;保额同大于或等于借款合同金额（单人最高保额不超过200万）&lt;/span&gt;&lt;/b&gt;&lt;b&gt;&lt;span style=&quot;font-family: 宋体; font-size: 9pt;&quot;&gt;&lt;o:p&gt;&lt;/o:p&gt;&lt;/span&gt;&lt;/b&gt;&lt;/p&gt;&lt;/td&gt;&lt;td width=&quot;325&quot; valign=&quot;center&quot; style=&quot;width:162.7500pt;padding:0.0000pt 5.4000pt 0.0000pt 5.4000pt ;border-left:none;mso-border-left-alt:none;border-right:1.0000pt solid windowtext;mso-border-right-alt:0.5000pt solid windowtext;border-top:none;mso-border-top-alt:0.5000pt solid windowtext;border-bottom:1.0000pt solid windowtext;mso-border-bottom-alt:0.5000pt solid windowtext;&quot;&gt;&lt;p class=&quot;15&quot; align=&quot;center&quot; style=&quot;text-indent: 0pt;&quot;&gt;&lt;b&gt;&lt;span style=&quot;font-family: 宋体; font-size: 9pt;&quot;&gt;保险期限同借款合同借款期限&lt;/span&gt;&lt;/b&gt;&lt;b&gt;&lt;span style=&quot;font-family: 宋体; font-size: 9pt;&quot;&gt;&lt;o:p&gt;&lt;/o:p&gt;&lt;/span&gt;&lt;/b&gt;&lt;/p&gt;&lt;/td&gt;&lt;td width=&quot;204&quot; valign=&quot;center&quot; style=&quot;width:102.0000pt;padding:0.0000pt 5.4000pt 0.0000pt 5.4000pt ;border-left:none;mso-border-left-alt:none;border-right:1.0000pt solid windowtext;mso-border-right-alt:0.5000pt solid windowtext;border-top:none;mso-border-top-alt:0.5000pt solid windowtext;border-bottom:1.0000pt solid windowtext;mso-border-bottom-alt:0.5000pt solid windowtext;&quot;&gt;&lt;p class=&quot;MsoNormal&quot; align=&quot;center&quot;&gt;&lt;b&gt;&lt;span style=&quot;font-family: 宋体; font-size: 9pt;&quot;&gt;1年：0&lt;/span&gt;&lt;/b&gt;&lt;b&gt;&lt;span style=&quot;font-family: 宋体; font-size: 9pt;&quot;&gt;.&lt;/span&gt;&lt;/b&gt;&lt;b&gt;&lt;span style=&quot;font-family: 宋体; font-size: 9pt;&quot;&gt;1%&lt;/span&gt;&lt;/b&gt;&lt;b&gt;&lt;span style=&quot;font-family: 宋体; font-size: 9pt;&quot;&gt;&lt;o:p&gt;&lt;/o:p&gt;&lt;/span&gt;&lt;/b&gt;&lt;/p&gt;&lt;p class=&quot;MsoNormal&quot; align=&quot;center&quot;&gt;&lt;b&gt;&lt;span style=&quot;font-family: 宋体; font-size: 9pt;&quot;&gt;2年：0&lt;/span&gt;&lt;/b&gt;&lt;b&gt;&lt;span style=&quot;font-family: 宋体; font-size: 9pt;&quot;&gt;.&lt;/span&gt;&lt;/b&gt;&lt;b&gt;&lt;span style=&quot;font-family: 宋体; font-size: 9pt;&quot;&gt;18%&lt;/span&gt;&lt;/b&gt;&lt;b&gt;&lt;span style=&quot;font-family: 宋体; font-size: 9pt;&quot;&gt;&lt;o:p&gt;&lt;/o:p&gt;&lt;/span&gt;&lt;/b&gt;&lt;/p&gt;&lt;p class=&quot;MsoNormal&quot; align=&quot;center&quot;&gt;&lt;b&gt;&lt;span style=&quot;font-family: 宋体; font-size: 9pt;&quot;&gt;3年：0&lt;/span&gt;&lt;/b&gt;&lt;b&gt;&lt;span style=&quot;font-family: 宋体; font-size: 9pt;&quot;&gt;.&lt;/span&gt;&lt;/b&gt;&lt;b&gt;&lt;span style=&quot;font-family: 宋体; font-size: 9pt;&quot;&gt;26%&lt;/span&gt;&lt;/b&gt;&lt;b&gt;&lt;span style=&quot;font-family: 宋体; font-size: 9pt;&quot;&gt;&lt;o:p&gt;&lt;/o:p&gt;&lt;/span&gt;&lt;/b&gt;&lt;/p&gt;&lt;p class=&quot;MsoNormal&quot; align=&quot;center&quot;&gt;&lt;b&gt;&lt;span style=&quot;font-family: 宋体; font-size: 9pt;&quot;&gt;4年：0&lt;/span&gt;&lt;/b&gt;&lt;b&gt;&lt;span style=&quot;font-family: 宋体; font-size: 9pt;&quot;&gt;.&lt;/span&gt;&lt;/b&gt;&lt;b&gt;&lt;span style=&quot;font-family: 宋体; font-size: 9pt;&quot;&gt;35%&lt;/span&gt;&lt;/b&gt;&lt;b&gt;&lt;span style=&quot;font-family: 宋体; font-size: 9pt;&quot;&gt;&lt;o:p&gt;&lt;/o:p&gt;&lt;/span&gt;&lt;/b&gt;&lt;/p&gt;&lt;p class=&quot;MsoNormal&quot; align=&quot;center&quot;&gt;&lt;b&gt;&lt;span style=&quot;font-family: 宋体; font-size: 9pt;&quot;&gt;5年：0&lt;/span&gt;&lt;/b&gt;&lt;b&gt;&lt;span style=&quot;font-family: 宋体; font-size: 9pt;&quot;&gt;.&lt;/span&gt;&lt;/b&gt;&lt;b&gt;&lt;span style=&quot;font-family: 宋体; font-size: 9pt;&quot;&gt;44%&lt;/span&gt;&lt;/b&gt;&lt;b&gt;&lt;span style=&quot;font-family: 宋体; font-size: 9pt;&quot;&gt;&lt;o:p&gt;&lt;/o:p&gt;&lt;/span&gt;&lt;/b&gt;&lt;/p&gt;&lt;/td&gt;&lt;/tr&gt;&lt;/tbody&gt;&lt;/table&gt;&lt;/div&gt;'),
	(1629, 1, 87, '常见问题', '&lt;p&gt;&lt;b&gt;常见问题&lt;/b&gt;&lt;/p&gt;&lt;p&gt;&lt;a href=&quot;Q:本产品的投保年龄范围是？&quot; style=&quot;color: rgb(107, 173, 222);&quot;&gt;Q:本产品的投保年龄范围是？&lt;/a&gt;&lt;/p&gt;&lt;p&gt;&lt;a href=&quot;A:本合同接受的被保险人为18周岁至65周岁，在金融机构获得贷款或授信额度的个人。&quot; style=&quot;color: rgb(0, 0, 0);&quot;&gt;A:本合同接受的被保险人为18周岁至65周岁，在金融机构获得贷款或授信额度的个人。&lt;/a&gt;&lt;/p&gt;&lt;p&gt;&lt;span style=&quot;color: rgb(107, 173, 222);&quot;&gt;&lt;a href=&quot;Q:BEN&quot;&gt;Q:&lt;/a&gt;本产品的保险期限最长承保多少年？&lt;/span&gt;&lt;/p&gt;&lt;p&gt;A:本产品保险期限，根据借款合同期限最长承保五年。&lt;/p&gt;'),
	(1734, 1, 52, '保障详情', '&lt;p&gt;&lt;b&gt;保障详情&lt;/b&gt;&lt;/p&gt;&lt;p&gt;&lt;img src=&quot;http://img.800czb.com/images/catalog/alsgbx1.png&quot; style=&quot;width: 100%;&quot;&gt;&lt;img src=&quot;http://img.800czb.com/images/catalog/ansgbx2.png&quot; style=&quot;width: 100%;&quot;&gt;&lt;b&gt;&lt;br&gt;&lt;/b&gt;&lt;/p&gt;'),
	(1735, 1, 52, '常见问题', '&lt;p&gt;&lt;b&gt;常见问题&lt;/b&gt;&lt;/p&gt;&lt;p class=&quot;MsoNormal&quot; align=&quot;justify&quot; style=&quot;text-align:justify;text-justify:inter-ideograph;&quot;&gt;&lt;span style=&quot;font-family: 宋体; font-size: 10.5pt; color: rgb(107, 173, 222);&quot;&gt;Q&lt;font face=&quot;宋体&quot;&gt;：生效日期怎么选择？&lt;/font&gt;&lt;/span&gt;&lt;span style=&quot;font-family: 宋体; font-size: 10.5pt;&quot;&gt;&lt;o:p&gt;&lt;/o:p&gt;&lt;/span&gt;&lt;/p&gt;&lt;p class=&quot;MsoNormal&quot; align=&quot;justify&quot; style=&quot;text-align:justify;text-justify:inter-ideograph;&quot;&gt;&lt;span style=&quot;font-family: 宋体; font-size: 10.5pt;&quot;&gt;A&lt;font face=&quot;宋体&quot;&gt;：生效日期需选择您从中国大陆出行的日期或出行之前。生效日期为您选择的日期零时生效。&lt;/font&gt;&lt;/span&gt;&lt;span style=&quot;font-family: 宋体; font-size: 10.5pt;&quot;&gt;&lt;o:p&gt;&lt;/o:p&gt;&lt;/span&gt;&lt;/p&gt;&lt;p class=&quot;MsoNormal&quot; align=&quot;justify&quot; style=&quot;text-align:justify;text-justify:inter-ideograph;&quot;&gt;&lt;span style=&quot;font-family: 宋体; font-size: 10.5pt; color: rgb(107, 173, 222);&quot;&gt;Q&lt;font face=&quot;宋体&quot;&gt;：保障时间如何选择？&lt;/font&gt;&lt;/span&gt;&lt;span style=&quot;font-family: 宋体; font-size: 10.5pt;&quot;&gt;&lt;o:p&gt;&lt;/o:p&gt;&lt;/span&gt;&lt;/p&gt;&lt;p class=&quot;MsoNormal&quot; align=&quot;justify&quot; style=&quot;text-align:justify;text-justify:inter-ideograph;&quot;&gt;&lt;span style=&quot;font-family: 宋体; font-size: 10.5pt;&quot;&gt;A&lt;font face=&quot;宋体&quot;&gt;：保障时间需大于您的行程时间，购买保险时选择覆盖您行程时间的保险保障时间即可。&lt;/font&gt;&lt;/span&gt;&lt;span style=&quot;font-family: 宋体; font-size: 10.5pt;&quot;&gt;&lt;o:p&gt;&lt;/o:p&gt;&lt;/span&gt;&lt;/p&gt;&lt;p class=&quot;MsoNormal&quot; align=&quot;justify&quot; style=&quot;text-align:justify;text-justify:inter-ideograph;&quot;&gt;&lt;span style=&quot;font-family: 宋体; font-size: 10.5pt; color: rgb(107, 173, 222);&quot;&gt;Q&lt;font face=&quot;宋体&quot;&gt;：申根签证直接打印的保单可以用吗？&lt;/font&gt;&lt;/span&gt;&lt;span style=&quot;font-family: 宋体; font-size: 10.5pt;&quot;&gt;&lt;o:p&gt;&lt;/o:p&gt;&lt;/span&gt;&lt;/p&gt;&lt;p class=&quot;MsoNormal&quot; align=&quot;justify&quot; style=&quot;text-align:justify;text-justify:inter-ideograph;&quot;&gt;&lt;span style=&quot;font-family: 宋体; font-size: 10.5pt;&quot;&gt;A&lt;font face=&quot;宋体&quot;&gt;：可以的，只要将保单含保障利益和被保险人信息的页面彩色打印就可以送签，使馆对保单是认可的。&lt;/font&gt;&lt;/span&gt;&lt;span style=&quot;font-family: 宋体; font-size: 10.5pt;&quot;&gt;&lt;o:p&gt;&lt;/o:p&gt;&lt;/span&gt;&lt;/p&gt;&lt;p class=&quot;MsoNormal&quot; align=&quot;justify&quot; style=&quot;text-align:justify;text-justify:inter-ideograph;&quot;&gt;&lt;span style=&quot;font-family: 宋体; font-size: 10.5pt; color: rgb(107, 173, 222);&quot;&gt;Q&lt;font face=&quot;宋体&quot;&gt;：出了险联系谁？&lt;/font&gt;&lt;/span&gt;&lt;span style=&quot;font-family: 宋体; font-size: 10.5pt;&quot;&gt;&lt;o:p&gt;&lt;/o:p&gt;&lt;/span&gt;&lt;/p&gt;&lt;p class=&quot;MsoNormal&quot; align=&quot;justify&quot; style=&quot;text-align:justify;text-justify:inter-ideograph;&quot;&gt;&lt;span style=&quot;font-family: 宋体; font-size: 10.5pt;&quot;&gt;A&lt;font face=&quot;宋体&quot;&gt;：可以拨打安联的&lt;/font&gt;&lt;font face=&quot;Calibri&quot;&gt;24&lt;/font&gt;&lt;font face=&quot;宋体&quot;&gt;小时服务热线，境内热线：&lt;/font&gt;&lt;font face=&quot;Calibri&quot;&gt;400-800-2020&lt;/font&gt;&lt;font face=&quot;宋体&quot;&gt;，境外热线：&lt;/font&gt;&lt;font face=&quot;Calibri&quot;&gt;+86-20-8513-2999&lt;/font&gt;&lt;font face=&quot;宋体&quot;&gt;，将有安联客服一对一指导理赔所需资料、材料寄送直至最终理赔赔付。&lt;/font&gt;&lt;/span&gt;&lt;span style=&quot;font-family: 宋体; font-size: 10.5pt;&quot;&gt;&lt;o:p&gt;&lt;/o:p&gt;&lt;/span&gt;&lt;/p&gt;'),
	(1750, 1, 88, '保障计划', '&lt;p&gt;&lt;b&gt;保障计划&lt;/b&gt;&lt;/p&gt;&lt;p&gt;&lt;img src=&quot;http://img.800czb.com/images/catalog/alqmoybzjh.png&quot; style=&quot;width: 100%;&quot;&gt;&lt;b&gt;&lt;br&gt;&lt;/b&gt;&lt;/p&gt;'),
	(1751, 1, 88, '常见问题', '&lt;p&gt;&lt;b&gt;常见问题&lt;/b&gt;&lt;/p&gt;&lt;p&gt;&lt;a href=&quot;Q:该产品承保恐怖分子引起的意外伤害吗？&quot; style=&quot;color: rgb(107, 173, 222);&quot;&gt;Q:该产品承保恐怖分子引起的意外伤害吗？&lt;/a&gt;&lt;/p&gt;&lt;p&gt;&lt;a href=&quot;A:承保因恐怖分子行为造成的意外伤害；但不包括核生化等。&quot;&gt;&lt;span style=&quot;color: rgb(66, 66, 66);&quot;&gt;A:承保因恐怖分子行为造成的意外伤害；但不包括核生化等。&lt;/span&gt;&lt;/a&gt;&lt;a href=&quot;A:承保因恐怖分子行为造成的意外伤害；但不包括核生化等。&quot; style=&quot;color: rgb(0, 0, 0);&quot;&gt;&lt;/a&gt;&lt;/p&gt;&lt;p&gt;&lt;br&gt;&lt;/p&gt;&lt;p&gt;&lt;a href=&quot;Q:该产品包含拒签保障吗？&quot; style=&quot;color: rgb(107, 173, 222);&quot;&gt;Q:该产品包含拒签保障吗？&lt;/a&gt;&lt;/p&gt;&lt;p&gt;A:产品包含签证拒签保障，适用申根、欧罗斯签证。&lt;/p&gt;&lt;p&gt;&lt;span style=&quot;color: rgb(0, 0, 0);&quot;&gt;&lt;br&gt;&lt;/span&gt;&lt;/p&gt;&lt;p&gt;&lt;a href=&quot;Q:该产品包含商业门票损失保障吗？&quot; style=&quot;color: rgb(107, 173, 222);&quot;&gt;Q:该产品包含商业门票损失保障吗？&lt;/a&gt;&lt;/p&gt;&lt;p&gt;A:产品包含周全的财物保障，特含商业门票损失保障。&lt;/p&gt;&lt;p&gt;&lt;br&gt;&lt;/p&gt;'),
	(1787, 1, 68, '保障计划', '&lt;p&gt;&lt;b&gt;保障计划&lt;/b&gt;&lt;/p&gt;&lt;p&gt;&lt;img src=&quot;http://img.800czb.com/images/catalog/htetywxjh .png&quot; style=&quot;width: 100%;&quot;&gt;&lt;br&gt;&lt;/p&gt;'),
	(1788, 1, 68, '投保须知', '&lt;p&gt;&lt;b&gt;投保须知&lt;/b&gt;&lt;/p&gt;&lt;p&gt;1、经济版、增强版、实惠版、标准版方案被保险人年龄范围为30天-17周岁（含30天与17周岁），至尊版方案仅限于11-17周岁（含11周岁与17周岁）儿童投保，不限于被保险人具备园籍或学籍，涵盖学龄前儿童，每人最多购买一份，超出投保份数无效。&lt;/p&gt;&lt;p&gt;2、根据国务院保险监督管理机构的规定，除航空意外身故责任和和重大自然灾害意外身故责任对应的保险金额外，对于未成年人作为被保险人的人身保险，在被保险人成年之前，各保险合同约定的被保险人死亡给付的保险金额总和、被保险人死亡时各保险公司实际给付的保险金总和按以下限额执行：（一）对于被保险人不满10周岁的，不得超过人民币20万元。（二）对于被保险人已满10周岁但未满18周岁的，不得超过人民币50万元。&lt;/p&gt;&lt;p&gt;3、保险责任与责任免除详见附件条款，请特别留意其中以加黑字体显示的责任免除部分内容。&lt;/p&gt;&lt;p&gt;4、受益人如不填写，则非身故类保险金受益人为被保险人本人，身故保险金按照继承法相关规定处理。&lt;/p&gt;&lt;p&gt;5、本产品仅提供电子保单。&lt;/p&gt;&lt;p&gt;6、退保规则：投保人要求解除本合同时，自保险人接到保险合同解除申请书之日次日零时起，本合同的效力终止。保险人收到证明文件和资料之日起30日内退还未满期净保险费。未满期净保险费=保险费&times;[1-(保险单已经过天数/保险期间天数)]&times;（1-25%），经过天数不足一天的按一天计算。&lt;/p&gt;&lt;p&gt;7、投保次日起，可以通过本公司网页pc.ehuatai.com、客服电话4006095509、营业网点核实保单承保和理赔信息，若对查询结果有异议，可在网站留言、通过客服电话或向营业网点反馈。&lt;/p&gt;'),
	(1789, 1, 68, '常见问题', '&lt;p&gt;&lt;b&gt;常见问题&lt;/b&gt;&lt;/p&gt;&lt;p&gt;&lt;a href=&quot;file:///Q:/%E5%A4%9A%E5%A4%A7%E5%B9%B4%E9%BE%84%E5%8F%AF%E4%BB%A5%E6%8A%95%E4%BF%9D%EF%BC%9F&quot; style=&quot;color: rgb(107, 173, 222);&quot;&gt;Q:多大年龄可以投保？&lt;/a&gt;&lt;/p&gt;&lt;p&gt;&lt;a href=&quot;file:///A:/%E8%A2%AB%E4%BF%9D%E9%99%A9%E4%BA%BA%E5%B9%B4%E9%BE%84%E8%8C%83%E5%9B%B4%E5%9C%A830%E5%A4%A9-17%E5%91%A8%E5%B2%81%EF%BC%88%E5%90%AB30%E5%A4%A9%E5%92%8C17%E5%91%A8%E5%B2%81%EF%BC%89%EF%BC%8C%E4%B8%8D%E9%99%90%E4%BA%8E%E8%A2%AB%E4%BF%9D%E9%99%A9%E4%BA%BA%E5%85%B7%E5%A4%87%E5%9B%AD%E7%B1%8D%E6%88%96%E5%AD%A6%E7%B1%8D%EF%BC%8C%E6%B6%B5%E7%9B%96%E5%AD%A6%E9%BE%84%E5%89%8D%E5%84%BF%E7%AB%A5%E3%80%82&quot; style=&quot;color: rgb(0, 0, 0);&quot;&gt;A:被保险人年龄范围在30天-17周岁（含30天和17周岁），不限于被保险人具备园籍或学籍，涵盖学龄前儿童。&lt;/a&gt;&lt;/p&gt;&lt;p&gt;&lt;span style=&quot;color: rgb(107, 173, 222);&quot;&gt;&lt;a href=&quot;file:///Q:/meir&quot;&gt;Q:&lt;/a&gt;每人最多可以投几份？&lt;/span&gt;&lt;/p&gt;&lt;p&gt;每人最多购买1份，超出投保份数无效。&lt;br&gt;&lt;/p&gt;&lt;div&gt;&lt;br&gt;&lt;/div&gt;'),
	(1792, 1, 53, '保障计划', '&lt;p&gt;&lt;b&gt;保障计划&lt;/b&gt;&lt;/p&gt;&lt;p&gt;&lt;img src=&quot;http://img.800czb.com/images/catalog/alqqlx1.png&quot; style=&quot;width: 100%;&quot;&gt;&lt;img src=&quot;http://img.800czb.com/images/catalog/alqqlx2.png&quot; style=&quot;width: 100%;&quot;&gt;&lt;b&gt;&lt;br&gt;&lt;/b&gt;&lt;/p&gt;'),
	(1793, 1, 53, '常见问题', '&lt;p&gt;&lt;b&gt;常见问题&lt;/b&gt;&lt;/p&gt;&lt;p class=&quot;MsoNormal&quot; align=&quot;justify&quot; style=&quot;mso-para-margin-left:0.0000gd;text-align:justify;text-justify:inter-ideograph;&quot;&gt;&lt;span style=&quot;font-family: 宋体; font-size: 10.5pt; color: rgb(107, 173, 222);&quot;&gt;Q&lt;font face=&quot;宋体&quot;&gt;：生效日期怎么选择？&lt;/font&gt;&lt;/span&gt;&lt;span style=&quot;font-family: 宋体; font-size: 10.5pt;&quot;&gt;&lt;o:p&gt;&lt;/o:p&gt;&lt;/span&gt;&lt;/p&gt;&lt;p class=&quot;MsoNormal&quot; align=&quot;justify&quot; style=&quot;mso-para-margin-left:0.0000gd;text-align:justify;text-justify:inter-ideograph;&quot;&gt;&lt;span style=&quot;font-family: 宋体; font-size: 10.5pt;&quot;&gt;A&lt;font face=&quot;宋体&quot;&gt;：生效日期需选择您从中国大陆出行的日期或出行之前。生效日期为您选择的日期零时生效。&lt;/font&gt;&lt;/span&gt;&lt;span style=&quot;font-family: 宋体; font-size: 10.5pt;&quot;&gt;&lt;o:p&gt;&lt;/o:p&gt;&lt;/span&gt;&lt;/p&gt;&lt;p class=&quot;MsoNormal&quot; align=&quot;justify&quot; style=&quot;mso-para-margin-left:0.0000gd;text-align:justify;text-justify:inter-ideograph;&quot;&gt;&lt;span style=&quot;font-family: 宋体; font-size: 10.5pt; color: rgb(107, 173, 222);&quot;&gt;Q&lt;font face=&quot;宋体&quot;&gt;：保障时间如何选择？&lt;/font&gt;&lt;/span&gt;&lt;span style=&quot;font-family: 宋体; font-size: 10.5pt;&quot;&gt;&lt;o:p&gt;&lt;/o:p&gt;&lt;/span&gt;&lt;/p&gt;&lt;p class=&quot;MsoNormal&quot; align=&quot;justify&quot; style=&quot;mso-para-margin-left:0.0000gd;text-align:justify;text-justify:inter-ideograph;&quot;&gt;&lt;span style=&quot;font-family: 宋体; font-size: 10.5pt;&quot;&gt;A&lt;font face=&quot;宋体&quot;&gt;：保障时间需大于您的行程时间，购买保险时选择覆盖您行程时间的保险保障时间即可。&lt;/font&gt;&lt;/span&gt;&lt;span style=&quot;font-family: 宋体; font-size: 10.5pt;&quot;&gt;&lt;o:p&gt;&lt;/o:p&gt;&lt;/span&gt;&lt;/p&gt;&lt;p class=&quot;MsoNormal&quot;&gt;&lt;span style=&quot;font-family: 宋体; font-size: 10.5pt; color: rgb(107, 173, 222);&quot;&gt;Q:&lt;font face=&quot;宋体&quot;&gt;每次承保的旅程最长时间是多少天？&lt;/font&gt;&lt;/span&gt;&lt;span style=&quot;font-family: 宋体; font-size: 10.5pt;&quot;&gt;&lt;o:p&gt;&lt;/o:p&gt;&lt;/span&gt;&lt;/p&gt;&lt;p class=&quot;MsoNormal&quot;&gt;&lt;span style=&quot;font-family: 宋体; font-size: 10.5pt;&quot;&gt;A: &lt;font face=&quot;宋体&quot;&gt;如保险期间为一年，每次承保旅程最长期限为&lt;/font&gt;&lt;font face=&quot;Calibri&quot;&gt;183&lt;/font&gt;&lt;font face=&quot;宋体&quot;&gt;天。&lt;/font&gt;&lt;/span&gt;&lt;span style=&quot;font-family: 宋体; font-size: 10.5pt;&quot;&gt;&lt;o:p&gt;&lt;/o:p&gt;&lt;/span&gt;&lt;/p&gt;&lt;p class=&quot;MsoNormal&quot;&gt;&lt;span style=&quot;font-family: 宋体; font-size: 10.5pt; color: rgb(107, 173, 222);&quot;&gt;Q:&lt;font face=&quot;宋体&quot;&gt;本产品有除外责任吗？&lt;/font&gt;&lt;/span&gt;&lt;span style=&quot;font-family: 宋体; font-size: 10.5pt;&quot;&gt;&lt;o:p&gt;&lt;/o:p&gt;&lt;/span&gt;&lt;/p&gt;&lt;p class=&quot;MsoNormal&quot;&gt;&lt;span style=&quot;font-family: 宋体; font-size: 10.5pt;&quot;&gt;A:&amp;nbsp;&lt;/span&gt;&lt;font face=&quot;宋体&quot;&gt;详细请参看条款的责任免除部分。&lt;/font&gt;&lt;/p&gt;&lt;p class=&quot;MsoNormal&quot;&gt;&lt;span style=&quot;font-family: 宋体; font-size: 10.5pt; color: rgb(107, 173, 222);&quot;&gt;Q:&lt;font face=&quot;宋体&quot;&gt;每个人每次旅行最多可以投保多少份产品？&lt;/font&gt;&lt;/span&gt;&lt;span style=&quot;font-family: 宋体; font-size: 10.5pt;&quot;&gt;&lt;o:p&gt;&lt;/o:p&gt;&lt;/span&gt;&lt;/p&gt;&lt;p class=&quot;MsoNormal&quot;&gt;&lt;span style=&quot;font-family: 宋体; font-size: 10.5pt;&quot;&gt;&lt;font face=&quot;宋体&quot;&gt;本产品每一被保险人限投一份，若同一个被保险人就同一旅行同时投保本保险公司&lt;/font&gt;2&lt;font face=&quot;宋体&quot;&gt;份（或以上）任何旅行险或航意险产品（不包括团体保险），且在不同产品中有相同保险利益的，则本保险公司仅按所投保产品中保额最高者进行理赔。&lt;/font&gt;&lt;/span&gt;&lt;b&gt;&lt;span style=&quot;font-family: 宋体; font-size: 10.5pt;&quot;&gt;&lt;o:p&gt;&lt;/o:p&gt;&lt;/span&gt;&lt;/b&gt;&lt;/p&gt;'),
	(1828, 1, 80, '保障计划', '&lt;p&gt;&lt;b&gt;保障计划&lt;/b&gt;&lt;/p&gt;&lt;p&gt;&lt;img src=&quot;http://img.800czb.com/images/catalog/20180418184435.png&quot; style=&quot;width: 100%;&quot;&gt;&lt;b&gt;&lt;br&gt;&lt;/b&gt;&lt;/p&gt;'),
	(1839, 1, 76, '保障计划', '&lt;p class=&quot;MsoNormal&quot;&gt;&lt;span style=&quot;font-weight: bold;&quot;&gt;保障计划&lt;/span&gt;&lt;/p&gt;&lt;p class=&quot;MsoNormal&quot;&gt;&lt;img src=&quot;http://img.800czb.com/images/catalog/htfyys_20180419100406.png&quot; style=&quot;width: 100%;&quot;&gt;&lt;span style=&quot;font-weight: bold;&quot;&gt;&lt;br&gt;&lt;/span&gt;&lt;/p&gt;'),
	(1840, 1, 76, '常见问题', '&lt;p class=&quot;MsoNormal&quot;&gt;&lt;span style=&quot;font-family: Helvetica; font-size: 10.5pt; font-weight: bold;&quot;&gt;常见问题&lt;/span&gt;&lt;/p&gt;&lt;p class=&quot;MsoNormal&quot;&gt;&lt;span style=&quot;font-family: 宋体; font-size: 10.5pt; color: rgb(107, 173, 222);&quot;&gt;Q:&lt;font face=&quot;宋体&quot;&gt;什么情况下才可以豁免保单保费？&lt;/font&gt;&lt;/span&gt;&lt;span style=&quot;font-family: Calibri; color: rgb(68, 114, 196); font-size: 10.5pt;&quot;&gt;&lt;o:p&gt;&lt;/o:p&gt;&lt;/span&gt;&lt;/p&gt;&lt;p class=&quot;MsoNormal&quot;&gt;&lt;span style=&quot;font-family: 宋体; font-size: 10.5pt;&quot;&gt;A:&lt;font face=&quot;宋体&quot;&gt;客户投保本计划于保障期间内，若被保人等待期后首次确诊初次发生合同约定的&lt;/font&gt;&lt;font face=&quot;Calibri&quot;&gt;150&lt;/font&gt;&lt;font face=&quot;宋体&quot;&gt;种疾病，或者投保人等待期后首次确诊初次发生全残&lt;/font&gt;&lt;font face=&quot;Calibri&quot;&gt;/&lt;/font&gt;&lt;font face=&quot;宋体&quot;&gt;身故的情况下，可以豁免保单后期未缴纳的保险费。&lt;/font&gt;&lt;/span&gt;&lt;span style=&quot;font-family: Calibri; font-size: 10.5pt;&quot;&gt;&lt;o:p&gt;&lt;/o:p&gt;&lt;/span&gt;&lt;/p&gt;&lt;p class=&quot;MsoNormal&quot;&gt;&lt;span style=&quot;font-family: 宋体; font-size: 10.5pt; color: rgb(107, 173, 222);&quot;&gt;Q:&lt;font face=&quot;宋体&quot;&gt;假如被保险人&lt;/font&gt;&lt;font face=&quot;Calibri&quot;&gt;60&lt;/font&gt;&lt;font face=&quot;宋体&quot;&gt;岁之前获得过重疾理赔，那么&lt;/font&gt;&lt;font face=&quot;Calibri&quot;&gt;60&lt;/font&gt;&lt;font face=&quot;宋体&quot;&gt;岁之后还享有住院关爱津贴吗？&lt;/font&gt;&lt;/span&gt;&lt;span style=&quot;font-family: Calibri; color: rgb(68, 114, 196); font-size: 10.5pt;&quot;&gt;&lt;o:p&gt;&lt;/o:p&gt;&lt;/span&gt;&lt;/p&gt;&lt;p class=&quot;MsoNormal&quot;&gt;&lt;span style=&quot;font-family: 宋体; font-size: 10.5pt;&quot;&gt;A:&lt;font face=&quot;宋体&quot;&gt;若被保险人在年满&lt;/font&gt;&lt;font face=&quot;Calibri&quot;&gt;60&lt;/font&gt;&lt;font face=&quot;宋体&quot;&gt;周岁前&lt;/font&gt;&lt;/span&gt;&lt;b&gt;&lt;span style=&quot;font-family: 宋体; font-size: 10.5pt;&quot;&gt;&lt;font face=&quot;宋体&quot;&gt;未患&lt;/font&gt;&lt;/span&gt;&lt;/b&gt;&lt;span style=&quot;font-family: 宋体; font-size: 10.5pt;&quot;&gt;&lt;font face=&quot;宋体&quot;&gt;合同所列的任何一种重大疾病，则自被保险人年满&lt;/font&gt;60&lt;font face=&quot;宋体&quot;&gt;周岁后经公司认可的医院诊断必须住院治疗的，我们将按合同约定的基本保险金额的&lt;/font&gt;&lt;font face=&quot;Calibri&quot;&gt;0.1%&lt;/font&gt;&lt;font face=&quot;宋体&quot;&gt;乘以住院天数给付住院关爱津贴保险金。若已经获得过重疾理赔，则不再享有住院关爱津贴。&lt;/font&gt;&lt;/span&gt;&lt;span style=&quot;font-family: Calibri; font-size: 10.5pt;&quot;&gt;&lt;o:p&gt;&lt;/o:p&gt;&lt;/span&gt;&lt;/p&gt;&lt;p class=&quot;MsoNormal&quot;&gt;&lt;span style=&quot;font-family: 宋体; font-size: 10.5pt; color: rgb(107, 173, 222);&quot;&gt;Q:&lt;font face=&quot;宋体&quot;&gt;轻症保险金可以累计赔付吗&lt;/font&gt;&lt;font face=&quot;Calibri&quot;&gt;?&lt;/font&gt;&lt;/span&gt;&lt;span style=&quot;font-family: Calibri; color: rgb(68, 114, 196); font-size: 10.5pt;&quot;&gt;&lt;o:p&gt;&lt;/o:p&gt;&lt;/span&gt;&lt;/p&gt;&lt;p class=&quot;MsoNormal&quot;&gt;&lt;span style=&quot;font-family: 宋体; font-size: 10.5pt;&quot;&gt;A:&lt;font face=&quot;宋体&quot;&gt;本产品每种轻症疾病限给付一次&lt;/font&gt;&lt;font face=&quot;Calibri&quot;&gt;,&lt;/font&gt;&lt;font face=&quot;宋体&quot;&gt;给付后该种轻症疾病保险金保险责任终止。不同轻症疾病可以多次给付&lt;/font&gt;&lt;font face=&quot;Calibri&quot;&gt;,&lt;/font&gt;&lt;font face=&quot;宋体&quot;&gt;但本产品的轻症疾病保险金累计给付以三次为限&lt;/font&gt;&lt;font face=&quot;Calibri&quot;&gt;,&lt;/font&gt;&lt;font face=&quot;宋体&quot;&gt;当累计给付的轻症疾病保险金达到三次时&lt;/font&gt;&lt;font face=&quot;Calibri&quot;&gt;,&lt;/font&gt;&lt;font face=&quot;宋体&quot;&gt;轻症疾病保险金保险责任终止&lt;/font&gt;&lt;font face=&quot;Calibri&quot;&gt;,&lt;/font&gt;&lt;font face=&quot;宋体&quot;&gt;若被保险人因同一原因导致发生两种或两种以上的轻症疾病&lt;/font&gt;&lt;font face=&quot;Calibri&quot;&gt;,&lt;/font&gt;&lt;font face=&quot;宋体&quot;&gt;保险公司仅按一种轻症疾病给付轻症疾病保险金。&lt;/font&gt;&lt;/span&gt;&lt;span style=&quot;font-family: Calibri; font-size: 10.5pt;&quot;&gt;&lt;o:p&gt;&lt;/o:p&gt;&lt;/span&gt;&lt;/p&gt;&lt;p class=&quot;MsoNormal&quot;&gt;&lt;span style=&quot;font-family: 宋体; font-size: 10.5pt; color: rgb(107, 173, 222);&quot;&gt;Q:&lt;font face=&quot;宋体&quot;&gt;产品重疾的绿色就医通道包含哪些服务？&lt;/font&gt;&lt;/span&gt;&lt;span style=&quot;font-family: Calibri; color: rgb(68, 114, 196); font-size: 10.5pt;&quot;&gt;&lt;o:p&gt;&lt;/o:p&gt;&lt;/span&gt;&lt;/p&gt;&lt;p class=&quot;MsoNormal&quot;&gt;&lt;span style=&quot;font-family: 宋体; font-size: 10.5pt;&quot;&gt;A:&lt;font face=&quot;宋体&quot;&gt;本产品除了提供充足的保障之外，还贴心地配备了&lt;/font&gt;&lt;font face=&quot;Calibri&quot;&gt;120&lt;/font&gt;&lt;font face=&quot;宋体&quot;&gt;救护车、门诊挂号、住院安排、手术安排、第二诊疗意见等绿色就医通道服务，为重疾治疗保驾护航。&lt;/font&gt;&lt;/span&gt;&lt;/p&gt;'),
	(1841, 1, 74, '保障计划', '&lt;p&gt;&lt;b&gt;保障计划&lt;/b&gt;&lt;/p&gt;&lt;p&gt;&lt;img src=&quot;http://img.800czb.com/images/catalog/alxbb_20180419095425.png&quot; style=&quot;width: 100%;&quot;&gt;&lt;b&gt;&lt;br&gt;&lt;/b&gt;&lt;/p&gt;'),
	(1842, 1, 74, '常见问题', '&lt;p&gt;&lt;b&gt;常见问题&lt;/b&gt;&lt;/p&gt;&lt;p class=&quot;MsoNormal&quot;&gt;&lt;span style=&quot;font-family: 宋体; font-size: 10.5pt; color: rgb(107, 173, 222);&quot;&gt;Q&lt;font face=&quot;宋体&quot;&gt;：多大的孩子可以买？&lt;/font&gt;&lt;/span&gt;&lt;span style=&quot;font-family: 宋体; font-size: 10.5pt;&quot;&gt;&lt;o:p&gt;&lt;/o:p&gt;&lt;/span&gt;&lt;/p&gt;&lt;p class=&quot;MsoNormal&quot;&gt;&lt;span style=&quot;font-family: 宋体; font-size: 10.5pt;&quot;&gt;A&lt;font face=&quot;宋体&quot;&gt;：本产品投保年龄范围为&lt;/font&gt;&lt;font face=&quot;Calibri&quot;&gt;60&lt;/font&gt;&lt;font face=&quot;宋体&quot;&gt;天&lt;/font&gt;&lt;font face=&quot;Calibri&quot;&gt;-12&lt;/font&gt;&lt;font face=&quot;宋体&quot;&gt;周岁。&lt;/font&gt;&lt;/span&gt;&lt;span style=&quot;font-family: 宋体; font-size: 10.5pt;&quot;&gt;&lt;o:p&gt;&lt;/o:p&gt;&lt;/span&gt;&lt;/p&gt;&lt;p class=&quot;MsoNormal&quot;&gt;&lt;span style=&quot;font-family: 宋体; font-size: 10.5pt; color: rgb(107, 173, 222);&quot;&gt;Q&lt;font face=&quot;宋体&quot;&gt;：可以多买几份，提供保额吗？&lt;/font&gt;&lt;/span&gt;&lt;span style=&quot;font-family: 宋体; font-size: 10.5pt;&quot;&gt;&lt;o:p&gt;&lt;/o:p&gt;&lt;/span&gt;&lt;/p&gt;&lt;p class=&quot;MsoNormal&quot;&gt;&lt;span style=&quot;font-family: 宋体; font-size: 10.5pt;&quot;&gt;A&lt;font face=&quot;宋体&quot;&gt;：不行，每一个被保险人限投一份，多投无效。&lt;/font&gt;&lt;/span&gt;&lt;span style=&quot;font-family: 宋体; font-size: 10.5pt;&quot;&gt;&lt;o:p&gt;&lt;/o:p&gt;&lt;/span&gt;&lt;/p&gt;&lt;p class=&quot;MsoNormal&quot;&gt;&lt;span style=&quot;font-family: 宋体; font-size: 10.5pt; color: rgb(107, 173, 222);&quot;&gt;Q&lt;font face=&quot;宋体&quot;&gt;：孩子不小心打碎了商场的花瓶，可以赔吗？&lt;/font&gt;&lt;/span&gt;&lt;span style=&quot;font-family: 宋体; font-size: 10.5pt;&quot;&gt;&lt;o:p&gt;&lt;/o:p&gt;&lt;/span&gt;&lt;/p&gt;&lt;p class=&quot;MsoNormal&quot;&gt;&lt;span style=&quot;font-family: 宋体; font-size: 10.5pt;&quot;&gt;A&lt;font face=&quot;宋体&quot;&gt;：可以，本保障计划含公共场所个人责任，每次事故免赔额&lt;/font&gt;&lt;font face=&quot;Calibri&quot;&gt;500&lt;/font&gt;&lt;font face=&quot;宋体&quot;&gt;元，单件物品损坏赔偿责任限额&lt;/font&gt;&lt;font face=&quot;Calibri&quot;&gt;10,000&lt;/font&gt;&lt;font face=&quot;宋体&quot;&gt;元，累计保额&lt;/font&gt;&lt;font face=&quot;Calibri&quot;&gt;50000&lt;/font&gt;&lt;font face=&quot;宋体&quot;&gt;元。&lt;/font&gt;&lt;/span&gt;&lt;span style=&quot;font-family: 宋体; font-size: 10.5pt;&quot;&gt;&lt;o:p&gt;&lt;/o:p&gt;&lt;/span&gt;&lt;/p&gt;'),
	(1846, 1, 69, '保障计划', '&lt;p&gt;&lt;b&gt;保障计划&lt;/b&gt;&lt;/p&gt;&lt;p&gt;&lt;img src=&quot;http://img.800czb.com/images/catalog/alza2018jh.png&quot; style=&quot;width: 100%;&quot;&gt;&lt;b&gt;&lt;br&gt;&lt;/b&gt;&lt;/p&gt;'),
	(1847, 1, 69, '常见问题', '&lt;p class=&quot;MsoNormal&quot; align=&quot;justify&quot; style=&quot;font-weight: bold; text-align: justify;&quot;&gt;&lt;span style=&quot;font-family: Helvetica; font-size: 10.5pt;&quot;&gt;常见问题&lt;/span&gt;&lt;br&gt;&lt;/p&gt;&lt;p class=&quot;MsoNormal&quot; align=&quot;justify&quot; style=&quot;font-weight: bold; text-align: justify;&quot;&gt;&lt;span style=&quot;font-family: 宋体; font-weight: normal; font-size: 10.5pt; color: rgb(107, 173, 222);&quot;&gt;Q:&amp;nbsp;&lt;font face=&quot;宋体&quot;&gt;如客户之前曾因身体问题做过手术或曾接受治疗，最近两年身体一切情况良好，是否可以投保臻爱医疗？&lt;/font&gt;&lt;/span&gt;&lt;span style=&quot;font-family: 宋体; font-weight: normal; font-size: 10.5pt;&quot;&gt;&lt;o:p&gt;&lt;/o:p&gt;&lt;/span&gt;&lt;/p&gt;&lt;p class=&quot;MsoNormal&quot; align=&quot;justify&quot; style=&quot;font-weight: bold; text-align: justify;&quot;&gt;&lt;span style=&quot;font-family: 宋体; font-weight: normal; font-size: 10.5pt;&quot;&gt;A:&amp;nbsp;&lt;font face=&quot;宋体&quot;&gt;请客户确认清楚并符合臻爱的投保条件和要注意的以下问题，按自己所拥有的健康常识选择性投保：&lt;/font&gt;&lt;font face=&quot;Calibri&quot;&gt;1&lt;/font&gt;&lt;font face=&quot;宋体&quot;&gt;、请她确认健康告知里面的内容是否都符合；&lt;/font&gt;&lt;font face=&quot;Calibri&quot;&gt;2&lt;/font&gt;&lt;font face=&quot;宋体&quot;&gt;、近&amp;nbsp;&lt;/font&gt;&lt;font face=&quot;Calibri&quot;&gt;2&amp;nbsp;&lt;/font&gt;&lt;font face=&quot;宋体&quot;&gt;年如有任何检查都无异常；&lt;/font&gt;&lt;font face=&quot;Calibri&quot;&gt;3&lt;/font&gt;&lt;font face=&quot;宋体&quot;&gt;、客户做过手术或曾接受治疗，其投保前的任何既往病症都是按除外责任处理的；&lt;/font&gt;&lt;font face=&quot;Calibri&quot;&gt;4&lt;/font&gt;&lt;font face=&quot;宋体&quot;&gt;、若客户在投保后的索赔疾病与其投保前疾病存在明显的因果关系，我们是会按既往病症拒赔的。&lt;/font&gt;&lt;/span&gt;&lt;span style=&quot;font-family: 宋体; font-weight: normal; font-size: 10.5pt;&quot;&gt;&lt;o:p&gt;&lt;/o:p&gt;&lt;/span&gt;&lt;/p&gt;&lt;p class=&quot;MsoNormal&quot; align=&quot;justify&quot; style=&quot;font-weight: bold; text-align: justify;&quot;&gt;&lt;span style=&quot;font-family: 宋体; font-weight: normal; font-size: 10.5pt; color: rgb(107, 173, 222);&quot;&gt;Q:&amp;nbsp;&lt;font face=&quot;宋体&quot;&gt;如客户患有不符合健康告知的既往疾病，但投保时未如实告知，保单生效后发生意外导致身故或伤残的，或首次确诊与既往疾病不相关的疾病，能否获得理赔？&lt;/font&gt;&lt;/span&gt;&lt;span style=&quot;font-family: 宋体; font-weight: normal; font-size: 10.5pt;&quot;&gt;&lt;o:p&gt;&lt;/o:p&gt;&lt;/span&gt;&lt;/p&gt;&lt;p class=&quot;MsoNormal&quot; align=&quot;justify&quot; style=&quot;font-weight: bold; text-align: justify;&quot;&gt;&lt;span style=&quot;font-family: 宋体; font-weight: normal; font-size: 10.5pt;&quot;&gt;A:&amp;nbsp;&lt;font face=&quot;宋体&quot;&gt;我们的条款和投保须知已明确要求客户投保前要仔细阅读条款，并对自己健康状况如实告知，如客户投保时未如实告知，则其后产生的任何医疗费用，我司均有权利拒赔，并按条款要求解除合同。&lt;/font&gt;&lt;/span&gt;&lt;span style=&quot;font-family: 宋体; font-weight: normal; font-size: 10.5pt;&quot;&gt;&lt;o:p&gt;&lt;/o:p&gt;&lt;/span&gt;&lt;/p&gt;&lt;p class=&quot;MsoNormal&quot; align=&quot;justify&quot; style=&quot;font-weight: bold; text-align: justify;&quot;&gt;&lt;span style=&quot;font-family: 宋体; font-weight: normal; font-size: 10.5pt; color: rgb(107, 173, 222);&quot;&gt;Q:&amp;nbsp;&lt;font face=&quot;宋体&quot;&gt;刚接受完剖腹产手术，是否可以立刻投保臻爱保险？顺产的情况呢？&lt;/font&gt;&lt;/span&gt;&lt;span style=&quot;font-family: 宋体; font-weight: normal; font-size: 10.5pt;&quot;&gt;&lt;o:p&gt;&lt;/o:p&gt;&lt;/span&gt;&lt;/p&gt;&lt;p class=&quot;MsoNormal&quot; align=&quot;justify&quot; style=&quot;font-weight: bold; text-align: justify;&quot;&gt;&lt;span style=&quot;font-family: 宋体; font-weight: normal; font-size: 10.5pt;&quot;&gt;A:&amp;nbsp;&lt;font face=&quot;宋体&quot;&gt;剖腹产或顺产的客户，请根据问卷内容，确认是否存在近&amp;nbsp;&lt;/font&gt;&lt;font face=&quot;Calibri&quot;&gt;1&amp;nbsp;&lt;/font&gt;&lt;font face=&quot;宋体&quot;&gt;年中是否有请病假（因妊娠反应等）及其他不适症状等，自身评估是否符合我们的投保资格。如此类客户怀孕前后患有妊娠并发症，建议&amp;nbsp;&lt;/font&gt;&lt;font face=&quot;Calibri&quot;&gt;2&amp;nbsp;&lt;/font&gt;&lt;font face=&quot;宋体&quot;&gt;年后再投保臻爱保险。&lt;/font&gt;&lt;/span&gt;&lt;span style=&quot;font-family: 宋体; font-weight: normal; font-size: 10.5pt;&quot;&gt;&lt;o:p&gt;&lt;/o:p&gt;&lt;/span&gt;&lt;/p&gt;&lt;p class=&quot;MsoNormal&quot; align=&quot;justify&quot; style=&quot;font-weight: bold; text-align: justify;&quot;&gt;&lt;span style=&quot;font-family: 宋体; font-weight: normal; font-size: 10.5pt; color: rgb(107, 173, 222);&quot;&gt;Q&lt;font face=&quot;宋体&quot;&gt;：如果投保时没有仔细阅读健康告知，投保后才发现存在不符合臻爱的投保要求，能否申请退保？是否能全额退保？&lt;/font&gt;&lt;/span&gt;&lt;span style=&quot;font-family: 宋体; font-weight: normal; font-size: 10.5pt;&quot;&gt;&lt;o:p&gt;&lt;/o:p&gt;&lt;/span&gt;&lt;/p&gt;&lt;p class=&quot;MsoNormal&quot; align=&quot;justify&quot; style=&quot;font-weight: bold; text-align: justify;&quot;&gt;&lt;span style=&quot;font-family: 宋体; font-weight: normal; font-size: 10.5pt;&quot;&gt;A&lt;font face=&quot;宋体&quot;&gt;：建议立即联系安联客服或代理渠道客服办理退保，如保单未生效，我安联将全额退保，如保单已生效，安联公司仅退还保单未满期保费，退保将会造成客户的损失。未满期净保费&lt;/font&gt;&lt;font face=&quot;Calibri&quot;&gt;=&lt;/font&gt;&lt;font face=&quot;宋体&quot;&gt;保险费&times;&lt;/font&gt;&lt;font face=&quot;Calibri&quot;&gt;[1-(&lt;/font&gt;&lt;font face=&quot;宋体&quot;&gt;保险单已经过天数&lt;/font&gt;&lt;font face=&quot;Calibri&quot;&gt;/&lt;/font&gt;&lt;font face=&quot;宋体&quot;&gt;保险期间天数&lt;/font&gt;&lt;font face=&quot;Calibri&quot;&gt;)]&amp;nbsp;&lt;/font&gt;&lt;font face=&quot;宋体&quot;&gt;&times;（&lt;/font&gt;&lt;font face=&quot;Calibri&quot;&gt;1-25%&lt;/font&gt;&lt;font face=&quot;宋体&quot;&gt;）。经过天数不足一天的按一天计算。&lt;/font&gt;&lt;/span&gt;&lt;span style=&quot;font-family: 宋体; font-weight: normal; font-size: 10.5pt;&quot;&gt;&lt;o:p&gt;&lt;/o:p&gt;&lt;/span&gt;&lt;/p&gt;&lt;p class=&quot;MsoNormal&quot; align=&quot;justify&quot; style=&quot;font-weight: bold; text-align: justify;&quot;&gt;&lt;span style=&quot;font-family: 宋体; font-weight: normal; font-size: 10.5pt; color: rgb(107, 173, 222);&quot;&gt;Q:&amp;nbsp;&lt;font face=&quot;宋体&quot;&gt;健康告知第一条的&ldquo;现时&rdquo;是指投保当天还是一个时间区间？&lt;/font&gt;&lt;/span&gt;&lt;span style=&quot;font-family: 宋体; font-weight: normal; font-size: 10.5pt;&quot;&gt;&lt;o:p&gt;&lt;/o:p&gt;&lt;/span&gt;&lt;/p&gt;&lt;p class=&quot;MsoNormal&quot; align=&quot;justify&quot; style=&quot;font-weight: bold; text-align: justify;&quot;&gt;&lt;span style=&quot;font-family: 宋体; font-weight: normal; font-size: 10.5pt;&quot;&gt;A:&lt;font face=&quot;宋体&quot;&gt;时间区间，指投保当天前后的&amp;nbsp;&lt;/font&gt;&lt;font face=&quot;Calibri&quot;&gt;3&amp;nbsp;&lt;/font&gt;&lt;font face=&quot;宋体&quot;&gt;个月。&lt;/font&gt;&lt;/span&gt;&lt;span style=&quot;font-family: 宋体; font-weight: normal; font-size: 10.5pt;&quot;&gt;&lt;o:p&gt;&lt;/o:p&gt;&lt;/span&gt;&lt;/p&gt;&lt;p class=&quot;MsoNormal&quot; align=&quot;justify&quot; style=&quot;font-weight: bold; text-align: justify;&quot;&gt;&lt;span style=&quot;font-family: 宋体; font-weight: normal; font-size: 10.5pt; color: rgb(107, 173, 222);&quot;&gt;Q:&lt;font face=&quot;宋体&quot;&gt;医疗保险金赔付至上限后是否会影响意外保险金额度？&lt;/font&gt;&lt;/span&gt;&lt;span style=&quot;font-family: 宋体; font-weight: normal; font-size: 10.5pt;&quot;&gt;&lt;o:p&gt;&lt;/o:p&gt;&lt;/span&gt;&lt;/p&gt;&lt;p class=&quot;MsoNormal&quot; align=&quot;justify&quot; style=&quot;font-weight: bold; text-align: justify;&quot;&gt;&lt;span style=&quot;font-family: 宋体; font-weight: normal; font-size: 10.5pt;&quot;&gt;A:&lt;font face=&quot;宋体&quot;&gt;如医疗保险金已用完，只要保单仍处于保险期间，不影响意外保险金赔付额度。&lt;/font&gt;&lt;/span&gt;&lt;span style=&quot;font-family: 宋体; font-weight: normal; font-size: 10.5pt;&quot;&gt;&lt;o:p&gt;&lt;/o:p&gt;&lt;/span&gt;&lt;/p&gt;&lt;p class=&quot;MsoNormal&quot; align=&quot;justify&quot; style=&quot;font-weight: bold; text-align: justify;&quot;&gt;&lt;span style=&quot;font-family: 宋体; font-weight: normal; font-size: 10.5pt; color: rgb(107, 173, 222);&quot;&gt;Q:&lt;font face=&quot;宋体&quot;&gt;在哪些医院接受住院治疗或特殊门诊治疗可以获得赔付？&lt;/font&gt;&lt;/span&gt;&lt;span style=&quot;font-family: 宋体; font-weight: normal; font-size: 10.5pt;&quot;&gt;&lt;o:p&gt;&lt;/o:p&gt;&lt;/span&gt;&lt;/p&gt;&lt;p class=&quot;MsoNormal&quot; align=&quot;justify&quot; style=&quot;font-weight: bold; text-align: justify;&quot;&gt;&lt;span style=&quot;font-family: 宋体; font-weight: normal; font-size: 10.5pt;&quot;&gt;A:&lt;font face=&quot;宋体&quot;&gt;被保险人因意外或疾病在中华人民共和国境内（不含港澳台）二级及以上医院，或保险人认可的医院（不含特需病房、外宾疾病或其它不属于社会医疗保险范畴的高级病房）接受住院或特殊门诊治疗的，安联臻爱医疗保险将赔付被保险人需个人支付的、必须且合理的医疗费用。北京市平谷区、密云县、怀柔区所有医院除外。&lt;/font&gt;&lt;/span&gt;&lt;span style=&quot;font-family: 宋体; font-weight: normal; font-size: 10.5pt;&quot;&gt;&lt;o:p&gt;&lt;/o:p&gt;&lt;/span&gt;&lt;/p&gt;&lt;p class=&quot;MsoNormal&quot; align=&quot;justify&quot; style=&quot;font-weight: bold; text-align: justify;&quot;&gt;&lt;span style=&quot;font-family: 宋体; font-weight: normal; font-size: 10.5pt; color: rgb(107, 173, 222);&quot;&gt;Q:&lt;font face=&quot;宋体&quot;&gt;什么是免赔额？免赔额&amp;nbsp;&lt;/font&gt;&lt;font face=&quot;Calibri&quot;&gt;1&amp;nbsp;&lt;/font&gt;&lt;font face=&quot;宋体&quot;&gt;万是指年度累计免赔额？是适用于所有费用吗？&lt;/font&gt;&lt;/span&gt;&lt;span style=&quot;font-family: 宋体; font-weight: normal; font-size: 10.5pt;&quot;&gt;&lt;o:p&gt;&lt;/o:p&gt;&lt;/span&gt;&lt;/p&gt;&lt;p class=&quot;MsoNormal&quot; align=&quot;justify&quot; style=&quot;font-weight: bold; text-align: justify;&quot;&gt;&lt;span style=&quot;font-family: 宋体; font-weight: normal; font-size: 10.5pt;&quot;&gt;A:&lt;font face=&quot;宋体&quot;&gt;免赔额指由被保险人自行承担，是本保单不予赔偿的部分。一般医疗保险金年度累计免赔额为&amp;nbsp;&lt;/font&gt;&lt;font face=&quot;Calibri&quot;&gt;1&amp;nbsp;&lt;/font&gt;&lt;font face=&quot;宋体&quot;&gt;万；&lt;/font&gt;&lt;font face=&quot;Calibri&quot;&gt;6&amp;nbsp;&lt;/font&gt;&lt;font face=&quot;宋体&quot;&gt;种重大疾病无免赔额。&lt;/font&gt;&lt;/span&gt;&lt;span style=&quot;font-family: 宋体; font-weight: normal; font-size: 10.5pt;&quot;&gt;&lt;o:p&gt;&lt;/o:p&gt;&lt;/span&gt;&lt;/p&gt;&lt;p class=&quot;MsoNormal&quot; align=&quot;justify&quot; style=&quot;font-weight: bold; text-align: justify;&quot;&gt;&lt;span style=&quot;font-family: 宋体; font-weight: normal; font-size: 10.5pt; color: rgb(107, 173, 222);&quot;&gt;Q:&lt;font face=&quot;宋体&quot;&gt;单位或者其他保险公司已经报销的费用可以抵扣&amp;nbsp;&lt;/font&gt;&lt;font face=&quot;Calibri&quot;&gt;1&amp;nbsp;&lt;/font&gt;&lt;font face=&quot;宋体&quot;&gt;万元免赔额么？&lt;/font&gt;&lt;/span&gt;&lt;span style=&quot;font-family: 宋体; font-weight: normal; font-size: 10.5pt;&quot;&gt;&lt;o:p&gt;&lt;/o:p&gt;&lt;/span&gt;&lt;/p&gt;&lt;p class=&quot;MsoNormal&quot; align=&quot;justify&quot; style=&quot;font-weight: bold; text-align: justify;&quot;&gt;&lt;span style=&quot;font-family: 宋体; font-weight: normal; font-size: 10.5pt;&quot;&gt;A:&lt;font face=&quot;宋体&quot;&gt;被保险人从其他途径已获得的医疗费用补偿可用于抵扣免赔额。但通过社会医疗保险和公费医疗保险获得的补偿，不可用于抵扣免赔额。&lt;/font&gt;&lt;/span&gt;&lt;/p&gt;'),
	(1848, 1, 84, '保障计划', '&lt;p&gt;&lt;b&gt;保障计划&lt;/b&gt;&lt;/p&gt;&lt;p&gt;&lt;b&gt;&amp;nbsp; &amp;nbsp; &amp;nbsp; &amp;nbsp; &amp;nbsp; &amp;nbsp; &amp;nbsp; &amp;nbsp; &amp;nbsp; &amp;nbsp; &amp;nbsp; &amp;nbsp; &amp;nbsp; &amp;nbsp; &amp;nbsp; &amp;nbsp; &amp;nbsp; &amp;nbsp; &amp;nbsp; &amp;nbsp; &amp;nbsp; &amp;nbsp; &amp;nbsp;标准计划 &amp;nbsp; &amp;nbsp; &amp;nbsp; &amp;nbsp; &amp;nbsp; &amp;nbsp;尊贵计划 &amp;nbsp; &amp;nbsp;&lt;/b&gt;&lt;/p&gt;&lt;p&gt;&lt;b&gt;住院医疗保险金 &amp;nbsp; &amp;nbsp; &amp;nbsp; &amp;nbsp; &amp;nbsp; &amp;nbsp; &amp;nbsp; &amp;nbsp; &amp;nbsp; &amp;nbsp; &amp;nbsp;1600万 &amp;nbsp; &amp;nbsp; &amp;nbsp; &amp;nbsp; &amp;nbsp; &amp;nbsp; 1600万 &amp;nbsp; &amp;nbsp; &amp;nbsp; &amp;nbsp; &amp;nbsp; &amp;nbsp;&lt;/b&gt;&lt;/p&gt;&lt;p&gt;&lt;b&gt;住院医疗免赔额 &amp;nbsp; &amp;nbsp; &amp;nbsp; &amp;nbsp; &amp;nbsp; &amp;nbsp; &amp;nbsp; &amp;nbsp; &amp;nbsp; &amp;nbsp; &amp;nbsp; &amp;nbsp; 0 &amp;nbsp; &amp;nbsp; &amp;nbsp; &amp;nbsp; &amp;nbsp; &amp;nbsp; &amp;nbsp; &amp;nbsp; &amp;nbsp; &amp;nbsp; &amp;nbsp; &amp;nbsp;0&lt;/b&gt;&lt;/p&gt;&lt;p&gt;&lt;b&gt;门急诊医疗保险金 &amp;nbsp; &amp;nbsp; &amp;nbsp; &amp;nbsp; &amp;nbsp; &amp;nbsp; &amp;nbsp; &amp;nbsp; &amp;nbsp; &amp;nbsp;10万 &amp;nbsp; &amp;nbsp; &amp;nbsp; &amp;nbsp; &amp;nbsp; &amp;nbsp; &amp;nbsp; &amp;nbsp;100万&lt;/b&gt;&lt;/p&gt;&lt;p&gt;&lt;b&gt;门急诊医疗每次免赔额 &amp;nbsp; &amp;nbsp; &amp;nbsp; &amp;nbsp; &amp;nbsp; &amp;nbsp;300元 &amp;nbsp; &amp;nbsp; &amp;nbsp; &amp;nbsp; &amp;nbsp; &amp;nbsp; &amp;nbsp; 300元&lt;/b&gt;&lt;/p&gt;&lt;p&gt;&lt;b&gt;门诊医疗次数限制 &amp;nbsp; &amp;nbsp; &amp;nbsp; &amp;nbsp; &amp;nbsp; &amp;nbsp; &amp;nbsp; &amp;nbsp; &amp;nbsp; &amp;nbsp;10次 &amp;nbsp; &amp;nbsp; &amp;nbsp; &amp;nbsp; &amp;nbsp; &amp;nbsp; &amp;nbsp; &amp;nbsp; &amp;nbsp; &amp;nbsp;0&lt;/b&gt;&lt;/p&gt;&lt;p&gt;&lt;b&gt;公立医院 &amp;nbsp; &amp;nbsp; &amp;nbsp; &amp;nbsp; &amp;nbsp; &amp;nbsp; &amp;nbsp; &amp;nbsp; &amp;nbsp; &amp;nbsp; &amp;nbsp; &amp;nbsp; &amp;nbsp; &amp;nbsp; &amp;nbsp; 100%赔付 &amp;nbsp; &amp;nbsp; &amp;nbsp; &amp;nbsp; &amp;nbsp; 100%赔付&lt;/b&gt;&lt;/p&gt;&lt;p&gt;&lt;b&gt;私立医疗机构 &amp;nbsp; &amp;nbsp; &amp;nbsp; &amp;nbsp; &amp;nbsp; &amp;nbsp; &amp;nbsp; &amp;nbsp; &amp;nbsp; &amp;nbsp; &amp;nbsp; &amp;nbsp; 80%赔付 &amp;nbsp; &amp;nbsp; &amp;nbsp; &amp;nbsp; &amp;nbsp; &amp;nbsp;80%赔付&lt;/b&gt;&lt;/p&gt;&lt;p&gt;&lt;b&gt;昂贵医院 &amp;nbsp; &amp;nbsp; &amp;nbsp; &amp;nbsp; &amp;nbsp; &amp;nbsp; &amp;nbsp; &amp;nbsp; &amp;nbsp; &amp;nbsp; &amp;nbsp; &amp;nbsp; &amp;nbsp; &amp;nbsp; &amp;nbsp; &amp;nbsp;50%赔付 &amp;nbsp; &amp;nbsp; &amp;nbsp; &amp;nbsp; &amp;nbsp; &amp;nbsp;50%赔付&lt;/b&gt;&lt;/p&gt;&lt;p&gt;&lt;b&gt;&lt;/b&gt;&lt;/p&gt;&lt;p&gt;&lt;b&gt;境外医疗 &amp;nbsp; &amp;nbsp; &amp;nbsp; &amp;nbsp; &amp;nbsp; &amp;nbsp; &amp;nbsp; &amp;nbsp; &amp;nbsp; &amp;nbsp; &amp;nbsp; &amp;nbsp; &amp;nbsp; &amp;nbsp; &amp;nbsp; 第二诊疗意见及境外就医安排 &amp;nbsp;&lt;/b&gt;&lt;/p&gt;'),
	(1849, 1, 84, '常见问题', '&lt;p&gt;&lt;b&gt;常见问题&lt;/b&gt;&lt;/p&gt;&lt;p&gt;&lt;span style=&quot;color: rgb(107, 173, 222);&quot;&gt;Q:看门诊是否有次数限制？&lt;/span&gt;&lt;/p&gt;&lt;p&gt;A:标准计划的门诊次数限额为 10 次，尊贵计划无门诊次数限额限制。&lt;/p&gt;&lt;p&gt;&lt;span style=&quot;color: rgb(107, 173, 222);&quot;&gt;Q:什么是免赔额？这个产品是否含免赔额？&lt;/span&gt;&lt;/p&gt;&lt;p&gt;A:免赔额指由被保险人自行承担，是本保单不予赔偿的部分。住院医疗保险金无免赔额，标准计划和尊贵计划门急诊医疗保险金每次免赔为 300 元。&lt;/p&gt;&lt;p&gt;&lt;span style=&quot;color: rgb(107, 173, 222);&quot;&gt;Q:每项保障是否有保额限制？&lt;/span&gt;&lt;/p&gt;&lt;p&gt;A:保险期间内，中医药门急诊治疗费次数限额是 6 次，每次最高 200 元。其它保障费用都没有无单项诊疗限额。&lt;/p&gt;&lt;p&gt;&lt;/p&gt;&lt;p&gt;&lt;a href=&quot;Q:单位或者其他保险公司已经报销的费用可以抵扣免赔额么？&quot;&gt;Q:单位或者其他保险公司已经报销的费用可以抵扣免赔额么？&lt;/a&gt;&lt;/p&gt;&lt;p&gt;A:被保险人从其他途径已获得的医疗费用补偿可用于抵扣免赔额。但通过社会医疗保险和 公费医疗保险获得的补偿，不可用于抵扣免赔额。&lt;/p&gt;&lt;p&gt;&lt;span style=&quot;color: rgb(107, 173, 222);&quot;&gt;Q:怎样算是有社保？新农合属于社会医疗保险么？&lt;/span&gt;&lt;/p&gt;&lt;p&gt;A:社会医疗保险是指包括新型农村合作医疗、城镇职工基本医疗保险、城镇居民基本医疗保险等政府举办的基本医疗保障项目。如果客户已经投保了&ldquo;新农合&rdquo;，请选择&ldquo;有社保&rdquo;。&lt;/p&gt;&lt;p&gt;&lt;span style=&quot;color: rgb(107, 173, 222);&quot;&gt;Q:如果理赔过，还可以续保吗？续保价格是否会有影响？&lt;/span&gt;&lt;/p&gt;&lt;p&gt;&lt;/p&gt;&lt;p&gt;&lt;a href=&quot;A:条款明确定规对于健康如实告知投保的被保险人，费率、承保条件等调整适用于本合同的所有被保险人或同一投保年龄段的所有被保险人，保险人不会因为某一被保险人的健康状况变化或历史理赔情况而单独调整该被保险人的连续投保费率。但若客户投保时未如实告知，保险人保留对该被保险人的连续投保费率、承保条件等调整的权利。&quot; style=&quot;color: rgb(0, 0, 0);&quot;&gt;A:条款明确定规对于健康如实告知投保的被保险人，费率、承保条件等调整适用于本合同的所有被保险人或同一投保年龄段的所有被保险人，保险人不会因为某一被保险人的健康状况变化或历史理赔情况而单独调整该被保险人的连续投保费率。但若客户投保时未如实告知，保险人保留对该被保险人的连续投保费率、承保条件等调整的权利。&lt;/a&gt;&lt;/p&gt;&lt;p&gt;&lt;span style=&quot;color: rgb(107, 173, 222);&quot;&gt;Q: 如保险到期日未如期续保，是否有宽限期？&lt;/span&gt;&lt;/p&gt;&lt;p&gt;A: 请与保险到期日 7 天内重新投保，我司可将此保单视为续保保单，不再计算等待期。&lt;/p&gt;&lt;p&gt;&lt;span style=&quot;color: rgb(107, 173, 222);&quot;&gt;Q: 生孩子的费用可以赔付吗？&lt;/span&gt;&lt;/p&gt;&lt;p&gt;&lt;/p&gt;&lt;p&gt;A: 不可以。以下原因导致的医疗费用均属于免除责任：被保险人怀孕（含宫外孕）、任何原因导致流产、分娩（含剖腹产）、避孕、绝育手术、治疗不孕不育症、人工受孕及由此导致的并发症。&lt;/p&gt;'),
	(1865, 1, 55, '保障计划', '&lt;p&gt;&lt;b style=&quot;font-size: 14px;&quot;&gt;保障计划&lt;/b&gt;&lt;br&gt;&lt;/p&gt;&lt;p&gt;&lt;img src=&quot;http://img.800czb.com/images/catalog/httrwybzjhb.png&quot; style=&quot;width: 100%;&quot;&gt;&lt;/p&gt;&lt;p&gt;&lt;b&gt;&lt;br&gt;&lt;/b&gt;&lt;/p&gt;'),
	(1866, 1, 55, '投保须知', '&lt;p&gt;&lt;b&gt;投保须知&lt;/b&gt;&lt;/p&gt;&lt;p class=&quot;MsoNormal&quot; align=&quot;center&quot; style=&quot;text-align: justify;&quot;&gt;&lt;font face=&quot;Helvetica&quot;&gt;&lt;span style=&quot;font-size: 10px;&quot;&gt;1、投保人：18周岁以上有完全民事行为能力人，并与被保险人；存在可保利益&lt;/span&gt;&lt;/font&gt;&lt;/p&gt;&lt;p class=&quot;MsoNormal&quot; align=&quot;center&quot; style=&quot;text-align: justify;&quot;&gt;&lt;font face=&quot;Helvetica&quot;&gt;&lt;span style=&quot;font-size: 10px;&quot;&gt;--本产品投保人与被保险关系须为：本人、配偶、子女、父母；&lt;/span&gt;&lt;/font&gt;&lt;/p&gt;&lt;p class=&quot;MsoNormal&quot; align=&quot;center&quot; style=&quot;text-align: justify;&quot;&gt;&lt;font face=&quot;Helvetica&quot;&gt;&lt;span style=&quot;font-size: 10px;&quot;&gt;2、被保险人：&lt;/span&gt;&lt;/font&gt;&lt;/p&gt;&lt;p class=&quot;MsoNormal&quot; align=&quot;center&quot; style=&quot;text-align: justify;&quot;&gt;&lt;font face=&quot;Helvetica&quot;&gt;&lt;span style=&quot;font-size: 10px;&quot;&gt;--初次投保时年龄为30天（含）至60周岁（含），身体健康的自然人，可续保至80周岁；&lt;/span&gt;&lt;/font&gt;&lt;/p&gt;&lt;p class=&quot;MsoNormal&quot; align=&quot;center&quot; style=&quot;text-align: justify;&quot;&gt;&lt;font face=&quot;Helvetica&quot;&gt;&lt;span style=&quot;font-size: 10px;&quot;&gt;--《华泰财险职业类别表》中的 1-4 类人员；&lt;/span&gt;&lt;/font&gt;&lt;/p&gt;&lt;p class=&quot;MsoNormal&quot; align=&quot;center&quot; style=&quot;text-align: justify;&quot;&gt;&lt;font face=&quot;Helvetica&quot;&gt;&lt;span style=&quot;font-size: 10px;&quot;&gt;3、等待期：本产品的等待期为30天&lt;/span&gt;&lt;/font&gt;&lt;/p&gt;&lt;p class=&quot;MsoNormal&quot; align=&quot;center&quot; style=&quot;text-align: justify;&quot;&gt;&lt;font face=&quot;Helvetica&quot;&gt;&lt;span style=&quot;font-size: 10px;&quot;&gt;--其中扁桃腺、甲状腺、疝气、女性乳腺生殖系统疾病的检查与治疗等待期为120天；意外医疗及续保无等待期；&lt;/span&gt;&lt;/font&gt;&lt;/p&gt;&lt;p class=&quot;MsoNormal&quot; align=&quot;center&quot; style=&quot;text-align: justify;&quot;&gt;&lt;font face=&quot;Helvetica&quot;&gt;&lt;span style=&quot;font-size: 10px;&quot;&gt;4、社保：是指包括新型农村合作医疗、城镇职工基本医疗保险、城镇居民基本医疗保险、少儿医保等政府举办的基本医疗保障项目；&lt;/span&gt;&lt;/font&gt;&lt;/p&gt;&lt;p class=&quot;MsoNormal&quot; align=&quot;center&quot; style=&quot;text-align: justify;&quot;&gt;&lt;font face=&quot;Helvetica&quot;&gt;&lt;span style=&quot;font-size: 10px;&quot;&gt;5、免赔额：一般医疗保险金年免赔额1万，确诊恶性肿瘤且住院，豁免确诊日后及续保年度恶性肿瘤保险金的免赔额；&lt;/span&gt;&lt;/font&gt;&lt;/p&gt;&lt;p class=&quot;MsoNormal&quot; align=&quot;center&quot; style=&quot;text-align: justify;&quot;&gt;&lt;font face=&quot;Helvetica&quot;&gt;&lt;span style=&quot;font-size: 10px;&quot;&gt;6、请根据实际情况确认是否有社会医疗保险，以有社会医疗保险身份参保，但未以社会医疗保险身份就诊并结算的，本保险按照应赔付金额的60%进行赔付；&lt;/span&gt;&lt;/font&gt;&lt;/p&gt;&lt;p class=&quot;MsoNormal&quot; align=&quot;center&quot; style=&quot;text-align: justify;&quot;&gt;&lt;font face=&quot;Helvetica&quot;&gt;&lt;span style=&quot;font-size: 10px;&quot;&gt;7、本保单仅限1-4类职业投保，因超出上述职业类别出险的为除外责任；&lt;/span&gt;&lt;/font&gt;&lt;/p&gt;&lt;p class=&quot;MsoNormal&quot; align=&quot;center&quot; style=&quot;text-align: justify;&quot;&gt;&lt;font face=&quot;Helvetica&quot;&gt;&lt;span style=&quot;font-size: 10px;&quot;&gt;8、投保人/被保险人选择投保本产品成功后即认为投保人/被保险人认可华泰保险提供的免费重大疾病绿色通道+国内二次诊疗+住院垫付服务，同意华泰保险将保单信息提供给指定的第三方服务机构，以便保证在您需要的时候可以快速有效的给您提供服务；&lt;/span&gt;&lt;/font&gt;&lt;/p&gt;&lt;p class=&quot;MsoNormal&quot; align=&quot;center&quot; style=&quot;text-align: justify;&quot;&gt;&lt;font face=&quot;Helvetica&quot;&gt;&lt;span style=&quot;font-size: 10px;&quot;&gt;9、免费重大疾病绿色通道+国内二次诊疗+住院垫付服务的重大疾病范围详见《重大疾病清单》；&lt;/span&gt;&lt;/font&gt;&lt;/p&gt;&lt;p class=&quot;MsoNormal&quot; align=&quot;center&quot; style=&quot;text-align: justify;&quot;&gt;&lt;font face=&quot;Helvetica&quot;&gt;&lt;span style=&quot;font-size: 10px;&quot;&gt;10、退保规则：投保人要求解除本合同时，自保险人接到保险合同解除申请书之日次日零时起，本合同的效力终止。保险人收到证明文件和资料之日起30日内退还未满期净保险费。未满期净保险费=保险费&times;[1-(保险单已经过天数/保险期间天数)]&times;（1-35%），经过天数不足一天的按一天计算；&lt;/span&gt;&lt;/font&gt;&lt;/p&gt;&lt;p class=&quot;MsoNormal&quot; align=&quot;center&quot; style=&quot;text-align: justify;&quot;&gt;&lt;font face=&quot;Helvetica&quot;&gt;&lt;span style=&quot;font-size: 10px;&quot;&gt;11、本保单保费分期缴付（共计12期），保费分期缴付的缴费周期为1个月，每次缴费日期以第一次缴费的日期数为准，未缴付首期保费，保险合同不成立，保险人不承担保险责任。如投保人未按照保险合同约定的付款时间足额缴付当期保费，且在本保险合同约定的付款宽限期内仍未足额补缴当期保费的，本保险合同的保险期间在上一缴费周期结束时终止。对于保险期间终止后发生的保险事故，保险人不承担保险责任。本保险合同的付款宽限期为7天；&lt;/span&gt;&lt;/font&gt;&lt;/p&gt;&lt;p class=&quot;MsoNormal&quot; align=&quot;center&quot; style=&quot;text-align: justify;&quot;&gt;&lt;font face=&quot;Helvetica&quot;&gt;&lt;span style=&quot;font-size: 10px;&quot;&gt;12、医院：&lt;/span&gt;&lt;/font&gt;&lt;/p&gt;&lt;p class=&quot;MsoNormal&quot; align=&quot;center&quot; style=&quot;text-align: justify;&quot;&gt;&lt;font face=&quot;Helvetica&quot;&gt;&lt;span style=&quot;font-size: 10px;&quot;&gt;--二级或以上的综合性或专科医院或保险人认可的医疗机构，且仅限于上述医院的普通部，不包括如下机构或医疗服务：&lt;/span&gt;&lt;/font&gt;&lt;/p&gt;&lt;p class=&quot;MsoNormal&quot; align=&quot;center&quot; style=&quot;text-align: justify;&quot;&gt;&lt;font face=&quot;Helvetica&quot;&gt;&lt;span style=&quot;font-size: 10px;&quot;&gt;-- 特需医疗、外宾医疗、干部病房、联合病房、国际医疗中心、VIP部、联合医院；&lt;/span&gt;&lt;/font&gt;&lt;/p&gt;&lt;p class=&quot;MsoNormal&quot; align=&quot;center&quot; style=&quot;text-align: justify;&quot;&gt;&lt;font face=&quot;Helvetica&quot;&gt;&lt;span style=&quot;font-size: 10px;&quot;&gt;-- 诊所、康复中心、家庭病床、护理机构；&lt;/span&gt;&lt;/font&gt;&lt;/p&gt;&lt;p class=&quot;MsoNormal&quot; align=&quot;center&quot; style=&quot;text-align: justify;&quot;&gt;&lt;font face=&quot;Helvetica&quot;&gt;&lt;span style=&quot;font-size: 10px;&quot;&gt;--休养、戒酒、戒毒中心。&lt;/span&gt;&lt;/font&gt;&lt;/p&gt;&lt;p class=&quot;MsoNormal&quot; align=&quot;center&quot; style=&quot;text-align: justify;&quot;&gt;&lt;font face=&quot;Helvetica&quot;&gt;&lt;span style=&quot;font-size: 10px;&quot;&gt;13、本产品每一被保险人同一保险期间限投保1份，多投无效；&lt;/span&gt;&lt;/font&gt;&lt;/p&gt;&lt;p class=&quot;MsoNormal&quot; align=&quot;center&quot; style=&quot;text-align: justify;&quot;&gt;&lt;font face=&quot;Helvetica&quot;&gt;&lt;span style=&quot;font-size: 10px;&quot;&gt;14、保障区域：本产品医疗责任保障区域限于中国境内，不包括港澳台地区；&lt;/span&gt;&lt;/font&gt;&lt;/p&gt;&lt;p class=&quot;MsoNormal&quot; align=&quot;center&quot; style=&quot;text-align: justify;&quot;&gt;&lt;font face=&quot;Helvetica&quot;&gt;&lt;span style=&quot;font-size: 10px;&quot;&gt;15、部分除外责任：&lt;/span&gt;&lt;/font&gt;&lt;/p&gt;&lt;p class=&quot;MsoNormal&quot; align=&quot;center&quot; style=&quot;text-align: justify;&quot;&gt;&lt;font face=&quot;Helvetica&quot;&gt;&lt;span style=&quot;font-size: 10px;&quot;&gt;--被保险人在初次投保或非连续投保前所患既往症；&lt;/span&gt;&lt;/font&gt;&lt;/p&gt;&lt;p class=&quot;MsoNormal&quot; align=&quot;center&quot; style=&quot;text-align: justify;&quot;&gt;&lt;font face=&quot;Helvetica&quot;&gt;&lt;span style=&quot;font-size: 10px;&quot;&gt;--等待期内出现的疾病、症状或体征；等待期内接受检查但在等待期后确诊的疾病；&lt;/span&gt;&lt;/font&gt;&lt;/p&gt;&lt;p class=&quot;MsoNormal&quot; align=&quot;center&quot; style=&quot;text-align: justify;&quot;&gt;&lt;font face=&quot;Helvetica&quot;&gt;&lt;span style=&quot;font-size: 10px;&quot;&gt;--合同生效前\\等待期内已接受或曾被医生建议需采取诊疗措施的任何疾病或症状。&lt;/span&gt;&lt;/font&gt;&lt;/p&gt;'),
	(1867, 1, 55, '常见问题', '&lt;p&gt;&lt;b&gt;常见问题&lt;/b&gt;&lt;/p&gt;&lt;p class=&quot;MsoNormal&quot;&gt;&lt;span style=&quot;font-family: 宋体; font-size: 10.5pt; color: rgb(107, 173, 222);&quot;&gt;Q:&lt;font face=&quot;宋体&quot;&gt;一般医疗保险金和恶性肿瘤保险金可以共用的吗？&lt;/font&gt;&lt;/span&gt;&lt;span style=&quot;font-family: 宋体; font-size: 10.5pt;&quot;&gt;&lt;o:p&gt;&lt;/o:p&gt;&lt;/span&gt;&lt;/p&gt;&lt;p class=&quot;MsoNormal&quot;&gt;&lt;span style=&quot;font-family: 宋体; font-size: 10.5pt;&quot;&gt;A:&lt;font face=&quot;宋体&quot;&gt;因恶性肿瘤以外原因就医，在扣除免赔额后，必须使用一般医疗保险金，不可使用恶性肿瘤保险金；患恶性肿瘤就医，先使用一般医疗保险金，一般医疗保险金额度使用完毕后，再使用恶性肿瘤保险金。&lt;/font&gt;&lt;/span&gt;&lt;span style=&quot;font-family: 宋体; font-size: 10.5pt;&quot;&gt;&lt;o:p&gt;&lt;/o:p&gt;&lt;/span&gt;&lt;/p&gt;&lt;p class=&quot;MsoNormal&quot;&gt;&lt;span style=&quot;font-family: 宋体; font-size: 10.5pt; color: rgb(107, 173, 222);&quot;&gt;Q:&lt;font face=&quot;宋体&quot;&gt;合理医疗费用怎么界定？自费检查项目能保险报销吗？&lt;/font&gt;&lt;/span&gt;&lt;span style=&quot;font-family: 宋体; font-size: 10.5pt;&quot;&gt;&lt;o:p&gt;&lt;/o:p&gt;&lt;/span&gt;&lt;/p&gt;&lt;p class=&quot;MsoNormal&quot;&gt;&lt;span style=&quot;font-family: 宋体; font-size: 10.5pt;&quot;&gt;A:&lt;font face=&quot;宋体&quot;&gt;合理医疗费用：&amp;nbsp;&lt;/font&gt;&lt;font face=&quot;Calibri&quot;&gt;1&lt;/font&gt;&lt;font face=&quot;宋体&quot;&gt;、符合通常惯例：指与接受医疗服务所在地通行治疗规范、通行治疗方法、平均医疗费用价格水平一致的费用。 对是否符合通常惯例由保险人根据客观、审慎、合理的原则进行审核；如果被保险人对审核结果有不同意见，可由双方认同的权威医学机构或者权威医学专家进行审核鉴定。&amp;nbsp;&lt;/font&gt;&lt;font face=&quot;Calibri&quot;&gt;2&lt;/font&gt;&lt;font face=&quot;宋体&quot;&gt;、医学必需：指医疗费用符合下列所有条件： （&lt;/font&gt;&lt;font face=&quot;Calibri&quot;&gt;1&lt;/font&gt;&lt;font face=&quot;宋体&quot;&gt;）治疗意外伤害或者疾病所必需的项目； （&lt;/font&gt;&lt;font face=&quot;Calibri&quot;&gt;2&lt;/font&gt;&lt;font face=&quot;宋体&quot;&gt;）不超过安全、足量治疗原则的项目； （&lt;/font&gt;&lt;font face=&quot;Calibri&quot;&gt;3&lt;/font&gt;&lt;font face=&quot;宋体&quot;&gt;）由医生开具的处方药； （&lt;/font&gt;&lt;font face=&quot;Calibri&quot;&gt;4&lt;/font&gt;&lt;font face=&quot;宋体&quot;&gt;）非试验性的、非研究性的项目 （&lt;/font&gt;&lt;font face=&quot;Calibri&quot;&gt;5&lt;/font&gt;&lt;font face=&quot;宋体&quot;&gt;）与接受治疗当地普遍接受的医疗专业实践标准一致的项目。 对是否医学必需由保险人根据客观、审慎、合理的原则进行审核；如果被保险人对审核结果有不同意见，可由双方认同的权威医学机构或者权威医学专家进行审核鉴定。 非与此疾病相关的其他自费项目不能报销。&lt;/font&gt;&lt;/span&gt;&lt;span style=&quot;font-family: 宋体; font-size: 10.5pt;&quot;&gt;&lt;o:p&gt;&lt;/o:p&gt;&lt;/span&gt;&lt;/p&gt;&lt;p class=&quot;MsoNormal&quot;&gt;&lt;span style=&quot;font-family: 宋体; font-size: 10.5pt; color: rgb(107, 173, 222);&quot;&gt;Q:&lt;font face=&quot;宋体&quot;&gt;如果客户有社保，以有社保身份购买这个产品，但是实际就医过程中并没有使用社保，如何理赔？&lt;/font&gt;&lt;/span&gt;&lt;span style=&quot;font-family: 宋体; font-size: 10.5pt;&quot;&gt;&lt;o:p&gt;&lt;/o:p&gt;&lt;/span&gt;&lt;/p&gt;&lt;p class=&quot;MsoNormal&quot;&gt;&lt;span style=&quot;font-family: 宋体; font-size: 10.5pt;&quot;&gt;A:&lt;font face=&quot;宋体&quot;&gt;若被保险人以有社会医疗保险身份投保，但未以社会医疗保险身份就诊并结算的，本保险按照应赔付金额的&lt;/font&gt;&lt;font face=&quot;Calibri&quot;&gt;60%&lt;/font&gt;&lt;font face=&quot;宋体&quot;&gt;进行赔付。举个例子：小李有社保，在&lt;/font&gt;&lt;font face=&quot;Calibri&quot;&gt;**&lt;/font&gt;&lt;font face=&quot;宋体&quot;&gt;人寿购买了住院保险，同时购买了泰然无忧&lt;/font&gt;&lt;font face=&quot;Calibri&quot;&gt;-&lt;/font&gt;&lt;font face=&quot;宋体&quot;&gt;百万医疗保障计划。某次住院及特殊门诊花费合理费用&lt;/font&gt;&lt;font face=&quot;Calibri&quot;&gt;5.6&lt;/font&gt;&lt;font face=&quot;宋体&quot;&gt;万，其中由于异地就医并没有使用社保，&lt;/font&gt;&lt;font face=&quot;Calibri&quot;&gt;**&lt;/font&gt;&lt;font face=&quot;宋体&quot;&gt;人寿报销&lt;/font&gt;&lt;font face=&quot;Calibri&quot;&gt;0.8&lt;/font&gt;&lt;font face=&quot;宋体&quot;&gt;万，小李可到华泰报销以下金额：【&lt;/font&gt;&lt;font face=&quot;Calibri&quot;&gt;5.6-0.8&lt;/font&gt;&lt;font face=&quot;宋体&quot;&gt;】&lt;/font&gt;&lt;font face=&quot;Calibri&quot;&gt;*0.6=2.88&lt;/font&gt;&lt;font face=&quot;宋体&quot;&gt;万，按赔付金额的&lt;/font&gt;&lt;font face=&quot;Calibri&quot;&gt;60%&lt;/font&gt;&lt;font face=&quot;宋体&quot;&gt;进行赔付。本次医疗费用，小李自付部分为：&lt;/font&gt;&lt;font face=&quot;Calibri&quot;&gt;5.6-0.8-2.88=1.92&lt;/font&gt;&lt;font face=&quot;宋体&quot;&gt;万&lt;/font&gt;&lt;/span&gt;&lt;span style=&quot;font-family: 宋体; font-size: 10.5pt;&quot;&gt;&lt;o:p&gt;&lt;/o:p&gt;&lt;/span&gt;&lt;/p&gt;&lt;p class=&quot;MsoNormal&quot;&gt;&lt;span style=&quot;font-family: 宋体; font-size: 10.5pt; color: rgb(107, 173, 222);&quot;&gt;Q:&lt;font face=&quot;宋体&quot;&gt;这个产品的等待期是几天？&lt;/font&gt;&lt;/span&gt;&lt;span style=&quot;font-family: 宋体; font-size: 10.5pt;&quot;&gt;&lt;o:p&gt;&lt;/o:p&gt;&lt;/span&gt;&lt;/p&gt;&lt;p class=&quot;MsoNormal&quot;&gt;&lt;span style=&quot;font-family: 宋体; font-size: 10.5pt;&quot;&gt;A:&lt;font face=&quot;宋体&quot;&gt;本产品的等待期为&lt;/font&gt;&lt;font face=&quot;Calibri&quot;&gt;30&lt;/font&gt;&lt;font face=&quot;宋体&quot;&gt;天，其中扁桃腺、甲状腺、疝气、女性乳腺生殖系统疾病的检查与治疗等待期为&lt;/font&gt;&lt;font face=&quot;Calibri&quot;&gt;120&lt;/font&gt;&lt;font face=&quot;宋体&quot;&gt;天；&lt;/font&gt;&lt;font face=&quot;Calibri&quot;&gt;--&lt;/font&gt;&lt;font face=&quot;宋体&quot;&gt;意外医疗及续保无等待期。&lt;/font&gt;&lt;/span&gt;&lt;span style=&quot;font-family: 宋体; font-size: 10.5pt;&quot;&gt;&lt;o:p&gt;&lt;/o:p&gt;&lt;/span&gt;&lt;/p&gt;&lt;p class=&quot;MsoNormal&quot;&gt;&lt;span style=&quot;font-family: 宋体; font-size: 10.5pt; color: rgb(107, 173, 222);&quot;&gt;Q:&lt;font face=&quot;宋体&quot;&gt;每年都有等待期吗？&lt;/font&gt;&lt;/span&gt;&lt;span style=&quot;font-family: 宋体; font-size: 10.5pt;&quot;&gt;&lt;o:p&gt;&lt;/o:p&gt;&lt;/span&gt;&lt;/p&gt;&lt;p class=&quot;MsoNormal&quot;&gt;&lt;span style=&quot;font-family: 宋体; font-size: 10.5pt;&quot;&gt;A:&lt;font face=&quot;宋体&quot;&gt;情况一：及时续保：无等待期。即上年保险到期前完成续保工作的称为及时续保，或连续投保（保险期间结束前&lt;/font&gt;&lt;font face=&quot;Calibri&quot;&gt;30&lt;/font&gt;&lt;font face=&quot;宋体&quot;&gt;日内均可办理续保工作）； 情况二：首次投保&lt;/font&gt;&lt;font face=&quot;Calibri&quot;&gt;&amp;amp;&lt;/font&gt;&lt;font face=&quot;宋体&quot;&gt;超时续保：重新计算等待期。即上年保险到期前未完成续保工作的称为超时续保，或非连续投保。为了您及您的家人可以及时得到连续的保障，请在上年保险到期前完成续保工作。&lt;/font&gt;&lt;/span&gt;&lt;span style=&quot;font-family: 宋体; font-size: 10.5pt;&quot;&gt;&lt;o:p&gt;&lt;/o:p&gt;&lt;/span&gt;&lt;/p&gt;&lt;p class=&quot;MsoNormal&quot;&gt;&lt;span style=&quot;font-family: 宋体; font-size: 10.5pt; color: rgb(107, 173, 222);&quot;&gt;Q:&lt;font face=&quot;宋体&quot;&gt;曾经理赔过还可以续保么？续保是否有等待期和重新填写健康告知？&lt;/font&gt;&lt;/span&gt;&lt;span style=&quot;font-family: 宋体; font-size: 10.5pt;&quot;&gt;&lt;o:p&gt;&lt;/o:p&gt;&lt;/span&gt;&lt;/p&gt;&lt;p class=&quot;MsoNormal&quot;&gt;&lt;span style=&quot;font-family: 宋体; font-size: 10.5pt;&quot;&gt;A:&lt;font face=&quot;宋体&quot;&gt;华泰泰然无忧百万医疗保障计划不会因为被保险人的健康状况变化或历史理赔情况而拒绝被保险人续保或者单独调整被保险人的续保保费。投保人可在保单到期前联系华泰客服、门店或相关业务人员完成续保，无等待期也无需重新填写健康告知。保险合同期日满前会通过短信告知投保人进行续保。&lt;/font&gt;&lt;/span&gt;&lt;/p&gt;&lt;p class=&quot;MsoNormal&quot;&gt;&lt;span style=&quot;font-family: 宋体; font-size: 10.5pt; color: rgb(107, 173, 222);&quot;&gt;Q:&lt;font face=&quot;宋体&quot;&gt;我报案后需要多久才能收到赔款？&lt;/font&gt;&lt;/span&gt;&lt;span style=&quot;font-family: 宋体; font-size: 10.5pt;&quot;&gt;&lt;o:p&gt;&lt;/o:p&gt;&lt;/span&gt;&lt;/p&gt;&lt;p class=&quot;MsoNormal&quot;&gt;&lt;span style=&quot;font-family: 宋体; font-size: 10.5pt;&quot;&gt;A:&lt;font face=&quot;宋体&quot;&gt;在索赔材料齐全的情况下，一般在&lt;/font&gt;&lt;font face=&quot;Calibri&quot;&gt;10&lt;/font&gt;&lt;font face=&quot;宋体&quot;&gt;个工作日之内获得赔付。所以请您积极配合将索赔材料准备齐全。具体请咨询华泰&lt;/font&gt;&lt;font face=&quot;Calibri&quot;&gt;7*24&lt;/font&gt;&lt;font face=&quot;宋体&quot;&gt;小时客服电话&lt;/font&gt;&lt;font face=&quot;Calibri&quot;&gt;4006095509&lt;/font&gt;&lt;font face=&quot;宋体&quot;&gt;。&lt;/font&gt;&lt;/span&gt;&lt;span style=&quot;font-family: 宋体; font-size: 10.5pt;&quot;&gt;&lt;o:p&gt;&lt;/o:p&gt;&lt;/span&gt;&lt;/p&gt;&lt;p class=&quot;MsoNormal&quot;&gt;&lt;span style=&quot;font-family: 宋体; font-size: 10.5pt; color: rgb(107, 173, 222);&quot;&gt;Q:&lt;font face=&quot;宋体&quot;&gt;如何在华泰官网查询保单承保信息进行保单验真？&lt;/font&gt;&lt;/span&gt;&lt;span style=&quot;font-family: 宋体; font-size: 10.5pt;&quot;&gt;&lt;o:p&gt;&lt;/o:p&gt;&lt;/span&gt;&lt;/p&gt;&lt;p class=&quot;MsoNormal&quot;&gt;&lt;span style=&quot;font-family: 宋体; font-size: 10.5pt;&quot;&gt;A:&lt;font face=&quot;宋体&quot;&gt;请登录投保成功短信中提示的华泰官网查询网址&lt;/font&gt;&lt;font face=&quot;Calibri&quot;&gt;http://agt.ehuatai.com/nonautoquery/&amp;nbsp;&lt;/font&gt;&lt;font face=&quot;宋体&quot;&gt;。填写登录信息时，类别选择&ldquo;家庭财产、意外伤害保险&rdquo;，保单号在投保成功短信或在平台&ldquo;保险服务&rdquo;频道中查询；密码填写被保险人名字或身份证号，即可登录查询保单承保信息。&lt;/font&gt;&lt;/span&gt;&lt;span style=&quot;font-family: 宋体; font-size: 10.5pt;&quot;&gt;&lt;o:p&gt;&lt;/o:p&gt;&lt;/span&gt;&lt;/p&gt;&lt;p class=&quot;MsoNormal&quot;&gt;&lt;span style=&quot;font-family: 宋体; font-size: 10.5pt; color: rgb(107, 173, 222);&quot;&gt;Q:&lt;font face=&quot;宋体&quot;&gt;我想退保请问怎么处理？&lt;/font&gt;&lt;/span&gt;&lt;span style=&quot;font-family: 宋体; font-size: 10.5pt;&quot;&gt;&lt;o:p&gt;&lt;/o:p&gt;&lt;/span&gt;&lt;/p&gt;&lt;p class=&quot;MsoNormal&quot;&gt;&lt;span style=&quot;font-family: 宋体; font-size: 10.5pt;&quot;&gt;A:&lt;font face=&quot;宋体&quot;&gt;请咨询华泰&lt;/font&gt;&lt;font face=&quot;Calibri&quot;&gt;7*24&lt;/font&gt;&lt;font face=&quot;宋体&quot;&gt;小时客服电话&lt;/font&gt;&lt;font face=&quot;Calibri&quot;&gt;4006095509&lt;/font&gt;&lt;font face=&quot;宋体&quot;&gt;。&lt;/font&gt;&lt;/span&gt;&lt;span style=&quot;font-family: 宋体; font-size: 10.5pt;&quot;&gt;&lt;o:p&gt;&lt;/o:p&gt;&lt;/span&gt;&lt;/p&gt;&lt;p class=&quot;MsoNormal&quot;&gt;&lt;span style=&quot;font-family: 宋体; font-size: 10.5pt; color: rgb(107, 173, 222);&quot;&gt;Q:&lt;font face=&quot;宋体&quot;&gt;我需要发票，去哪里要？&lt;/font&gt;&lt;/span&gt;&lt;span style=&quot;font-family: 宋体; font-size: 10.5pt;&quot;&gt;&lt;o:p&gt;&lt;/o:p&gt;&lt;/span&gt;&lt;/p&gt;&lt;p class=&quot;MsoNormal&quot;&gt;&lt;span style=&quot;font-family: 宋体; font-size: 10.5pt;&quot;&gt;A:&lt;font face=&quot;宋体&quot;&gt;本产品提供机打发票，如有需要，请致电华泰客服电话&lt;/font&gt;&lt;font face=&quot;Calibri&quot;&gt;4006095509&lt;/font&gt;&lt;font face=&quot;宋体&quot;&gt;索要发票，谢谢！&lt;/font&gt;&lt;/span&gt;&lt;span style=&quot;font-family: 宋体; font-size: 10.5pt;&quot;&gt;&lt;o:p&gt;&lt;/o:p&gt;&lt;/span&gt;&lt;/p&gt;&lt;p class=&quot;MsoNormal&quot;&gt;&lt;span style=&quot;font-family: 宋体; font-size: 10.5pt; color: rgb(107, 173, 222);&quot;&gt;Q:&lt;font face=&quot;宋体&quot;&gt;如果患的是原位癌怎么处理？&lt;/font&gt;&lt;/span&gt;&lt;span style=&quot;font-family: 宋体; font-size: 10.5pt;&quot;&gt;&lt;o:p&gt;&lt;/o:p&gt;&lt;/span&gt;&lt;/p&gt;&lt;p class=&quot;MsoNormal&quot;&gt;&lt;span style=&quot;font-family: 宋体; font-size: 10.5pt;&quot;&gt;A:&lt;font face=&quot;宋体&quot;&gt;原位癌按照条款规定是恶性肿瘤除外的项目，按照一般医疗保险金处理即可。&lt;/font&gt;&lt;/span&gt;&lt;span style=&quot;font-family: 宋体; font-size: 10.5pt;&quot;&gt;&lt;o:p&gt;&lt;/o:p&gt;&lt;/span&gt;&lt;/p&gt;&lt;p class=&quot;MsoNormal&quot;&gt;&lt;span style=&quot;font-family: 宋体; font-size: 10.5pt; color: rgb(107, 173, 222);&quot;&gt;Q:&lt;font face=&quot;宋体&quot;&gt;持医生的处方在院外的诊所、药店购药可以理赔吗？&lt;/font&gt;&lt;/span&gt;&lt;span style=&quot;font-family: 宋体; font-size: 10.5pt;&quot;&gt;&lt;o:p&gt;&lt;/o:p&gt;&lt;/span&gt;&lt;/p&gt;&lt;p class=&quot;MsoNormal&quot;&gt;&lt;span style=&quot;font-family: 宋体; font-size: 10.5pt;&quot;&gt;A:&lt;font face=&quot;宋体&quot;&gt;不可以。需要在医院内产生的费用才行。&lt;/font&gt;&lt;/span&gt;&lt;span style=&quot;font-family: 宋体; font-size: 10.5pt;&quot;&gt;&lt;o:p&gt;&lt;/o:p&gt;&lt;/span&gt;&lt;/p&gt;&lt;p class=&quot;MsoNormal&quot;&gt;&lt;span style=&quot;font-family: 宋体; font-size: 10.5pt; color: rgb(107, 173, 222);&quot;&gt;Q:&lt;font face=&quot;宋体&quot;&gt;恶性肿瘤靶向治疗药物在院外购买可以吗？&lt;/font&gt;&lt;/span&gt;&lt;span style=&quot;font-family: 宋体; font-size: 10.5pt;&quot;&gt;&lt;o:p&gt;&lt;/o:p&gt;&lt;/span&gt;&lt;/p&gt;&lt;p class=&quot;MsoNormal&quot;&gt;&lt;span style=&quot;font-family: 宋体; font-size: 10.5pt;&quot;&gt;A:&lt;font face=&quot;宋体&quot;&gt;不可以。目前能治疗肿瘤的医院级别基本都在二级以上的公立医院，这样级别的医院可以满足药品由医院提供。&lt;/font&gt;&lt;/span&gt;&lt;span style=&quot;font-family: 宋体; font-size: 10.5pt;&quot;&gt;&lt;o:p&gt;&lt;/o:p&gt;&lt;/span&gt;&lt;/p&gt;&lt;p class=&quot;MsoNormal&quot;&gt;&lt;span style=&quot;font-family: 宋体; font-size: 10.5pt; color: rgb(107, 173, 222);&quot;&gt;Q:&lt;font face=&quot;宋体&quot;&gt;器官移植的供体方的医疗费用可以理赔吗？&lt;/font&gt;&lt;/span&gt;&lt;span style=&quot;font-family: 宋体; font-size: 10.5pt;&quot;&gt;&lt;o:p&gt;&lt;/o:p&gt;&lt;/span&gt;&lt;/p&gt;&lt;p class=&quot;MsoNormal&quot;&gt;&lt;span style=&quot;font-family: 宋体; font-size: 10.5pt;&quot;&gt;A:&lt;font face=&quot;宋体&quot;&gt;不可以的，仅限于被保险人作为受体方产生的器官移植费用。&lt;/font&gt;&lt;/span&gt;&lt;/p&gt;&lt;p&gt;&lt;br&gt;&lt;/p&gt;'),
	(1898, 1, 77, '保障计划', '&lt;p class=&quot;MsoNormal&quot;&gt;&lt;span style=&quot;font-weight: bold;&quot;&gt;保障计划&lt;/span&gt;&lt;/p&gt;&lt;p class=&quot;MsoNormal&quot;&gt;&lt;img src=&quot;http://img.800czb.com/images/catalog/20180418171045.png&quot; style=&quot;width: 100%;&quot;&gt;&lt;span style=&quot;font-family: 宋体; font-size: 10.5pt;&quot;&gt;&lt;font face=&quot;宋体&quot;&gt;&lt;br&gt;&lt;/font&gt;&lt;/span&gt;&lt;span style=&quot;font-family: 宋体; font-size: 10.5pt;&quot;&gt;&lt;o:p&gt;&lt;/o:p&gt;&lt;/span&gt;&lt;/p&gt;'),
	(1899, 1, 77, '常见问题', '&lt;p&gt;&lt;b&gt;常见问题&lt;/b&gt;&lt;/p&gt;&lt;p class=&quot;MsoNormal&quot;&gt;&lt;span style=&quot;font-family: 宋体; font-size: 10.5pt; color: rgb(107, 173, 222);&quot;&gt;Q:&lt;font face=&quot;宋体&quot;&gt;本产品保单签发地是哪里？&lt;/font&gt;&lt;/span&gt;&lt;span style=&quot;font-family: 宋体; font-size: 10.5pt;&quot;&gt;&lt;o:p&gt;&lt;/o:p&gt;&lt;/span&gt;&lt;/p&gt;&lt;p class=&quot;MsoNormal&quot;&gt;&lt;span style=&quot;font-family: 宋体; font-size: 10.5pt;&quot;&gt;A:&lt;font face=&quot;宋体&quot;&gt;深圳&lt;/font&gt;&lt;/span&gt;&lt;span style=&quot;font-family: 宋体; font-size: 10.5pt;&quot;&gt;&lt;o:p&gt;&lt;/o:p&gt;&lt;/span&gt;&lt;/p&gt;&lt;p class=&quot;MsoNormal&quot;&gt;&lt;span style=&quot;font-family: 宋体; font-size: 10.5pt; color: rgb(107, 173, 222);&quot;&gt;Q:&lt;font face=&quot;宋体&quot;&gt;合理且必要的医疗费用指哪些？&lt;/font&gt;&lt;/span&gt;&lt;span style=&quot;font-family: 宋体; font-size: 10.5pt;&quot;&gt;&lt;o:p&gt;&lt;/o:p&gt;&lt;/span&gt;&lt;/p&gt;&lt;p class=&quot;MsoNormal&quot;&gt;&lt;span style=&quot;font-family: 宋体; font-size: 10.5pt;&quot;&gt;A:&lt;font face=&quot;宋体&quot;&gt;合理且必要的医疗费用：指意外伤害治疗期间发生的符合保单签发地政府当时适用的《城镇职工基本医疗保险药品目录》、《城镇职工基本医疗保险诊疗项目目录》、《城镇职工基本医疗保险医疗服务设施项目范围》及相关规定的医疗费用，不含以下费用：&lt;/font&gt;&lt;/span&gt;&lt;span style=&quot;font-family: 宋体; font-size: 10.5pt;&quot;&gt;&lt;o:p&gt;&lt;/o:p&gt;&lt;/span&gt;&lt;/p&gt;&lt;p class=&quot;MsoNormal&quot;&gt;&lt;span style=&quot;font-family: 宋体; font-size: 10.5pt;&quot;&gt;&lt;font face=&quot;宋体&quot;&gt;一、按规定使用某些药品、进行特殊检查和特殊治疗时，需个人先行自付一定比例的医疗费用；&lt;/font&gt;&lt;/span&gt;&lt;span style=&quot;font-family: 宋体; font-size: 10.5pt;&quot;&gt;&lt;o:p&gt;&lt;/o:p&gt;&lt;/span&gt;&lt;/p&gt;&lt;p class=&quot;MsoNormal&quot;&gt;&lt;span style=&quot;font-family: 宋体; font-size: 10.5pt;&quot;&gt;&lt;font face=&quot;宋体&quot;&gt;二、按规定转外就医需个人提高自负一定比例的医疗费用；&lt;/font&gt;&lt;/span&gt;&lt;span style=&quot;font-family: 宋体; font-size: 10.5pt;&quot;&gt;&lt;o:p&gt;&lt;/o:p&gt;&lt;/span&gt;&lt;/p&gt;&lt;p class=&quot;MsoNormal&quot;&gt;&lt;span style=&quot;font-family: 宋体; font-size: 10.5pt;&quot;&gt;&lt;font face=&quot;宋体&quot;&gt;三、基本医疗保险制度规定以外的个人自费的医疗费用。&lt;/font&gt;&lt;/span&gt;&lt;/p&gt;&lt;p class=&quot;MsoNormal&quot;&gt;&lt;span style=&quot;font-family: 宋体; font-size: 10.5pt; color: rgb(107, 173, 222);&quot;&gt;Q:&lt;font face=&quot;宋体&quot;&gt;本产品保障哪些体育健身项目？&lt;/font&gt;&lt;/span&gt;&lt;span style=&quot;font-family: 宋体; font-size: 10.5pt;&quot;&gt;&lt;o:p&gt;&lt;/o:p&gt;&lt;/span&gt;&lt;/p&gt;&lt;p class=&quot;MsoNormal&quot;&gt;&lt;span style=&quot;font-family: 宋体; font-size: 10.5pt;&quot;&gt;&lt;o:p&gt;&lt;/o:p&gt;&lt;/span&gt;&lt;/p&gt;&lt;p class=&quot;MsoNormal&quot;&gt;&lt;span style=&quot;font-family: 宋体; font-size: 10.5pt;&quot;&gt;A:&lt;font face=&quot;宋体&quot;&gt;本产品只承保保险公司第三、第四类体育健身项目，不承保高风险运动及保险公司第一、第二类体育健身项目。&lt;/font&gt;&lt;/span&gt;&lt;/p&gt;&lt;p class=&quot;MsoNormal&quot;&gt;&lt;img src=&quot;http://img.800czb.com/images/catalog/_20180418183056.png&quot; style=&quot;width: 100%;&quot;&gt;&lt;span style=&quot;font-family: 宋体; font-size: 10.5pt;&quot;&gt;&lt;font face=&quot;宋体&quot;&gt;&lt;br&gt;&lt;/font&gt;&lt;/span&gt;&lt;/p&gt;&lt;p class=&quot;MsoNormal&quot;&gt;&lt;span style=&quot;font-family: 宋体; font-size: 10.5pt;&quot;&gt;&lt;font face=&quot;宋体&quot;&gt;&lt;br&gt;&lt;/font&gt;&lt;/span&gt;&lt;/p&gt;'),
	(1916, 1, 81, '保障计划', '&lt;p&gt;&lt;b&gt;保障计划&lt;/b&gt;&lt;/p&gt;&lt;p&gt;&lt;img src=&quot;http://img.800czb.com/images/catalog/alza2018jh.png&quot; style=&quot;width: 100%;&quot;&gt;&lt;b&gt;&lt;br&gt;&lt;/b&gt;&lt;/p&gt;'),
	(1917, 1, 81, '常见问题', '&lt;p&gt;&lt;b&gt;常见问题&lt;/b&gt;&lt;/p&gt;&lt;p class=&quot;MsoNormal&quot; align=&quot;justify&quot; style=&quot;font-weight: bold; text-align: justify;&quot;&gt;&lt;br&gt;&lt;/p&gt;&lt;p class=&quot;MsoNormal&quot; align=&quot;justify&quot; style=&quot;font-weight: bold; text-align: justify;&quot;&gt;&lt;span style=&quot;font-family: 宋体; font-weight: normal; font-size: 10.5pt; color: rgb(107, 173, 222);&quot;&gt;Q:&amp;nbsp;&lt;font face=&quot;宋体&quot;&gt;如客户之前曾因身体问题做过手术或曾接受治疗，最近两年身体一切情况良好，是否可以投保臻爱医疗？&lt;/font&gt;&lt;/span&gt;&lt;span style=&quot;font-family: 宋体; font-weight: normal; font-size: 10.5pt;&quot;&gt;&lt;o:p&gt;&lt;/o:p&gt;&lt;/span&gt;&lt;/p&gt;&lt;p class=&quot;MsoNormal&quot; align=&quot;justify&quot; style=&quot;font-weight: bold; text-align: justify;&quot;&gt;&lt;span style=&quot;font-family: 宋体; font-weight: normal; font-size: 10.5pt;&quot;&gt;A:&amp;nbsp;&lt;font face=&quot;宋体&quot;&gt;请客户确认清楚并符合臻爱的投保条件和要注意的以下问题，按自己所拥有的健康常识选择性投保：&lt;/font&gt;&lt;font face=&quot;Calibri&quot;&gt;1&lt;/font&gt;&lt;font face=&quot;宋体&quot;&gt;、请她确认健康告知里面的内容是否都符合；&lt;/font&gt;&lt;font face=&quot;Calibri&quot;&gt;2&lt;/font&gt;&lt;font face=&quot;宋体&quot;&gt;、近&amp;nbsp;&lt;/font&gt;&lt;font face=&quot;Calibri&quot;&gt;2&amp;nbsp;&lt;/font&gt;&lt;font face=&quot;宋体&quot;&gt;年如有任何检查都无异常；&lt;/font&gt;&lt;font face=&quot;Calibri&quot;&gt;3&lt;/font&gt;&lt;font face=&quot;宋体&quot;&gt;、客户做过手术或曾接受治疗，其投保前的任何既往病症都是按除外责任处理的；&lt;/font&gt;&lt;font face=&quot;Calibri&quot;&gt;4&lt;/font&gt;&lt;font face=&quot;宋体&quot;&gt;、若客户在投保后的索赔疾病与其投保前疾病存在明显的因果关系，我们是会按既往病症拒赔的。&lt;/font&gt;&lt;/span&gt;&lt;span style=&quot;font-family: 宋体; font-weight: normal; font-size: 10.5pt;&quot;&gt;&lt;o:p&gt;&lt;/o:p&gt;&lt;/span&gt;&lt;/p&gt;&lt;p class=&quot;MsoNormal&quot; align=&quot;justify&quot; style=&quot;font-weight: bold; text-align: justify;&quot;&gt;&lt;span style=&quot;font-family: 宋体; font-weight: normal; font-size: 10.5pt; color: rgb(107, 173, 222);&quot;&gt;Q:&amp;nbsp;&lt;font face=&quot;宋体&quot;&gt;如客户患有不符合健康告知的既往疾病，但投保时未如实告知，保单生效后发生意外导致身故或伤残的，或首次确诊与既往疾病不相关的疾病，能否获得理赔？&lt;/font&gt;&lt;/span&gt;&lt;span style=&quot;font-family: 宋体; font-weight: normal; font-size: 10.5pt;&quot;&gt;&lt;o:p&gt;&lt;/o:p&gt;&lt;/span&gt;&lt;/p&gt;&lt;p class=&quot;MsoNormal&quot; align=&quot;justify&quot; style=&quot;font-weight: bold; text-align: justify;&quot;&gt;&lt;span style=&quot;font-family: 宋体; font-weight: normal; font-size: 10.5pt;&quot;&gt;A:&amp;nbsp;&lt;font face=&quot;宋体&quot;&gt;我们的条款和投保须知已明确要求客户投保前要仔细阅读条款，并对自己健康状况如实告知，如客户投保时未如实告知，则其后产生的任何医疗费用，我司均有权利拒赔，并按条款要求解除合同。&lt;/font&gt;&lt;/span&gt;&lt;span style=&quot;font-family: 宋体; font-weight: normal; font-size: 10.5pt;&quot;&gt;&lt;o:p&gt;&lt;/o:p&gt;&lt;/span&gt;&lt;/p&gt;&lt;p class=&quot;MsoNormal&quot; align=&quot;justify&quot; style=&quot;font-weight: bold; text-align: justify;&quot;&gt;&lt;span style=&quot;font-family: 宋体; font-weight: normal; font-size: 10.5pt; color: rgb(107, 173, 222);&quot;&gt;Q:&amp;nbsp;&lt;font face=&quot;宋体&quot;&gt;刚接受完剖腹产手术，是否可以立刻投保臻爱保险？顺产的情况呢？&lt;/font&gt;&lt;/span&gt;&lt;span style=&quot;font-family: 宋体; font-weight: normal; font-size: 10.5pt;&quot;&gt;&lt;o:p&gt;&lt;/o:p&gt;&lt;/span&gt;&lt;/p&gt;&lt;p class=&quot;MsoNormal&quot; align=&quot;justify&quot; style=&quot;font-weight: bold; text-align: justify;&quot;&gt;&lt;span style=&quot;font-family: 宋体; font-weight: normal; font-size: 10.5pt;&quot;&gt;A:&amp;nbsp;&lt;font face=&quot;宋体&quot;&gt;剖腹产或顺产的客户，请根据问卷内容，确认是否存在近&amp;nbsp;&lt;/font&gt;&lt;font face=&quot;Calibri&quot;&gt;1&amp;nbsp;&lt;/font&gt;&lt;font face=&quot;宋体&quot;&gt;年中是否有请病假（因妊娠反应等）及其他不适症状等，自身评估是否符合我们的投保资格。如此类客户怀孕前后患有妊娠并发症，建议&amp;nbsp;&lt;/font&gt;&lt;font face=&quot;Calibri&quot;&gt;2&amp;nbsp;&lt;/font&gt;&lt;font face=&quot;宋体&quot;&gt;年后再投保臻爱保险。&lt;/font&gt;&lt;/span&gt;&lt;span style=&quot;font-family: 宋体; font-weight: normal; font-size: 10.5pt;&quot;&gt;&lt;o:p&gt;&lt;/o:p&gt;&lt;/span&gt;&lt;/p&gt;&lt;p class=&quot;MsoNormal&quot; align=&quot;justify&quot; style=&quot;font-weight: bold; text-align: justify;&quot;&gt;&lt;span style=&quot;font-family: 宋体; font-weight: normal; font-size: 10.5pt; color: rgb(107, 173, 222);&quot;&gt;Q&lt;font face=&quot;宋体&quot;&gt;：如果投保时没有仔细阅读健康告知，投保后才发现存在不符合臻爱的投保要求，能否申请退保？是否能全额退保？&lt;/font&gt;&lt;/span&gt;&lt;span style=&quot;font-family: 宋体; font-weight: normal; font-size: 10.5pt;&quot;&gt;&lt;o:p&gt;&lt;/o:p&gt;&lt;/span&gt;&lt;/p&gt;&lt;p class=&quot;MsoNormal&quot; align=&quot;justify&quot; style=&quot;font-weight: bold; text-align: justify;&quot;&gt;&lt;span style=&quot;font-family: 宋体; font-weight: normal; font-size: 10.5pt;&quot;&gt;A&lt;font face=&quot;宋体&quot;&gt;：建议立即联系安联客服或代理渠道客服办理退保，如保单未生效，我安联将全额退保，如保单已生效，安联公司仅退还保单未满期保费，退保将会造成客户的损失。未满期净保费&lt;/font&gt;&lt;font face=&quot;Calibri&quot;&gt;=&lt;/font&gt;&lt;font face=&quot;宋体&quot;&gt;保险费&times;&lt;/font&gt;&lt;font face=&quot;Calibri&quot;&gt;[1-(&lt;/font&gt;&lt;font face=&quot;宋体&quot;&gt;保险单已经过天数&lt;/font&gt;&lt;font face=&quot;Calibri&quot;&gt;/&lt;/font&gt;&lt;font face=&quot;宋体&quot;&gt;保险期间天数&lt;/font&gt;&lt;font face=&quot;Calibri&quot;&gt;)]&amp;nbsp;&lt;/font&gt;&lt;font face=&quot;宋体&quot;&gt;&times;（&lt;/font&gt;&lt;font face=&quot;Calibri&quot;&gt;1-25%&lt;/font&gt;&lt;font face=&quot;宋体&quot;&gt;）。经过天数不足一天的按一天计算。&lt;/font&gt;&lt;/span&gt;&lt;span style=&quot;font-family: 宋体; font-weight: normal; font-size: 10.5pt;&quot;&gt;&lt;o:p&gt;&lt;/o:p&gt;&lt;/span&gt;&lt;/p&gt;&lt;p class=&quot;MsoNormal&quot; align=&quot;justify&quot; style=&quot;font-weight: bold; text-align: justify;&quot;&gt;&lt;span style=&quot;font-family: 宋体; font-weight: normal; font-size: 10.5pt; color: rgb(107, 173, 222);&quot;&gt;Q:&amp;nbsp;&lt;font face=&quot;宋体&quot;&gt;健康告知第一条的&ldquo;现时&rdquo;是指投保当天还是一个时间区间？&lt;/font&gt;&lt;/span&gt;&lt;span style=&quot;font-family: 宋体; font-weight: normal; font-size: 10.5pt;&quot;&gt;&lt;o:p&gt;&lt;/o:p&gt;&lt;/span&gt;&lt;/p&gt;&lt;p class=&quot;MsoNormal&quot; align=&quot;justify&quot; style=&quot;font-weight: bold; text-align: justify;&quot;&gt;&lt;span style=&quot;font-family: 宋体; font-weight: normal; font-size: 10.5pt;&quot;&gt;A:&lt;font face=&quot;宋体&quot;&gt;时间区间，指投保当天前后的&amp;nbsp;&lt;/font&gt;&lt;font face=&quot;Calibri&quot;&gt;3&amp;nbsp;&lt;/font&gt;&lt;font face=&quot;宋体&quot;&gt;个月。&lt;/font&gt;&lt;/span&gt;&lt;span style=&quot;font-family: 宋体; font-weight: normal; font-size: 10.5pt;&quot;&gt;&lt;o:p&gt;&lt;/o:p&gt;&lt;/span&gt;&lt;/p&gt;&lt;p class=&quot;MsoNormal&quot; align=&quot;justify&quot; style=&quot;font-weight: bold; text-align: justify;&quot;&gt;&lt;span style=&quot;font-family: 宋体; font-weight: normal; font-size: 10.5pt; color: rgb(107, 173, 222);&quot;&gt;Q:&lt;font face=&quot;宋体&quot;&gt;医疗保险金赔付至上限后是否会影响意外保险金额度？&lt;/font&gt;&lt;/span&gt;&lt;span style=&quot;font-family: 宋体; font-weight: normal; font-size: 10.5pt;&quot;&gt;&lt;o:p&gt;&lt;/o:p&gt;&lt;/span&gt;&lt;/p&gt;&lt;p class=&quot;MsoNormal&quot; align=&quot;justify&quot; style=&quot;font-weight: bold; text-align: justify;&quot;&gt;&lt;span style=&quot;font-family: 宋体; font-weight: normal; font-size: 10.5pt;&quot;&gt;A:&lt;font face=&quot;宋体&quot;&gt;如医疗保险金已用完，只要保单仍处于保险期间，不影响意外保险金赔付额度。&lt;/font&gt;&lt;/span&gt;&lt;span style=&quot;font-family: 宋体; font-weight: normal; font-size: 10.5pt;&quot;&gt;&lt;o:p&gt;&lt;/o:p&gt;&lt;/span&gt;&lt;/p&gt;&lt;p class=&quot;MsoNormal&quot; align=&quot;justify&quot; style=&quot;font-weight: bold; text-align: justify;&quot;&gt;&lt;span style=&quot;font-family: 宋体; font-weight: normal; font-size: 10.5pt; color: rgb(107, 173, 222);&quot;&gt;Q:&lt;font face=&quot;宋体&quot;&gt;在哪些医院接受住院治疗或特殊门诊治疗可以获得赔付？&lt;/font&gt;&lt;/span&gt;&lt;span style=&quot;font-family: 宋体; font-weight: normal; font-size: 10.5pt;&quot;&gt;&lt;o:p&gt;&lt;/o:p&gt;&lt;/span&gt;&lt;/p&gt;&lt;p class=&quot;MsoNormal&quot; align=&quot;justify&quot; style=&quot;font-weight: bold; text-align: justify;&quot;&gt;&lt;span style=&quot;font-family: 宋体; font-weight: normal; font-size: 10.5pt;&quot;&gt;A:&lt;font face=&quot;宋体&quot;&gt;被保险人因意外或疾病在中华人民共和国境内（不含港澳台）二级及以上医院，或保险人认可的医院（不含特需病房、外宾疾病或其它不属于社会医疗保险范畴的高级病房）接受住院或特殊门诊治疗的，安联臻爱医疗保险将赔付被保险人需个人支付的、必须且合理的医疗费用。北京市平谷区、密云县、怀柔区所有医院除外。&lt;/font&gt;&lt;/span&gt;&lt;span style=&quot;font-family: 宋体; font-weight: normal; font-size: 10.5pt;&quot;&gt;&lt;o:p&gt;&lt;/o:p&gt;&lt;/span&gt;&lt;/p&gt;&lt;p class=&quot;MsoNormal&quot; align=&quot;justify&quot; style=&quot;font-weight: bold; text-align: justify;&quot;&gt;&lt;span style=&quot;font-family: 宋体; font-weight: normal; font-size: 10.5pt; color: rgb(107, 173, 222);&quot;&gt;Q:&lt;font face=&quot;宋体&quot;&gt;什么是免赔额？免赔额&amp;nbsp;&lt;/font&gt;&lt;font face=&quot;Calibri&quot;&gt;1&amp;nbsp;&lt;/font&gt;&lt;font face=&quot;宋体&quot;&gt;万是指年度累计免赔额？是适用于所有费用吗？&lt;/font&gt;&lt;/span&gt;&lt;span style=&quot;font-family: 宋体; font-weight: normal; font-size: 10.5pt;&quot;&gt;&lt;o:p&gt;&lt;/o:p&gt;&lt;/span&gt;&lt;/p&gt;&lt;p class=&quot;MsoNormal&quot; align=&quot;justify&quot; style=&quot;font-weight: bold; text-align: justify;&quot;&gt;&lt;span style=&quot;font-family: 宋体; font-weight: normal; font-size: 10.5pt;&quot;&gt;A:&lt;font face=&quot;宋体&quot;&gt;免赔额指由被保险人自行承担，是本保单不予赔偿的部分。一般医疗保险金年度累计免赔额为&amp;nbsp;&lt;/font&gt;&lt;font face=&quot;Calibri&quot;&gt;1&amp;nbsp;&lt;/font&gt;&lt;font face=&quot;宋体&quot;&gt;万；&lt;/font&gt;&lt;font face=&quot;Calibri&quot;&gt;6&amp;nbsp;&lt;/font&gt;&lt;font face=&quot;宋体&quot;&gt;种重大疾病无免赔额。&lt;/font&gt;&lt;/span&gt;&lt;span style=&quot;font-family: 宋体; font-weight: normal; font-size: 10.5pt;&quot;&gt;&lt;o:p&gt;&lt;/o:p&gt;&lt;/span&gt;&lt;/p&gt;&lt;p class=&quot;MsoNormal&quot; align=&quot;justify&quot; style=&quot;font-weight: bold; text-align: justify;&quot;&gt;&lt;span style=&quot;font-family: 宋体; font-weight: normal; font-size: 10.5pt; color: rgb(107, 173, 222);&quot;&gt;Q:&lt;font face=&quot;宋体&quot;&gt;单位或者其他保险公司已经报销的费用可以抵扣&amp;nbsp;&lt;/font&gt;&lt;font face=&quot;Calibri&quot;&gt;1&amp;nbsp;&lt;/font&gt;&lt;font face=&quot;宋体&quot;&gt;万元免赔额么？&lt;/font&gt;&lt;/span&gt;&lt;span style=&quot;font-family: 宋体; font-weight: normal; font-size: 10.5pt;&quot;&gt;&lt;o:p&gt;&lt;/o:p&gt;&lt;/span&gt;&lt;/p&gt;&lt;p class=&quot;MsoNormal&quot; align=&quot;justify&quot; style=&quot;font-weight: bold; text-align: justify;&quot;&gt;&lt;span style=&quot;font-family: 宋体; font-weight: normal; font-size: 10.5pt;&quot;&gt;A:&lt;font face=&quot;宋体&quot;&gt;被保险人从其他途径已获得的医疗费用补偿可用于抵扣免赔额。但通过社会医疗保险和公费医疗保险获得的补偿，不可用于抵扣免赔额。&lt;/font&gt;&lt;/span&gt;&lt;/p&gt;'),
	(1922, 1, 86, '保障计划', '&lt;p&gt;&lt;b&gt;保障计划&lt;/b&gt;&lt;/p&gt;&lt;p&gt;&lt;b&gt;&lt;br&gt;&lt;/b&gt;&lt;/p&gt;'),
	(1923, 1, 86, '常见问题', '&lt;p&gt;&lt;b&gt;常见问题&lt;/b&gt;&lt;/p&gt;&lt;p&gt;&lt;span style=&quot;color: rgb(107, 173, 222);&quot;&gt;Q: &amp;nbsp;只买住院，不买门诊, 癌症放化疗门诊费,肾透析门诊费属于报销范围吗?&lt;/span&gt;&lt;/p&gt;&lt;p&gt;A：因癌症进行诊断、随诊、复查、化疗、放疗而发生的门诊费，肾透析门诊费（视同住院）&rdquo;可以报销，其他门诊不能报销。&lt;/p&gt;&lt;p&gt;&lt;br&gt;&lt;/p&gt;&lt;p&gt;&lt;span style=&quot;color: rgb(107, 173, 222);&quot;&gt;Q: 哪些人可以作为附属被保险人？主被保险人的父母可以作为附属被保险人吗？&lt;/span&gt;&lt;/p&gt;&lt;p&gt;A：主被保险人的配偶、投保时未满21周岁（全日制学生，不超过24周岁）、经济完全以来被保险人的未婚子女可作为附属被保险人。主被保险人的父母不可以作为附属被保险人投保，但可以单独投保。&lt;/p&gt;&lt;p&gt;&lt;br&gt;&lt;/p&gt;&lt;div&gt;&lt;div&gt;&lt;span style=&quot;color: rgb(107, 173, 222);&quot;&gt;Q: 乐健一生的续保如何规定的？是否会销售一段时间后停止销售？&lt;/span&gt;&lt;/div&gt;&lt;div&gt;&lt;span style=&quot;font-size: 14px;&quot;&gt;&lt;br&gt;&lt;/span&gt;&lt;/div&gt;&lt;div&gt;&lt;span style=&quot;font-size: 14px;&quot;&gt;A：合同保险期间届满时，投保人可向保险人申请续保本保险，保险人将办理续保手续，并根据医疗费用水平变化、该险种整体经营状况及被保险人年龄确定续保保费。&lt;/span&gt;&lt;br&gt;&lt;/div&gt;&lt;div&gt;&amp;nbsp; &amp;nbsp;&lt;b&gt; 目前该产品运行良好，永安保险公司没有停售的预期。&lt;/b&gt;&lt;/div&gt;&lt;div&gt;&lt;b&gt;&lt;br&gt;&lt;/b&gt;&lt;/div&gt;&lt;div&gt;&lt;div&gt;&lt;span style=&quot;color: rgb(107, 173, 222);&quot;&gt;Q: 乐健一生如何理赔？&lt;/span&gt;&lt;/div&gt;&lt;div&gt;&lt;br&gt;&lt;/div&gt;&lt;div&gt;&amp;nbsp;A：发生保险事故后，应当在10内（无论是否治疗结束）拨打95502报案，报案信息包括保单号、医院、疾病名称等信息。&lt;span style=&quot;font-size: 14px;&quot;&gt;本保险为事后理赔，即被保险人先自行垫付医疗费用，治疗完毕后把医院开具的发票及病例等相关资料交给我公司，我公司审核后，会将理赔款直接打到您的预留账户上。&lt;/span&gt;&lt;/div&gt;&lt;div&gt;&lt;span style=&quot;font-size: 14px; color: rgb(107, 173, 222);&quot;&gt;&lt;br&gt;&lt;/span&gt;&lt;/div&gt;&lt;div&gt;&lt;div&gt;&lt;span style=&quot;color: rgb(107, 173, 222);&quot;&gt;Q: 所有的累计赔付限额,累计次数限额都是指一年内的,对吗?&lt;/span&gt;&lt;/div&gt;&lt;div&gt;&lt;br&gt;&lt;/div&gt;&lt;div&gt;&amp;nbsp;A：本保险保险期间一年，福利表中所有的累计赔付限额,累计次数及赔付限额均指的是在保险年度内累计赔付限额、累计次数及限额。&lt;/div&gt;&lt;div style=&quot;font-size: 14px;&quot;&gt;&lt;br&gt;&lt;/div&gt;&lt;div&gt;&lt;div&gt;&amp;nbsp;&lt;span style=&quot;color: rgb(107, 173, 222);&quot;&gt;Q: 住院医疗保险责任中的床位费是否有限制或对病房有要求？&lt;/span&gt;&lt;/div&gt;&lt;div&gt;&lt;br&gt;&lt;/div&gt;&lt;div&gt;&amp;nbsp;A: &amp;nbsp;计划一认可医疗机构为境内二级以上公立医院普通部，对住院床位费没有限制。&lt;/div&gt;&lt;div&gt;&amp;nbsp; &amp;nbsp; &amp;nbsp;计划二扩展了非普通部，住院床位费日限额为1000元。&lt;/div&gt;&lt;div&gt;&lt;br&gt;&lt;/div&gt;&lt;div&gt;&lt;div&gt;&lt;span style=&quot;color: rgb(107, 173, 222);&quot;&gt;Q: 不买牙科保险，牙科意外医疗也可以报销吗？&lt;/span&gt;&lt;/div&gt;&lt;div&gt;&lt;br&gt;&lt;/div&gt;&lt;div&gt;&amp;nbsp;A：不买牙科保险,但买了【住院+门诊】的，则牙科意外伤害医疗门诊部分可在门诊报销；如果只保了住院责任，则不可以报销。&lt;/div&gt;&lt;div style=&quot;font-size: 14px;&quot;&gt;&lt;br&gt;&lt;/div&gt;&lt;div&gt;&lt;div&gt;&lt;span style=&quot;color: rgb(107, 173, 222);&quot;&gt;&amp;nbsp;Q: 理赔过后还能续保吗？保费如何制定？&lt;/span&gt;&lt;/div&gt;&lt;div&gt;&lt;br&gt;&lt;/div&gt;&lt;div&gt;&amp;nbsp; A：只要没有欺诈行为，首次投保成功后，后期无论身体状况如何、无论是否发生理赔，到期后均能按照公司续保当时的费率及相关投保规则续保。&lt;/div&gt;&lt;div style=&quot;font-size: 14px;&quot;&gt;&lt;br&gt;&lt;/div&gt;&lt;div&gt;&lt;div&gt;&lt;span style=&quot;color: rgb(107, 173, 222);&quot;&gt;Q: 乐健一生住院医疗中住院津贴有累计天数限制么？&lt;/span&gt;&lt;/div&gt;&lt;div&gt;&lt;br&gt;&lt;/div&gt;&lt;div&gt;&amp;nbsp;A：每日住院补助200元的福利，旨在鼓励有社保的被保险人先行到社保赔付，开办初期没有累计天数限额；但公司已经报备了《附加免赔额等给付标准调整保险条款》，将对住院津贴的累计给付天数进行限制（90天/180天）。&lt;/div&gt;&lt;div style=&quot;font-size: 14px;&quot;&gt;&lt;br&gt;&lt;/div&gt;&lt;div&gt;&lt;div&gt;&amp;nbsp;&lt;span style=&quot;color: rgb(107, 173, 222);&quot;&gt;Q: &amp;nbsp;所有只写&rdquo;含&rdquo;,没写具体金额的,都是凭发票实报实销吗?&lt;/span&gt;&lt;/div&gt;&lt;div&gt;&lt;br&gt;&lt;/div&gt;&lt;div&gt;&amp;nbsp;A: &amp;nbsp;福利表中所有只写&ldquo;含&rdquo;,没写具体金额的保障，只要是非除外项，均可在该项责任有效年度保险金额内凭票报销。&lt;/div&gt;&lt;/div&gt;&lt;/div&gt;&lt;/div&gt;&lt;/div&gt;&lt;/div&gt;&lt;/div&gt;&lt;/div&gt;&lt;/div&gt;'),
	(1932, 1, 89, '保障计划', '&lt;p&gt;&lt;b&gt;保障计划&lt;/b&gt;&lt;/p&gt;'),
	(1933, 1, 89, '常见问题', '&lt;p&gt;&lt;b&gt;常见问题&lt;/b&gt;&lt;/p&gt;&lt;p&gt;&lt;span style=&quot;color: rgb(107, 173, 222);&quot;&gt;Q：所有的医疗费用都可以报销吗？&lt;/span&gt;&lt;/p&gt;&lt;p&gt;A：对于保障范围内个人支付的合理且必要的医疗费用，无论是否属于医保范围，均可报销。如：按照有社保身份投保，若被保险人未在社保报销的，按照60%赔付，其他情况按照100%赔付。无论被保险人投保时是否有社会医疗保险，质子重离子医疗费用赔付比例均为60%&lt;/p&gt;&lt;p&gt;&amp;nbsp;&lt;/p&gt;&lt;p&gt;&lt;span style=&quot;color: rgb(107, 173, 222);&quot;&gt;Q：在哪些医院治疗，可以获得理赔？&lt;/span&gt;&lt;/p&gt;&lt;p&gt;A：在上海市质子重离子医院、境内（不含港澳台）二级或二级以上公立医院普通部（不含特需及外宾等非普通部）住院治疗、特殊门诊治疗、住院前7天后30天门诊治疗、门诊手术治疗的，可以报销个人支付的、必需且合理的医疗费用。&lt;/p&gt;&lt;p&gt;&amp;nbsp;&lt;/p&gt;&lt;p&gt;&lt;span style=&quot;color: rgb(107, 173, 222);&quot;&gt;Q：本保险有免赔额吗？&lt;/span&gt;&lt;/p&gt;&lt;p&gt;A：有年免赔额，即指一个保单年度内对应的免赔额；被保险人从其它途径已获得的医疗费用补偿可以用以抵扣该金额，但通过社会医疗保险或公费医疗获得的费用补偿，不可抵扣该金。意外伤害或非本保险约定重大疾病导致的医疗年免赔额1万元。 本保险约定重大疾病医疗保险金、法律费用保险金零免赔。&lt;/p&gt;&lt;p&gt;&amp;nbsp;&lt;/p&gt;&lt;p&gt;&lt;span style=&quot;color: rgb(107, 173, 222);&quot;&gt;Q：投保前已经生疾病，可以报销吗？&lt;/span&gt;&lt;/p&gt;&lt;p&gt;A：不可以，本保险不接受带病投保的行为。投保前已患有的疾病以及症状，均不属于保险责任。请投保时务必如实告知健康状况，否则可能会导致保险合同被解除。&lt;/p&gt;&lt;p&gt;&amp;nbsp;&lt;/p&gt;&lt;p&gt;&lt;span style=&quot;color: rgb(107, 173, 222);&quot;&gt;Q：理赔过还可以续保吗？&lt;/span&gt;&lt;/p&gt;&lt;p&gt;A：在保险销售期间，只要没有欺骗行为，首次投保成功后，后续无论被保险人身体状况是否发生变化、 无论是否发生理赔，每年都能按照当时公布的费率表继续投保，直至85周岁。&lt;/p&gt;&lt;p&gt;&amp;nbsp;&lt;/p&gt;&lt;p&gt;&lt;span style=&quot;color: rgb(107, 173, 222);&quot;&gt;Q：续保时可以改变保险计划吗？&lt;/span&gt;&lt;/p&gt;&lt;p&gt;A：在无理赔的前提下，续保时可以改变保障计划；保险计划降级时无需核保，但计划升级时需重新告知健康状况并核保，并需要重新设置30天等待期。&lt;/p&gt;'),
	(1934, 1, 51, '保障计划', '&lt;p&gt;&lt;img src=&quot;http://img.800czb.com/images/catalog/allxrsbzjh.png&quot; style=&quot;width: 100%;&quot;&gt;&lt;br&gt;&lt;/p&gt;'),
	(1935, 1, 51, '常见问题', '&lt;p&gt;&lt;b&gt;常见问题&lt;/b&gt;&lt;/p&gt;&lt;p&gt;&lt;span style=&quot;color: rgb(107, 173, 222);&quot;&gt;Q：刚出生的婴儿保吗？&lt;/span&gt;&lt;/p&gt;&lt;p&gt;A：出生60天以上的婴儿才承保。&lt;/p&gt;&lt;p&gt;&lt;span style=&quot;color: rgb(107, 173, 222);&quot;&gt;Q：投保有等待期吗？&lt;/span&gt;&lt;/p&gt;&lt;p&gt;A：重大疾病有30天待期。续保没有等待期。&lt;/p&gt;&lt;p&gt;&lt;span style=&quot;color: rgb(107, 173, 222);&quot;&gt;Q：电话医生提供哪些方面的咨询？&lt;/span&gt;&lt;/p&gt;&lt;p&gt;&lt;/p&gt;&lt;p&gt;A：（1）常见家庭紧急情况处理建议，如肌肉拉伤、骨折、意外伤害等居家医疗问题咨询，如胸痛、气短、目眩、晕厥等身体不适等。（2）常见药物使用指导、建议。（3）保健咨询。（4）体检报告咨询。（5）儿童护理常识及常见病建议，儿童疫苗注射计划。（6）慢性疾病的咨询等。&lt;/p&gt;');
/*!40000 ALTER TABLE `product_customtab_description` ENABLE KEYS */;

-- 导出  表 cms.product_description 结构
CREATE TABLE IF NOT EXISTS `product_description` (
  `product_id` int(11) NOT NULL,
  `language_id` int(11) NOT NULL,
  `name` varchar(255) NOT NULL,
  `description` text NOT NULL,
  `tag` text NOT NULL,
  `meta_title` varchar(255) DEFAULT NULL,
  `meta_description` varchar(255) DEFAULT NULL,
  `meta_keyword` varchar(255) DEFAULT NULL,
  PRIMARY KEY (`product_id`,`language_id`),
  KEY `name` (`name`)
) ENGINE=InnoDB DEFAULT CHARSET=utf8;

-- 正在导出表  cms.product_description 的数据：~29 rows (大约)
/*!40000 ALTER TABLE `product_description` DISABLE KEYS */;
INSERT INTO `product_description` (`product_id`, `language_id`, `name`, `description`, `tag`, `meta_title`, `meta_description`, `meta_keyword`) VALUES
	(51, 1, 'LAURA', '&lt;p&gt;&lt;img src=&quot;http://img.800czb.com/images/catalog/allxrsxqy.png&quot; style=&quot;width: 100%;&quot;&gt;&lt;br&gt;&lt;/p&gt;', '少儿险专场 ||  全面保障', '乐享无忧少儿版', '乐享人生为您的孩子开启周全保障，全方位呵护！', '乐享人生-少儿版'),
	(52, 1, 'NUDE', '&lt;p&gt;&lt;img src=&quot;http://img.800czb.com/images/catalog/sglx-ct.jpg&quot; style=&quot;width: 100%;&quot;&gt;&lt;br&gt;&lt;/p&gt;', '旅行险专场 ||  畅游欧洲', '申根旅行保障', '签证必备，拒赔偿，安联旅行险 专业的旅行保险专家', '爱旅行-申根之王'),
	(53, 1, 'AURORA', '&lt;p&gt;&lt;img src=&quot;http://img.800czb.com/images/catalog/alqqlx.jpg&quot; style=&quot;width: 100%;&quot;&gt;&lt;br&gt;&lt;/p&gt;', '旅行险专场 || 畅游全球', '全球旅游险', '全方位提供意外、医疗、行程延误、紧急救援等多项保障\r\n环游四海纵情玩乐，探索世界后顾无忧', '爱旅行-环游四海'),
	(55, 1, 'LAURA', '&lt;p&gt;&lt;img src=&quot;http://img.800czb.com/images/catalog/httrwyxqy06.jpg&quot; style=&quot;width: 100%;&quot;&gt;&lt;br&gt;&lt;/p&gt;', '百万医疗专场 || 性价比之选', '泰然无忧-百万医疗险', '泰然无忧百万医疗险，性价比之选！', '华泰    泰然无忧百万医疗险'),
	(56, 1, 'LAURA', '&lt;p&gt;1111111&lt;/p&gt;', '防癌险专场！|| 抗癌无忧', 'adult', '得了癌症还能继续卖的保险，不用体检。保费低，保障高，赔付最高可达100万', '抗癌卫士'),
	(57, 1, 'LAURA', '&lt;p&gt;一张保单保全家&lt;/p&gt;', '家庭医疗险专场！|| 呵护一家健康', 'adult', '一张保单保全家|保额高达300万|有无社保都能保', '平安E家保'),
	(58, 1, 'LAURA', '&lt;p&gt;运动意外险&lt;/p&gt;', '健康险', 'adult', '坚持运动，兑换高额礼品。可保一天，也可保一年。意外、猝死、骨折通通保。', '保护每一个爱健康的你'),
	(59, 1, 'AURORA', '&lt;p&gt;111112222&lt;/p&gt;', '意外险', 'adult', '意外医疗社保目录内外均100%报销', '安心+全面=一份你期待已久的保障'),
	(60, 1, 'LAURA', '&lt;p&gt;111&lt;/p&gt;', '健康险', 'adult', '首款可去海外就医的互联网抗癌险，全面覆盖海外治疗时所需的医疗及行程费用。', '超高性价比，每年只需351元起。'),
	(61, 1, 'AURORA', '&lt;p&gt;1112223&lt;/p&gt;', '健康险', 'adult', '全面保障常见严重疾病，全球顶尖专家为您保驾护航。', '出国看病全无忧'),
	(62, 1, 'LAURA', '&lt;p&gt;111111&lt;/p&gt;', '', 'adult', '贴心无忧的海外就医服务，超高性价比，千万保障。', '出国看病全无忧'),
	(63, 1, 'LAURA', '&lt;p&gt;111&lt;/p&gt;', '健康险', 'children', '全面儿童齿科保健让您的宝贝笑的灿烂', '您的专属儿童齿科医生'),
	(64, 1, 'AURORA', '&lt;p&gt;11111&lt;/p&gt;', '健康险', 'adult', '每年一次齿科检查和洁牙让您的牙齿也电力十足。', '让您微信每一天'),
	(65, 1, 'LAURA', '&lt;p&gt;111&lt;/p&gt;', '健康险', 'adult', '百万保障，突破医保。住院直赔，门诊快赔。无忧续保，终身保额。', '给你的医保加100万。'),
	(66, 1, 'LAURA', '&lt;p&gt;11112222出生满28天&mdash;18周岁均可投保，不受医保用药限制，高额赔付不设免赔额。&lt;/p&gt;', '健康险', 'children', '出生满28天—18周岁均可投保，不受医保用药限制，高额赔付不设免赔额。', '儿童的专属保险'),
	(67, 1, 'AURORA', '&lt;p&gt;一家之主，想为全家人买保障。&lt;br&gt;&lt;/p&gt;', '健康险', 'adult', '一家之主，想为全家人买保障。', '医保+，保全家。'),
	(68, 1, 'LAURA', '&lt;p&gt;&lt;img src=&quot;http://img.800czb.com/images/catalog/htetywxst.jpg&quot; style=&quot;width: 100%;&quot;&gt;&lt;br&gt;&lt;/p&gt;', '意外险||全方位呵护宝宝', '华泰儿童意外保险', '华泰儿童意外保险', '华泰儿童意外保险'),
	(69, 1, 'LAURA', '&lt;p&gt;&lt;img src=&quot;http://img.800czb.com/images/catalog/alzayl2018.jpg&quot; style=&quot;width: 100%;&quot;&gt;\r\n  \r\n  \r\n  \r\n  \r\n  \r\n  \r\n  \r\n&lt;/p&gt;', '百万医疗专场 || 性价比之选', '安联臻爱医疗保险2018版', '安联臻爱医疗保险2018版', '安联臻爱医疗保险2018版'),
	(74, 1, 'LAURA', '&lt;p&gt;&lt;img src=&quot;http://img.800czb.com/images/catalog/alxbbxqy.jpg&quot; style=&quot;width: 100%;&quot;&gt;&lt;br&gt;&lt;/p&gt;', '少儿险专场 || 淘气宝宝的保护伞', '熊宝保', '淘气宝宝的保护伞，少儿责任意外险，覆盖校内外风险，最高5万个人责任', '熊宝保'),
	(76, 1, 'AURORA', '&lt;p&gt;&lt;img src=&quot;http://img.800czb.com/images/catalog/fyyszjx.jpg&quot; style=&quot;width: 100%;&quot;&gt;&lt;br&gt;&lt;/p&gt;', '重疾险专场 || 国民重疾险', '福佑一生重疾险', '保障150种疾病的重疾险，首设生命关爱金。', '福佑一生重疾险'),
	(77, 1, 'LAURA', '&lt;p&gt;&lt;img src=&quot;http://img.800czb.com/images/catalog/tbydywx .jpg&quot; style=&quot;width: 100%;&quot;&gt;&lt;br&gt;&lt;/p&gt;', '运动意外险专场 || 健身运动专款产品', '全民运动保', '健身运动意外保障产品，解决健身运动的后顾之忧！', '全民运动保'),
	(80, 1, 'LAURA', '&lt;p&gt;&lt;img src=&quot;http://img.800czb.com/images/catalog/tbjnlxx.jpg&quot; style=&quot;width: 100%;&quot;&gt;&lt;br&gt;&lt;/p&gt;', '旅行险专场 || 境内旅行必备', '境内旅行险', '专为境内旅行而设计，为您的旅行提供基础保障！', '境内旅行险'),
	(81, 1, 'AURORA', '&lt;p&gt;&lt;img src=&quot;http://img.800czb.com/images/catalog/httrwyhdyxqt02.jpg&quot; style=&quot;width: 100%;&quot;&gt;&lt;br&gt;&lt;/p&gt;', '百万医疗专场||性价比之选', '安联臻爱医疗保险2018版', '安联臻爱医疗保险，国民百万医疗险！', '安联臻爱医疗保险2018版'),
	(84, 1, 'LAURA', '&lt;p&gt;&lt;img src=&quot;http://img.800czb.com/images/catalog/alzxylxqy.jpg&quot; style=&quot;width: 100%;&quot;&gt;&lt;br&gt;&lt;/p&gt;', '高端医疗险险专场||品质医疗的首选', '安联臻心医疗险', '安联臻心医疗险，值得买的高端医疗险，臻心守护全家人', '安联臻心医疗险'),
	(85, 1, 'LAURA', '&lt;p&gt;&lt;img src=&quot;http://img.800czb.com/images/catalog/ygibaoxqy0.jpg&quot; style=&quot;width: 100%;&quot;&gt;&lt;br&gt;&lt;/p&gt;', '重疾险专场||全面终身保障', '阳光人寿i保终身重疾险', '阳光人寿i保终身重疾险\r\n保障全面涵盖全部成人及儿童高发疾病，一张保单保终身。', '阳光人寿i保终身重疾险'),
	(86, 1, 'LAURA', '&lt;p&gt;&lt;img src=&quot;http://img.800czb.com/images/catalog/yaljysxqy.png&quot; style=&quot;width: 100%;&quot;&gt;&lt;br&gt;&lt;/p&gt;', '中端医疗险专场||强有力的医疗补充', '永安乐健一生中端医疗险', '永安乐健一生中端医疗险，全家人的贴心保障。', '乐健一生中端医疗险'),
	(87, 1, 'LAURA', '&lt;p&gt;&lt;img src=&quot;http://img.800czb.com/images/catalog/tbjkrywxxqy.jpg&quot; style=&quot;width: 100%;&quot;&gt;&lt;br&gt;&lt;/p&gt;', '借款人意外险专场||为借款人专设的保障', '借款人意外险', '安心贷借款人意外险\r\n为借款人专设，借款人在发生不幸意外时，贷款由保险公司偿还。', '借款人意外险'),
	(88, 1, 'LAURA', '&lt;p&gt;&lt;img src=&quot;http://img.800czb.com/images/catalog/alqmoylxjhxqy.jpg&quot; style=&quot;width: 100%;&quot;&gt;&lt;br&gt;&lt;/p&gt;', '世界杯旅行险专场||畅游欧亚', '情迷欧亚-安联境外旅行险', '情迷欧亚-安联境外旅行险', '情迷欧亚-安联境外旅行险'),
	(89, 1, 'LAURA', '&lt;p&gt;&lt;img src=&quot;https://img.800czb.com/images/catalog/kangjianyshengxqy01.png&quot; style=&quot;width: 100%;&quot;&gt;&lt;br&gt;&lt;/p&gt;', '医疗险专场||医疗无忧', '康健一生医疗险', '康健一生医疗险，让您实现医疗无忧！', '康健一生医疗险');
/*!40000 ALTER TABLE `product_description` ENABLE KEYS */;

-- 导出  表 cms.product_discount 结构
CREATE TABLE IF NOT EXISTS `product_discount` (
  `product_discount_id` int(11) NOT NULL AUTO_INCREMENT,
  `product_id` int(11) NOT NULL,
  `customer_group_id` int(11) NOT NULL,
  `quantity` int(4) NOT NULL DEFAULT '0',
  `priority` int(5) NOT NULL DEFAULT '1',
  `price` decimal(15,4) NOT NULL DEFAULT '0.0000',
  `date_start` date DEFAULT NULL,
  `date_end` date DEFAULT NULL,
  PRIMARY KEY (`product_discount_id`),
  KEY `product_id` (`product_id`)
) ENGINE=InnoDB DEFAULT CHARSET=utf8 COLLATE=utf8_bin;

-- 正在导出表  cms.product_discount 的数据：~0 rows (大约)
/*!40000 ALTER TABLE `product_discount` DISABLE KEYS */;
/*!40000 ALTER TABLE `product_discount` ENABLE KEYS */;

-- 导出  表 cms.product_extend 结构
CREATE TABLE IF NOT EXISTS `product_extend` (
  `id` int(11) unsigned NOT NULL AUTO_INCREMENT,
  `product_id` int(11) DEFAULT NULL,
  `name` varchar(255) DEFAULT NULL,
  `url` text COMMENT '有url跳url,否则展示desction',
  `desction` text,
  `status` int(1) NOT NULL DEFAULT '1',
  `at_time` int(11) DEFAULT NULL,
  PRIMARY KEY (`id`)
) ENGINE=InnoDB AUTO_INCREMENT=1164 DEFAULT CHARSET=utf8 COMMENT='产品投保三大要素';

-- 正在导出表  cms.product_extend 的数据：~39 rows (大约)
/*!40000 ALTER TABLE `product_extend` DISABLE KEYS */;
INSERT INTO `product_extend` (`id`, `product_id`, `name`, `url`, `desction`, `status`, `at_time`) VALUES
	(768, 85, '投保须知', 'https://img.800czb.com/pdf/阳光/投保须知.pdf', '                                                                                                                                                                                                                                                                                                                                                                                                                                                                                                                                                                                                                                                                                                                                                                                                                                                                                                                                                                                                                                                                                                                                                                                                                        &lt;p&gt;&lt;br&gt;&lt;/p&gt;                                                                                                                                                                                                                                                                                                                                                                                                                                                                                                                                                                                                                                                                                                                                                                                                                                                                                                                                                                                                                                                                                                        ', 1, 1528888743),
	(769, 85, '保险条款', 'https://img.800czb.com/pdf/阳光/阳光人寿i保B款终身重大疾病保险条款-Final.pdf', '                                                                                                                                                                                                                                                                                                                                                                                                                                                                                                                                                                                                                                                                                                                                                                                                                                                                                                                                                                                                                                                                                                                                                                                                                        &lt;p&gt;12341234213412341234123&lt;/p&gt;                                                                                                                                                                                                                                                                                                                                                                                                                                                                                                                                                                                                                                                                                                                                                                                                                                                                                                                                                                                                                                                                                                        ', 1, 1528888743),
	(770, 85, '健康告知', 'https://img.800czb.com/pdf/阳光/健康告知.pdf', '                                                                                                                                                                                                                                                                                                                                                                                                                                                                                                                                                                                                                                                                                                                                                                                                                                                                                                                                                            &lt;p&gt;&lt;br&gt;&lt;/p&gt;                                                                                                                                                                                                                                                                                                                                                                                                                                                                                                                                                                                                                                                                                                                                                                                                                                                                    ', 1, 1528888743),
	(774, 87, '保险条款', 'https://img.800czb.com/pdf/%E5%A4%AA%E4%BF%9D/%E5%80%9F%E6%AC%BE%E4%BA%BA%E6%84%8F%E5%A4%96%E9%99%A9/%E5%80%9F%E6%AC%BE%E4%BA%BA%E4%BA%BA%E8%BA%AB%E6%84%8F%E5%A4%96%E4%BC%A4%E5%AE%B3%E4%BF%9D%E9%99%A9A%E6%AC%BE%EF%BC%882013%E7%89%88%EF%BC%89%E6%9D%A1%E6%AC%BE.pdf', '                                                                                                                                                                                                                                                                                                                                                                                                                                    &lt;p&gt;&lt;br&gt;&lt;/p&gt;                                                                                                                                                                                                                                                                                                                                                                                            ', 1, 1528888780),
	(775, 87, '投保须知', '', '                                                                                                                                                                                                                                                                                                                                                                                                                                    &lt;p&gt;1.尊敬的客户，为保证您的利益，请认真核实保险单资料。如与投保事实不符，请即刻通知更正。&lt;/p&gt;&lt;p&gt;2.请详细阅读保险条款，特别是有关责任免除、投保人和被保险人义务的部分。&lt;/p&gt;&lt;p&gt;3.本保险单所列事项发生变更，请尽快到营业网点办理批改手续。&lt;/p&gt;&lt;p&gt;4.如需咨询、理赔、批改等服务，请发送邮件至：kefu@800czb.com&lt;/p&gt;&lt;p&gt;5. 您可登陆太平洋官方网站www.cpic.com.cn进行保单下载验真。&lt;/p&gt;                                                                                                                                                                                                                                                                                                                                                                                            ', 1, 1528888780),
	(893, 52, '投保须知', '', '                                                                                                                                                                                                                                                                                                                                                                                                                                                                                                                                                                                                                                                                                                                                                                                    &lt;p&gt;1. &amp;nbsp;本产品承保的被保险人投保时年龄为出生满60天至90周岁。&lt;span class=&quot;Apple-tab-span&quot; style=&quot;white-space:pre&quot;&gt;					&lt;/span&gt;&lt;/p&gt;&lt;p&gt;2. &amp;nbsp;未满18周岁的未成年人的身故保险金额不超过保监会规定的限额。&lt;span class=&quot;Apple-tab-span&quot; style=&quot;white-space:pre&quot;&gt;					&lt;/span&gt;&lt;/p&gt;&lt;p&gt;3. &amp;nbsp;保单生效时年满71-80周岁的被保险人，其涉及的身故及伤残相关保险的保险金额为上述保障计划中所载保险金额的一半(50%)，保险费维持不变。保单生效时年满81-90周岁的被保险人，其涉及的身故及伤残相关保险的保险金额为上述保障计划中所载保险金额的四分之一(25%)，保险费维持不变。&lt;span class=&quot;Apple-tab-span&quot; style=&quot;white-space:pre&quot;&gt;					&lt;/span&gt;&lt;/p&gt;&lt;p&gt;4. &amp;nbsp;本产品每一被保险人限投一份，若同一个被保险人就同一旅行同时投保本保险公司2份（或以上）任何旅行险或航意险产品（不包括团体保险），且在不同产品中有相同保险利益的，则本保险公司仅按所投保产品中保额最高者进行理赔。&lt;span class=&quot;Apple-tab-span&quot; style=&quot;white-space:pre&quot;&gt;					&lt;/span&gt;&lt;/p&gt;&lt;p&gt;5. &amp;nbsp;如保险期间为一年，每次承保旅程最长期限为183天。&lt;span class=&quot;Apple-tab-span&quot; style=&quot;white-space:pre&quot;&gt;					&lt;/span&gt;&lt;/p&gt;&lt;p&gt;6. &amp;nbsp;本保单仅承保被保险人从中国大陆境内出发的旅行，且必须于出行前投保。&lt;span class=&quot;Apple-tab-span&quot; style=&quot;white-space:pre&quot;&gt;					&lt;/span&gt;&lt;/p&gt;&lt;p&gt;7. &amp;nbsp;本保单仅承保目的地为欧洲（含申根国家）地区的旅行。&lt;span class=&quot;Apple-tab-span&quot; style=&quot;white-space:pre&quot;&gt;					&lt;/span&gt;&lt;/p&gt;&lt;p&gt;&quot;8. &amp;nbsp; 若被保险人保单生效前患有心脑血管疾病、高血压或糖尿病中的任一疾病，则：&lt;/p&gt;&lt;p&gt;在旅行中因心脑血管疾病、高血压、糖尿病等保险条款约定的疾病或其并发症申请索赔的（无论索赔的该疾病/症状是否在该旅行前曾出现），属于除外责任，保险公司将不予赔付。&quot;&lt;span class=&quot;Apple-tab-span&quot; style=&quot;white-space:pre&quot;&gt;					&lt;/span&gt;&lt;/p&gt;&lt;div&gt;&lt;br&gt;&lt;/div&gt;&lt;p&gt;&lt;br&gt;&lt;/p&gt;                                                                                                                                                                                                                                                                                                                                                                                                                                                                                                                                                                                                                                                                                                            ', 1, 1529409070),
	(894, 52, '保险条款', 'https://img.800czb.com/pdf/anlian/shengenzhiwang/shengenzhiwang.pdf', '                                                                                                                                                                                                                                                                                                                                                                                                                                                                                                                                                                                                                                                                                                                                                                                                                                                                                                                                                                                                                                                                                                                                                                                                                                                ', 1, 1529409070),
	(910, 88, '保险条款', 'https://img.800czb.com/pdf/anlian/qingmiouya/qingmiouya.pdf', '                                                                                                                                                                                                                                                                                                                                                                                                                                                                                                                                                                                                                                                                                                                                                                                                                                                                        &lt;p&gt;&lt;br&gt;&lt;/p&gt;                                                                                                                                                                                                                                                                                                                                                                                                                                                                                                                                                                                                                                                                                                                                                                                        ', 1, 1529409499),
	(911, 88, '投保须知', '', '                                                                                                                                                                                                                                                                                                                                                                                                                                                                                                                                                                                                                                                                                                                                                                                                                                                                        &lt;p&gt;&lt;b&gt;投保须知&lt;/b&gt;&lt;span class=&quot;Apple-tab-span&quot; style=&quot;white-space:pre&quot;&gt;&lt;b&gt;	&lt;/b&gt;					&lt;/span&gt;&lt;/p&gt;&lt;p&gt;1. &amp;nbsp;本产品承保的被保险人投保年龄时的年龄应为出生满60天至90周岁。&lt;span class=&quot;Apple-tab-span&quot; style=&quot;white-space:pre&quot;&gt;						&lt;/span&gt;&lt;/p&gt;&lt;p&gt;2. &amp;nbsp;未满18周岁的未成年人的身故保险金额不超过保监会规定的限额。&lt;span class=&quot;Apple-tab-span&quot; style=&quot;white-space:pre&quot;&gt;						&lt;/span&gt;&lt;/p&gt;&lt;p&gt;3. &amp;nbsp;保单生效时年满71-80周岁的被保险人，其涉及的身故、伤残及医疗费用相关保险的保险金额为上述保障计划中所载保险金额的一半(50%)，保险费维持不变。保单生效时年满81-90周岁的被保险人，其涉及的身故、伤残及医疗费用相关保险的保险金额为上述保障计划中所载保险金额的四分之一(25%)，保险费维持不变。&lt;span class=&quot;Apple-tab-span&quot; style=&quot;white-space:pre&quot;&gt;						&lt;/span&gt;&lt;/p&gt;&lt;p&gt;4. &amp;nbsp;本产品每一被保险人限投一份，若同一个被保险人就同一旅行同时投保本保险公司2份（或以上）任何旅行险或航意险产品（不包括团体保险），且在不同产品中有相同保险利益的，则本保险公司仅按所投保产品中保额最高者进行理赔。&lt;span class=&quot;Apple-tab-span&quot; style=&quot;white-space:pre&quot;&gt;						&lt;/span&gt;&lt;/p&gt;&lt;p&gt;5. &amp;nbsp;本保单仅承保被保险人从中国大陆境内出发的旅行，且必须于出行前投保。&lt;span class=&quot;Apple-tab-span&quot; style=&quot;white-space:pre&quot;&gt;						&lt;/span&gt;&lt;/p&gt;&lt;p&gt;6. &amp;nbsp;本保单仅承保目的地为中国大陆以外地区的旅行，具体以本保单明细和条款中所载明或约定的旅行目的地为准。&lt;span class=&quot;Apple-tab-span&quot; style=&quot;white-space:pre&quot;&gt;						&lt;/span&gt;&lt;/p&gt;&lt;p&gt;&lt;span style=&quot;font-size: 14px;&quot;&gt;7. &amp;nbsp;若被保险人保单生效前患有心脑血管疾病、高血压或糖尿病中的任一疾病，则：&lt;/span&gt;&lt;/p&gt;&lt;p&gt;在旅行中因心脑血管疾病、高血压、糖尿病等保险条款约定的疾病或其并发症申请索赔的（无论索赔的该疾病/症状是否在该旅行前曾出现），属于除外责任，保险公司将不予赔付。&quot;&lt;span class=&quot;Apple-tab-span&quot; style=&quot;white-space:pre&quot;&gt;						&lt;/span&gt;&lt;/p&gt;&lt;p&gt;8. &amp;nbsp;所有的保额、保费、保险责任均以安联财产保险（中国）有限公司签发的保单及保险条款为准。&lt;span class=&quot;Apple-tab-span&quot; style=&quot;white-space:pre&quot;&gt;						&lt;/span&gt;&lt;/p&gt;&lt;p&gt;备注：承保恐怖分子行为，但不包括核生化等（与现行条款一致）&lt;span class=&quot;Apple-tab-span&quot; style=&quot;white-space:pre&quot;&gt;						&lt;/span&gt;&lt;/p&gt;&lt;div&gt;&lt;br&gt;&lt;/div&gt;                                                                                                                                                                                                                                                                                                                                                                                                                                                                                                                                                                                                                                                                                                                                                                                        ', 1, 1529409499),
	(955, 68, '投保须知', '', '                                                                                                                                                                                                                                                                                                                                                                                                                                                                                                                                                                                                                                                                                                                                                                                                                                                                                                                                                                                                                                                                                                                                                                                                                                                                                                                                                      &lt;p&gt;1、经济版、增强版、实惠版、标准版方案被保险人年龄范围为30天-17周岁（含30天与17周岁），至尊版方案仅限于11-17周岁（含11周岁与17周岁）儿童投保，不限于被保险人具备园籍或学籍，涵盖学龄前儿童，每人最多购买一份，超出投保份数无效。&lt;/p&gt;&lt;p&gt;2、根据国务院保险监督管理机构的规定，除航空意外身故责任和和重大自然灾害意外身故责任对应的保险金额外，对于未成年人作为被保险人的人身保险，在被保险人成年之前，各保险合同约定的被保险人死亡给付的保险金额总和、被保险人死亡时各保险公司实际给付的保险金总和按以下限额执行：（一）对于被保险人不满10周岁的，不得超过人民币20万元。（二）对于被保险人已满10周岁但未满18周岁的，不得超过人民币50万元。&lt;/p&gt;&lt;p&gt;3、保险责任与责任免除详见附件条款，请特别留意其中以加黑字体显示的责任免除部分内容。&lt;/p&gt;&lt;p&gt;4、受益人如不填写，则非身故类保险金受益人为被保险人本人，身故保险金按照继承法相关规定处理。&lt;/p&gt;&lt;p&gt;5、本产品仅提供电子保单。&lt;/p&gt;&lt;p&gt;6、退保规则：投保人要求解除本合同时，自保险人接到保险合同解除申请书之日次日零时起，本合同的效力终止。保险人收到证明文件和资料之日起30日内退还未满期净保险费。未满期净保险费=保险费&times;[1-(保险单已经过天数/保险期间天数)]&times;（1-25%），经过天数不足一天的按一天计算。&lt;/p&gt;&lt;p&gt;7、投保次日起，可以通过本公司网页pc.ehuatai.com、客服电话4006095509、营业网点核实保单承保和理赔信息，若对查询结果有异议，可在网站留言、通过客服电话或向营业网点反馈。&lt;/p&gt;                                                                                                                                                                                                                                                                                                                                                                                                                                                                                                                                                                                                                                                                                                                                                                                                                                                                                                                                                                                                                                                                                                                                                                                                                          ', 1, 1529666247),
	(956, 68, '保险条款', 'https://img.800czb.com/pdf/huatai/huataiertongyiwaixian/huataiertongywxztk.pdf', '                                                                                                                                                                                                                                                                                                                                                                                                                                                                                                                                                                                                                                                                                                                                                                                                                                                                                                                                                                                                                                                                                                                                                                                                                                                                                                                                                                                                                                                                                                                                                                                                                                                                ', 1, 1529666247),
	(959, 53, '投保须知', '', '                                                                                                                                                                                                                                                                                                                                                                                                                                                                                                                                                                                                                                                      &lt;p&gt;1. &amp;nbsp;本产品承保的被保险人投保时年龄为出生满60天至90周岁。&lt;span class=&quot;Apple-tab-span&quot; style=&quot;white-space:pre&quot;&gt;								&lt;/span&gt;&lt;/p&gt;&lt;p&gt;2. &amp;nbsp;未满18周岁的未成年人的身故保险金额不超过保监会规定的限额。&lt;span class=&quot;Apple-tab-span&quot; style=&quot;white-space:pre&quot;&gt;								&lt;/span&gt;&lt;/p&gt;&lt;p&gt;3. &amp;nbsp;保单生效时年满71-80周岁的被保险人，其涉及的身故、伤残及医疗费用相关保险的保险金额为上述保障计划中所载保险金额的一半(50%)，保险费维持不变。保单生效时年满81-90周岁的被保险人，其涉及的身故、伤残及医疗费用相关保险的保险金额为上述保障计划中所载保险金额的四分之一(25%)，保险费维持不变。&lt;span class=&quot;Apple-tab-span&quot; style=&quot;white-space:pre&quot;&gt;								&lt;/span&gt;&lt;/p&gt;&lt;p&gt;4. &amp;nbsp;本产品每一被保险人限投一份，若同一个被保险人就同一旅行同时投保本保险公司2份（或以上）任何旅行险或航意险产品（不包括团体保险），且在不同产品中有相同保险利益的，则本保险公司仅按所投保产品中保额最高者进行理赔。&lt;span class=&quot;Apple-tab-span&quot; style=&quot;white-space:pre&quot;&gt;								&lt;/span&gt;&lt;/p&gt;&lt;p&gt;5. &amp;nbsp;如保险期间为一年，每次承保旅程最长期限为183天。&lt;span class=&quot;Apple-tab-span&quot; style=&quot;white-space:pre&quot;&gt;								&lt;/span&gt;&lt;/p&gt;&lt;p&gt;6. &amp;nbsp;本保单仅承保被保险人从中国大陆境内出发的旅行，且必须于出行前投保。&lt;span class=&quot;Apple-tab-span&quot; style=&quot;white-space:pre&quot;&gt;								&lt;/span&gt;&lt;/p&gt;&lt;p&gt;7. &amp;nbsp;本保单仅承保目的地为中国大陆以外地区的旅行，具体以本保单明细和条款中所载明或约定的旅行目的地为准。&lt;span class=&quot;Apple-tab-span&quot; style=&quot;white-space:pre&quot;&gt;								&lt;/span&gt;&lt;/p&gt;&lt;p&gt;8. &amp;nbsp; 若被保险人保单生效前患有心脑血管疾病、高血压或糖尿病中的任一疾病，则：&lt;/p&gt;&lt;p&gt;在旅行中因心脑血管疾病、高血压、糖尿病等保险条款约定的疾病或其并发症申请索赔的（无论索赔的该疾病/症状是否在该旅行前曾出现），属于除外责任，保险公司将不予赔付。&quot;&lt;span class=&quot;Apple-tab-span&quot; style=&quot;white-space:pre&quot;&gt;								&lt;/span&gt;&lt;/p&gt;&lt;div&gt;&lt;br&gt;&lt;/div&gt;                                                                                                                                                                                                                                                                                                                                                                                                                                                                                                                                                                                          ', 1, 1529666293),
	(960, 53, '保险条款', 'https://img.800czb.com/pdf/anlian/huanyousihai/huanyousihai.pdf', '                                                                                                                                                                                                                                                                                                                                                                                                                                                                                                                                                                                                                                                                                                                                                                                                                                                                                                                                                                                                                                                                                                                                                                ', 1, 1529666293),
	(1009, 80, '投保须知', '', '                                                                                                                                                                                                                                                                                                                                                                                          &lt;p&gt;1、本计划由中国太平洋财产保险股份有限公司承保，目前该公司在北京、天津、河北、山西、内蒙古、辽宁、大连、吉林、黑龙江、上海、江苏、无锡、常州、浙江、温州、宁波、安徽、江西、福建、厦门、山东、青岛、苏州、河南、湖北、湖南、广东、东莞、深圳、海南、广西、四川、重庆、贵州、云南、陕西、甘肃、新疆、宁夏、青海有分支机构。&lt;/p&gt;&lt;p&gt;2、对于父母为其未成年子女投保此产品，被保险人因死亡给付的保险金总和，不高于保监会规定的限额且以保单载明保额为限。&lt;/p&gt;&lt;p&gt;3、本计划每一被保险人在同一保险期间A、B、C三款只能投保一款。&lt;/p&gt;&lt;p&gt;4、本计划一般意外伤害和高风险运动意外伤害不累计赔付。不保障职业运动员（保单特约除外）从事高风险运动、参加任何职业或半职业体育运动期间的事故。&lt;/p&gt;&lt;p&gt;5、在中国大陆连续居住满180天的外籍人士可以投保本计划。本计划不保障本市内的旅行，只承保除本市外其他中国境内（不含港澳台）地区的旅行。&lt;/p&gt;&lt;p&gt;6、意外住院津贴：每人每次事故免赔3天；被保险人一次住院治疗的，意外住院津贴以60天为限；若被保险人多次住院治疗，累计给付天数以90天为限，且总的住院津贴保险金不超过保险单所载意外伤害保险金额的30%。&lt;/p&gt;&lt;p&gt;7、本计划仅提供电子发票，如有需要请联系客服申请。（如需开具单位抬头发票，需投保人填写公司名称，证件号填写税号）&lt;/p&gt;&lt;p&gt;8、本计划为网络销售产品，网上投保、网上支付、网上即时核保并出具电子保单，电子保单由保险公司直接发送至投保人邮箱，电子保单一经生成不办理任何形式的变更、注销、退保，您可登陆太平洋保险官网或拨打95500查询、验真。&lt;/p&gt;                                                                                                                                                                                                                                                                                                                                                      ', 1, 1530259574),
	(1010, 80, '', '', '                                                                                                                                                                                                                                                                                                                                                                                                                                                                                                                                                                                                                                                                ', 1, 1530259574),
	(1011, 80, '保险条款', 'https://img.800czb.com/pdf/%E5%A4%AA%E4%BF%9D/%E6%B0%91%E4%B9%90%E7%9F%AD%E7%BA%BF%E5%A2%83%E5%86%85%E6%97%85%E8%A1%8C%E9%99%A9/%E5%A4%AA%E4%BF%9D%E5%A2%83%E5%86%85%E6%97%85%E8%A1%8C%E9%99%A9%E4%B8%BB%E6%9D%A1%E6%AC%BE.pdf', '                                                                                                                                                                                                                                                                                                                                                                                                                                                                                                                                                                                                                                                                ', 1, 1530259574),
	(1027, 74, '投保须知', '', '                                                                                                                                                                                                                                                                                                                                                                                                                                                                                                                                                                                                                                                                                                                                                                                    &lt;div&gt;1、本产品投保年龄范围为60天-12周岁&lt;/div&gt;&lt;div&gt;&lt;br&gt;&lt;/div&gt;&lt;div&gt;2、被保险人为未成年人的，投保人必须为其父母或监护人。&lt;/div&gt;&lt;div&gt;&lt;br&gt;&lt;/div&gt;&lt;div&gt;3、未满18周岁的未成年人的身故保险金额不超过保监会规定的限额。&lt;/div&gt;&lt;div&gt;&lt;br&gt;&lt;/div&gt;&lt;div&gt;4、本产品（包含一个或多个保险计划）每一被保险人限投一份，多投无效。&lt;/div&gt;&lt;div&gt;&lt;br&gt;&lt;/div&gt;                                                                                                                                                                                                                                                                                                                                                                                                                                                                                                                                                                                                                                                                                                                                                                                                                                                                                                                                                                                      ', 1, 1530331049),
	(1028, 74, '保险条款', 'https://img.800czb.com/pdf/anlian/xiongbaobao/xiongbaobao.pdf', '                                                                                                                                                                                                                                                                                                                                                                                                                                                                                                                                                                                                                                                                                                                                                                                                                                                                                                                                                                                                                                                                                                                                                                                                                                                                                                                                                                                                                                                                                                                                                                                                                                                                                                                                                                                                                                                                                                                                                                                                ', 1, 1530331049),
	(1033, 84, '投保须知', '', '                                                                                                                                                                                                                                                                                                                                                                                                                                                                                                                                                                                                                                                                                                                                                                                                                                                                                                                                                                                                                                                &lt;p&gt;1、本产品由安联财产保险（中国）有限公司承保，该公司在北京、上海、广东（含深圳）地区设有分支机构，被保险人投保前及投保后一年内需在上述地区居住满183天。&lt;span class=&quot;Apple-tab-span&quot; style=&quot;white-space:pre&quot;&gt;										&lt;/span&gt;&lt;/p&gt;&lt;p&gt;2、被保险人的投保年龄为出生满30天至60周岁，最高续保年龄为80周岁（含）。被保险人须为投保人本人、其配偶、其父母（除外岳父母或公婆关系）、其子女。&lt;span class=&quot;Apple-tab-span&quot; style=&quot;white-space:pre&quot;&gt;										&lt;/span&gt;&lt;/p&gt;&lt;p&gt;3、投保人若为其未满18周岁的未成年人投保本产品，须同时作为被保险人投保；若投保人退保，其未成年人子女保单及保障也将同时自动终止。&lt;span class=&quot;Apple-tab-span&quot; style=&quot;white-space:pre&quot;&gt;										&lt;/span&gt;&lt;/p&gt;&lt;p&gt;4、等待期：被保险人首次投保或非连续投保时，本产品的等待期为30天，扁桃腺、甲状腺、疝气、女性生殖系统疾病的检查与治疗等待期为120天；意外医疗及连续投保没有等待期。&lt;span class=&quot;Apple-tab-span&quot; style=&quot;white-space:pre&quot;&gt;										&lt;/span&gt;&lt;/p&gt;&lt;p&gt;5、门急诊医疗保险金包含：急诊室费、紧急治疗费、诊疗费、检查检验费、门诊手术费、药品费、中医治疗费、意外牙科治疗费。&lt;/p&gt;&lt;p&gt;&lt;span class=&quot;Apple-tab-span&quot; style=&quot;white-space:pre&quot;&gt;										&lt;/span&gt;&lt;/p&gt;&lt;p&gt;6、住院医疗保险金包含：急诊室费、紧急治疗费、床位费、膳食费、护理费、重症监护室床位费、诊疗费、检查检验费、治疗费、药品费、手术费、耐用医疗设备费。&lt;span class=&quot;Apple-tab-span&quot; style=&quot;white-space:pre&quot;&gt;										&lt;/span&gt;&lt;/p&gt;&lt;p&gt;7、就诊医院：1）中华人民共和国境内（港、澳、台地区除外）合法经营的二级及二级以上医院，包括特需医疗、干部病房、国际医疗中心等；2）私立医疗机构；3）14家昂贵医院；4)北京市平谷区、密云县、怀柔区所有医院除外。&lt;span class=&quot;Apple-tab-span&quot; style=&quot;white-space:pre&quot;&gt;										&lt;/span&gt;&lt;/p&gt;&lt;p&gt;8、自付比例：公立医院包括但不限于公立普通/干部病房/公立特需/国际部0%，私立医疗机构20%，昂贵私立50%。&lt;span class=&quot;Apple-tab-span&quot; style=&quot;white-space:pre&quot;&gt;	&lt;/span&gt;&lt;/p&gt;&lt;p&gt;&lt;span class=&quot;Apple-tab-span&quot; style=&quot;white-space:pre&quot;&gt;									&lt;/span&gt;&lt;/p&gt;&lt;p&gt;9、免赔额及给付次数：门急诊医疗保险金含免赔额和给付次数限制，具体以保单约定为准。&lt;span class=&quot;Apple-tab-span&quot; style=&quot;white-space:pre&quot;&gt;										&lt;/span&gt;&lt;/p&gt;&lt;p&gt;10、续保规则：对于健康状况如实告知投保的被保险人，费率、承保条件等调整适用于本合同的所有被保险人或同一投保年龄段的所有被保险人，保险人不会因为某一被保险人的健康状况变化或历史理赔情况而单独调整该被保险人的连续投保保险计划的的承保条件；但对于健康状况未如实告知投保的被保险人，保险人保留对该被保险人的连续投保保险计划承保条件调整的权利。&lt;span class=&quot;Apple-tab-span&quot; style=&quot;white-space:pre&quot;&gt;	&lt;/span&gt;&lt;/p&gt;&lt;p&gt;&lt;span class=&quot;Apple-tab-span&quot; style=&quot;white-space:pre&quot;&gt;									&lt;/span&gt;&lt;/p&gt;&lt;p&gt;11、如实告知：请如实填写投保信息，并如实告知被保险人的健康状况及提交健康问卷，如未履行如实告知义务的，保险人有权依法解除保险合同，并对合同解除前发生的保险事故不承担保险责任。&lt;span class=&quot;Apple-tab-span&quot; style=&quot;white-space:pre&quot;&gt;	&lt;/span&gt;&lt;/p&gt;&lt;p&gt;&lt;span class=&quot;Apple-tab-span&quot; style=&quot;white-space:pre&quot;&gt;									&lt;/span&gt;&lt;/p&gt;&lt;p&gt;12、阅读条款：投保前请仔细阅读本产品保险条款，并确认已经了解并同意保险条款内容，特别是保险责任和责任免除部分。&lt;/p&gt;&lt;p&gt;&lt;span class=&quot;Apple-tab-span&quot; style=&quot;white-space:pre&quot;&gt;										&lt;/span&gt;&lt;/p&gt;&lt;p&gt;13、退保规则：本保险无犹豫期，请您慎重选择购买，除法律法规或双方另有约定外，成功投保之后退保本公司仅退还保单未满期保费，退保将会造成您的损失。&lt;span class=&quot;Apple-tab-span&quot; style=&quot;white-space:pre&quot;&gt;										&lt;/span&gt;&lt;/p&gt;&lt;p&gt;14、本产品承保职业类别为1-4类的被保险人。具体职业种类归属详见安联职业分类表。&lt;span class=&quot;Apple-tab-span&quot; style=&quot;white-space:pre&quot;&gt;										&lt;/span&gt;&lt;/p&gt;&lt;p&gt;15、被保险人投保时符合本产品的职业类别，如投保后变更职业或工种，请及时告知保险人，如未依约定通知保险人，因危险程度增加导致发生保险事故的，保险人不承担给付保险金的责任。&lt;/p&gt;&lt;p&gt;&lt;span class=&quot;Apple-tab-span&quot; style=&quot;white-space:pre&quot;&gt;										&lt;/span&gt;&lt;/p&gt;&lt;p&gt;16、本产品（包含一个或多个保险计划）在安联财险投保每一被保险人限投一份，多投无效。&lt;span class=&quot;Apple-tab-span&quot; style=&quot;white-space:pre&quot;&gt;	&lt;/span&gt;&lt;/p&gt;&lt;p&gt;&lt;span class=&quot;Apple-tab-span&quot; style=&quot;white-space:pre&quot;&gt;									&lt;/span&gt;&lt;/p&gt;&lt;p&gt;17、保单形式：网上投保为您提供电子保单，根据《中华人民共和国合同法》第十一条规定，数据电文是合法的合同表现形式，电子保单与纸质保单具有同等法律效力。&lt;span class=&quot;Apple-tab-span&quot; style=&quot;white-space:pre&quot;&gt;										&lt;/span&gt;&lt;/p&gt;                                                                                                                                                                                                                                                                                                                                                                                                                                                                                                                                                                                                                                                                                                                                                                                                                                                                                                                                                ', 1, 1530520112),
	(1034, 84, '健康告知', '', '                                                                                                                                                                                                                                                                                                                                                                                                                                                                                                                                                                                                                                                                                                                                                                                                                                                                                                                                                                                                                                                &lt;p&gt;&lt;b&gt;请确认被保险人无以下所述事项：&lt;/b&gt;&lt;span class=&quot;Apple-tab-span&quot; style=&quot;white-space: pre;&quot;&gt;												&lt;/span&gt;&lt;/p&gt;&lt;p&gt;1.&lt;span class=&quot;Apple-tab-span&quot; style=&quot;white-space:pre&quot;&gt;	&lt;/span&gt;被保险人投保时是否正进行任何健康咨询、药物治疗、外科手术，但不包括普通感冒、流感或敏感症；或考虑在投保后3个月内寻求诊疗、检查、测试、住院治疗或外科手术？&lt;span class=&quot;Apple-tab-span&quot; style=&quot;white-space:pre&quot;&gt;											&lt;/span&gt;&lt;/p&gt;&lt;p&gt;2.&lt;span class=&quot;Apple-tab-span&quot; style=&quot;white-space:pre&quot;&gt;	&lt;/span&gt;被保险人最近5年中，在申请如人寿保险、意外伤害保险，重大疾病保险、其它医疗健康保险等任何保险计划时，是否曾被延迟、被拒保、被撤销或被附加任何特别条件（如增加保险费或特别免责条款）？&lt;span class=&quot;Apple-tab-span&quot; style=&quot;white-space:pre&quot;&gt;			&lt;/span&gt;&lt;/p&gt;&lt;p&gt;&lt;span class=&quot;Apple-tab-span&quot; style=&quot;white-space:pre&quot;&gt;								&lt;/span&gt;&lt;/p&gt;&lt;p&gt;3.&lt;span class=&quot;Apple-tab-span&quot; style=&quot;white-space:pre&quot;&gt;	&lt;/span&gt;被保险人是否曾经或正患有如下任一疾病、出现如下任一体征或检查异常、或接受如下任一治疗（相关定义以世界卫生组织颁布的《疾病和有关健康问题的国际统计分类（ICD-10）》为准）：&lt;span class=&quot;Apple-tab-span&quot; style=&quot;white-space:pre&quot;&gt;											&lt;/span&gt;&lt;/p&gt;&lt;p&gt;-&lt;span class=&quot;Apple-tab-span&quot; style=&quot;white-space:pre&quot;&gt;	&lt;/span&gt;冠心病、心绞痛、心肌梗塞、心脏瓣膜疾病、各种原因导致的心脏衰竭、先天性心脏缺陷、频发室早、房性早搏、房颤、三度房室传导阻滞、冠状动脉介入手术或搭桥手术、动脉瘤或血管畸形、血友病、血液凝固障碍、脑卒中（中风）&lt;span class=&quot;Apple-tab-span&quot; style=&quot;white-space:pre&quot;&gt;						&lt;/span&gt;&lt;/p&gt;&lt;p&gt;-&lt;span class=&quot;Apple-tab-span&quot; style=&quot;white-space:pre&quot;&gt;	&lt;/span&gt;先天性疾病、痴呆、癫痫、多发性硬化、帕金森病、阿尔茨海默病或任何影响脑部或神经系统的失常；&lt;span class=&quot;Apple-tab-span&quot; style=&quot;white-space:pre&quot;&gt;											&lt;/span&gt;&lt;/p&gt;&lt;p&gt;-&lt;span class=&quot;Apple-tab-span&quot; style=&quot;white-space:pre&quot;&gt;	&lt;/span&gt;肝脏疾病或症状（如肝炎病毒携带者、肝硬化、肝功能衰竭等）、胃旁路手术、胃/十二指肠溃疡、炎症性肠病（如溃疡性结肠炎、克罗恩病（节段性肠炎）等）、胰腺炎、胆囊息肉、胆石症；&lt;span class=&quot;Apple-tab-span&quot; style=&quot;white-space:pre&quot;&gt;											&lt;/span&gt;&lt;/p&gt;&lt;p&gt;-&lt;span class=&quot;Apple-tab-span&quot; style=&quot;white-space:pre&quot;&gt;	&lt;/span&gt;代谢综合症、各种类型糖尿病、高血压、肾上腺皮质功能不全、肢端肥大症、各种甲状腺疾病（如甲状腺结节、甲状腺功能亢进/降低等)&lt;span class=&quot;Apple-tab-span&quot; style=&quot;white-space:pre&quot;&gt;							&lt;/span&gt;&lt;/p&gt;&lt;p&gt;&lt;span class=&quot;Apple-tab-span&quot; style=&quot;white-space:pre&quot;&gt;&lt;br&gt;&lt;/span&gt;-&lt;span class=&quot;Apple-tab-span&quot; style=&quot;white-space: pre;&quot;&gt;	&lt;/span&gt;恶性肿瘤、白血病、淋巴瘤、良性肿瘤且未手术、不明性质的肿块/息肉/结节/新生物；&lt;/p&gt;&lt;p&gt;-&lt;span class=&quot;Apple-tab-span&quot; style=&quot;white-space:pre&quot;&gt;	&lt;/span&gt;精神病、各种类型的抑郁症、自闭症、厌食症或暴食症、试图自杀；&lt;span class=&quot;Apple-tab-span&quot; style=&quot;white-space: pre;&quot;&gt;		&lt;/span&gt;&lt;/p&gt;&lt;p&gt;-&lt;span class=&quot;Apple-tab-span&quot; style=&quot;white-space:pre&quot;&gt;	&lt;/span&gt;耳疾（如耳聋等）、眼疾（如近视度数&amp;gt;=800度、失明、青光眼、白内障、视网膜出血或剥离等）；&lt;span class=&quot;Apple-tab-span&quot; style=&quot;white-space:pre&quot;&gt;											&lt;/span&gt;&lt;/p&gt;&lt;p&gt;-&lt;span class=&quot;Apple-tab-span&quot; style=&quot;white-space:pre&quot;&gt;	&lt;/span&gt;肢体瘫痪（包括截瘫、偏瘫或全瘫）、类风湿性关节炎、强直性脊柱炎、系统性红斑狼疮、肌营养不良或肌肉萎缩、股骨头坏死、椎间盘突出症、人工关节置换、肌无力综合征、重症肌无力；&lt;span class=&quot;Apple-tab-span&quot; style=&quot;white-space:pre&quot;&gt;											&lt;/span&gt;&lt;/p&gt;&lt;p&gt;-&lt;span class=&quot;Apple-tab-span&quot; style=&quot;white-space:pre&quot;&gt;	&lt;/span&gt;肾小球（肾盂）疾病、肾病综合症、慢性肾功能衰竭、肾透析、多囊肾、肾/输尿管结石；&lt;span class=&quot;Apple-tab-span&quot; style=&quot;white-space:pre&quot;&gt;											&lt;/span&gt;&lt;/p&gt;&lt;p&gt;-&lt;span class=&quot;Apple-tab-span&quot; style=&quot;white-space:pre&quot;&gt;	&lt;/span&gt;肺气肿、慢性阻塞性肺病、肺纤维化、间质性肺病、肺结核、哮喘；&lt;span class=&quot;Apple-tab-span&quot; style=&quot;white-space:pre&quot;&gt;		&lt;/span&gt;&lt;/p&gt;&lt;p&gt;-&lt;span class=&quot;Apple-tab-span&quot; style=&quot;white-space:pre&quot;&gt;	&lt;/span&gt;各种器官移植，如心、肺、肝、肾、胰脏、造血干细胞移植等；&lt;span class=&quot;Apple-tab-span&quot; style=&quot;white-space:pre&quot;&gt;											&lt;/span&gt;&lt;/p&gt;&lt;p&gt;4.&lt;span class=&quot;Apple-tab-span&quot; style=&quot;white-space:pre&quot;&gt;	&lt;/span&gt;被保险人最近2年中，是否做过以下任意一项检查，且任意一项检查结果有异常：&lt;span class=&quot;Apple-tab-span&quot; style=&quot;white-space:pre&quot;&gt;											&lt;/span&gt;&lt;/p&gt;&lt;p&gt;-&lt;span class=&quot;Apple-tab-span&quot; style=&quot;white-space:pre&quot;&gt;	&lt;/span&gt; X光、B超、彩超、CT（包括增强CT）、核磁共振、内窥镜、病理活检、眼底检查、血液检查、巴氏阴道细胞涂片（PAP）或宫颈液基薄层细胞检测（TCT检查）；&lt;span class=&quot;Apple-tab-span&quot; style=&quot;white-space:pre&quot;&gt;											&lt;/span&gt;&lt;/p&gt;&lt;p&gt;5.&lt;span class=&quot;Apple-tab-span&quot; style=&quot;white-space:pre&quot;&gt;	&lt;/span&gt;被保险人最近1年中，是否有因病连续住院5天及以上，或病假累计15天及以上(不包括剖腹产或顺产)？&lt;/p&gt;&lt;p&gt;&lt;span class=&quot;Apple-tab-span&quot; style=&quot;white-space:pre&quot;&gt;											&lt;/span&gt;&lt;/p&gt;&lt;p&gt;6.&lt;span class=&quot;Apple-tab-span&quot; style=&quot;white-space:pre&quot;&gt;	&lt;/span&gt;被保险人最近1年，是否存在以下任何不适症状：反复头晕、晕厥、惊厥、胸痛、气急、紫绀、持续反复发热、抽搐、不明原因皮下出血点、咯血、反复呕吐、进食哽噎感或吞咽困难、呕血、浮肿、腹痛、黄疸（新生儿黄疸且已治愈的除外）、反复淋巴结肿大、贫血（Hb&amp;lt;低于90g/l）、便血或黑便、尿频、尿急、排尿困难、血尿、蛋白尿、阴道不规则出血（女性适用）、体重下降或上升超过5公斤；&lt;/p&gt;&lt;p&gt;&lt;span class=&quot;Apple-tab-span&quot; style=&quot;white-space:pre&quot;&gt;											&lt;/span&gt;&lt;/p&gt;&lt;p&gt;7.&lt;span class=&quot;Apple-tab-span&quot; style=&quot;white-space:pre&quot;&gt;	&lt;/span&gt;被保险人是否存在以下任一症状：艾滋病毒感染史、艾滋病、艾滋相关综合征或其他免疫系统疾病，法定传染病（包含甲类/乙类/丙类）或性病；&lt;span class=&quot;Apple-tab-span&quot; style=&quot;white-space:pre&quot;&gt;											&lt;/span&gt;&lt;/p&gt;&lt;p&gt;8.&lt;span class=&quot;Apple-tab-span&quot; style=&quot;white-space:pre&quot;&gt;	&lt;/span&gt;被保险人是否有：吸毒史、滥用药物史、酗酒史（酗酒是指每周饮酒单位大于等于50，每一个饮酒单位含12g酒精，相当于1杯（300ml）啤酒或者半杯（150ml）葡萄酒或者45ml 白酒）；&lt;span class=&quot;Apple-tab-span&quot; style=&quot;white-space:pre&quot;&gt;		&lt;/span&gt;&lt;/p&gt;&lt;p&gt;&lt;span class=&quot;Apple-tab-span&quot; style=&quot;white-space:pre&quot;&gt;									&lt;/span&gt;&lt;/p&gt;&lt;p&gt;9. &amp;nbsp; &amp;nbsp;2周岁以下被保险人是否存在以下情况：出生时体重低于2.5公斤，早产、窒息、发育迟缓、脑瘫？&lt;/p&gt;&lt;p&gt;&lt;span class=&quot;Apple-tab-span&quot; style=&quot;white-space:pre&quot;&gt;											&lt;/span&gt;&lt;/p&gt;&lt;p&gt;10.&lt;span class=&quot;Apple-tab-span&quot; style=&quot;white-space:pre&quot;&gt;	&lt;/span&gt;女性被保险人是否曾存在以下症状&lt;span class=&quot;Apple-tab-span&quot; style=&quot;white-space:pre&quot;&gt;											&lt;/span&gt;&lt;/p&gt;&lt;p&gt;-&lt;span class=&quot;Apple-tab-span&quot; style=&quot;white-space:pre&quot;&gt;	&lt;/span&gt;子宫内膜异位症、葡萄胎、子宫异常增大、输卵管卵巢囊肿、不孕不育&lt;span class=&quot;Apple-tab-span&quot; style=&quot;white-space:pre&quot;&gt;			&lt;/span&gt;&lt;/p&gt;&lt;p&gt;-&lt;span class=&quot;Apple-tab-span&quot; style=&quot;white-space:pre&quot;&gt;	&lt;/span&gt;已经怀孕，或计划通过自然或人工方式怀孕&lt;span class=&quot;Apple-tab-span&quot; style=&quot;white-space:pre&quot;&gt;											&lt;/span&gt;&lt;/p&gt;                                                                                                                                                                                                                                                                                                                                                                                                                                                                                                                                                                                                                                                                                                                                                                                                                                                                                                                                                ', 1, 1530520112),
	(1035, 84, '保险条款', 'https://img.800czb.com/pdf/anlian/zhenxinyiliao/zhenxinyiliao.pdf', '                                                                                                                                                                                                                                                                                                                                                                                                                                                                                                                                                                                                                                                                                                                                                                                                                                                                                                                                                                                                                                                                                                                                                                                                                                                                                                                                                                                                                                                                                                                                                                                                                                                                                                                                                                                                                                                                                                                ', 1, 1530520112),
	(1056, 55, '投保须知', '', '                                                                                                                                                                                                                                                                                                                                                                                                                                                                                                                                                                                                                                                                                                                                                                                                                                                                                                                                                                                                                                                                                                                                                                                                                                                                                                                                                                                                                                                                                                                                                                                                                                                                                                                                                                                                                                                                                                                                                                                                                                                                                                                                                                                                                                                                                                                                                                                                                                                                                          &lt;p class=&quot;MsoNormal&quot; align=&quot;center&quot; style=&quot;text-align: justify;&quot;&gt;&lt;font face=&quot;Helvetica&quot;&gt;&lt;span style=&quot;font-size: 10px;&quot;&gt;1、投保人：18周岁以上有完全民事行为能力人，并与被保险人；存在可保利益&lt;/span&gt;&lt;/font&gt;&lt;/p&gt;&lt;p class=&quot;MsoNormal&quot; align=&quot;center&quot; style=&quot;text-align: justify;&quot;&gt;&lt;font face=&quot;Helvetica&quot;&gt;&lt;span style=&quot;font-size: 10px;&quot;&gt;--本产品投保人与被保险关系须为：本人、配偶、子女、父母；&lt;/span&gt;&lt;/font&gt;&lt;/p&gt;&lt;p class=&quot;MsoNormal&quot; align=&quot;center&quot; style=&quot;text-align: justify;&quot;&gt;&lt;font face=&quot;Helvetica&quot;&gt;&lt;span style=&quot;font-size: 10px;&quot;&gt;2、被保险人：&lt;/span&gt;&lt;/font&gt;&lt;/p&gt;&lt;p class=&quot;MsoNormal&quot; align=&quot;center&quot; style=&quot;text-align: justify;&quot;&gt;&lt;font face=&quot;Helvetica&quot;&gt;&lt;span style=&quot;font-size: 10px;&quot;&gt;--初次投保时年龄为30天（含）至60周岁（含），身体健康的自然人，可续保至80周岁；&lt;/span&gt;&lt;/font&gt;&lt;/p&gt;&lt;p class=&quot;MsoNormal&quot; align=&quot;center&quot; style=&quot;text-align: justify;&quot;&gt;&lt;font face=&quot;Helvetica&quot;&gt;&lt;span style=&quot;font-size: 10px;&quot;&gt;--《华泰财险职业类别表》中的 1-4 类人员；&lt;/span&gt;&lt;/font&gt;&lt;/p&gt;&lt;p class=&quot;MsoNormal&quot; align=&quot;center&quot; style=&quot;text-align: justify;&quot;&gt;&lt;font face=&quot;Helvetica&quot;&gt;&lt;span style=&quot;font-size: 10px;&quot;&gt;3、等待期：本产品的等待期为30天&lt;/span&gt;&lt;/font&gt;&lt;/p&gt;&lt;p class=&quot;MsoNormal&quot; align=&quot;center&quot; style=&quot;text-align: justify;&quot;&gt;&lt;font face=&quot;Helvetica&quot;&gt;&lt;span style=&quot;font-size: 10px;&quot;&gt;--其中扁桃腺、甲状腺、疝气、女性乳腺生殖系统疾病的检查与治疗等待期为120天；意外医疗及续保无等待期；&lt;/span&gt;&lt;/font&gt;&lt;/p&gt;&lt;p class=&quot;MsoNormal&quot; align=&quot;center&quot; style=&quot;text-align: justify;&quot;&gt;&lt;font face=&quot;Helvetica&quot;&gt;&lt;span style=&quot;font-size: 10px;&quot;&gt;4、社保：是指包括新型农村合作医疗、城镇职工基本医疗保险、城镇居民基本医疗保险、少儿医保等政府举办的基本医疗保障项目；&lt;/span&gt;&lt;/font&gt;&lt;/p&gt;&lt;p class=&quot;MsoNormal&quot; align=&quot;center&quot; style=&quot;text-align: justify;&quot;&gt;&lt;font face=&quot;Helvetica&quot;&gt;&lt;span style=&quot;font-size: 10px;&quot;&gt;5、免赔额：一般医疗保险金年免赔额1万，确诊恶性肿瘤且住院，豁免确诊日后及续保年度恶性肿瘤保险金的免赔额；&lt;/span&gt;&lt;/font&gt;&lt;/p&gt;&lt;p class=&quot;MsoNormal&quot; align=&quot;center&quot; style=&quot;text-align: justify;&quot;&gt;&lt;font face=&quot;Helvetica&quot;&gt;&lt;span style=&quot;font-size: 10px;&quot;&gt;6、请根据实际情况确认是否有社会医疗保险，以有社会医疗保险身份参保，但未以社会医疗保险身份就诊并结算的，本保险按照应赔付金额的60%进行赔付；&lt;/span&gt;&lt;/font&gt;&lt;/p&gt;&lt;p class=&quot;MsoNormal&quot; align=&quot;center&quot; style=&quot;text-align: justify;&quot;&gt;&lt;font face=&quot;Helvetica&quot;&gt;&lt;span style=&quot;font-size: 10px;&quot;&gt;7、本保单仅限1-4类职业投保，因超出上述职业类别出险的为除外责任；&lt;/span&gt;&lt;/font&gt;&lt;/p&gt;&lt;p class=&quot;MsoNormal&quot; align=&quot;center&quot; style=&quot;text-align: justify;&quot;&gt;&lt;font face=&quot;Helvetica&quot;&gt;&lt;span style=&quot;font-size: 10px;&quot;&gt;8、投保人/被保险人选择投保本产品成功后即认为投保人/被保险人认可华泰保险提供的免费重大疾病绿色通道+国内二次诊疗+住院垫付服务，同意华泰保险将保单信息提供给指定的第三方服务机构，以便保证在您需要的时候可以快速有效的给您提供服务；&lt;/span&gt;&lt;/font&gt;&lt;/p&gt;&lt;p class=&quot;MsoNormal&quot; align=&quot;center&quot; style=&quot;text-align: justify;&quot;&gt;&lt;font face=&quot;Helvetica&quot;&gt;&lt;span style=&quot;font-size: 10px;&quot;&gt;9、免费重大疾病绿色通道+国内二次诊疗+住院垫付服务的重大疾病范围详见《重大疾病清单》；&lt;/span&gt;&lt;/font&gt;&lt;/p&gt;&lt;p class=&quot;MsoNormal&quot; align=&quot;center&quot; style=&quot;text-align: justify;&quot;&gt;&lt;font face=&quot;Helvetica&quot;&gt;&lt;span style=&quot;font-size: 10px;&quot;&gt;10、退保规则：投保人要求解除本合同时，自保险人接到保险合同解除申请书之日次日零时起，本合同的效力终止。保险人收到证明文件和资料之日起30日内退还未满期净保险费。未满期净保险费=保险费&times;[1-(保险单已经过天数/保险期间天数)]&times;（1-35%），经过天数不足一天的按一天计算；&lt;/span&gt;&lt;/font&gt;&lt;/p&gt;&lt;p class=&quot;MsoNormal&quot; align=&quot;center&quot; style=&quot;text-align: justify;&quot;&gt;&lt;font face=&quot;Helvetica&quot;&gt;&lt;span style=&quot;font-size: 10px;&quot;&gt;11、本保单保费分期缴付（共计12期），保费分期缴付的缴费周期为1个月，每次缴费日期以第一次缴费的日期数为准，未缴付首期保费，保险合同不成立，保险人不承担保险责任。如投保人未按照保险合同约定的付款时间足额缴付当期保费，且在本保险合同约定的付款宽限期内仍未足额补缴当期保费的，本保险合同的保险期间在上一缴费周期结束时终止。对于保险期间终止后发生的保险事故，保险人不承担保险责任。本保险合同的付款宽限期为7天；&lt;/span&gt;&lt;/font&gt;&lt;/p&gt;&lt;p class=&quot;MsoNormal&quot; align=&quot;center&quot; style=&quot;text-align: justify;&quot;&gt;&lt;font face=&quot;Helvetica&quot;&gt;&lt;span style=&quot;font-size: 10px;&quot;&gt;12、医院：&lt;/span&gt;&lt;/font&gt;&lt;/p&gt;&lt;p class=&quot;MsoNormal&quot; align=&quot;center&quot; style=&quot;text-align: justify;&quot;&gt;&lt;font face=&quot;Helvetica&quot;&gt;&lt;span style=&quot;font-size: 10px;&quot;&gt;--二级或以上的综合性或专科医院或保险人认可的医疗机构，且仅限于上述医院的普通部，不包括如下机构或医疗服务：&lt;/span&gt;&lt;/font&gt;&lt;/p&gt;&lt;p class=&quot;MsoNormal&quot; align=&quot;center&quot; style=&quot;text-align: justify;&quot;&gt;&lt;font face=&quot;Helvetica&quot;&gt;&lt;span style=&quot;font-size: 10px;&quot;&gt;-- 特需医疗、外宾医疗、干部病房、联合病房、国际医疗中心、VIP部、联合医院；&lt;/span&gt;&lt;/font&gt;&lt;/p&gt;&lt;p class=&quot;MsoNormal&quot; align=&quot;center&quot; style=&quot;text-align: justify;&quot;&gt;&lt;font face=&quot;Helvetica&quot;&gt;&lt;span style=&quot;font-size: 10px;&quot;&gt;-- 诊所、康复中心、家庭病床、护理机构；&lt;/span&gt;&lt;/font&gt;&lt;/p&gt;&lt;p class=&quot;MsoNormal&quot; align=&quot;center&quot; style=&quot;text-align: justify;&quot;&gt;&lt;font face=&quot;Helvetica&quot;&gt;&lt;span style=&quot;font-size: 10px;&quot;&gt;--休养、戒酒、戒毒中心。&lt;/span&gt;&lt;/font&gt;&lt;/p&gt;&lt;p class=&quot;MsoNormal&quot; align=&quot;center&quot; style=&quot;text-align: justify;&quot;&gt;&lt;font face=&quot;Helvetica&quot;&gt;&lt;span style=&quot;font-size: 10px;&quot;&gt;13、本产品每一被保险人同一保险期间限投保1份，多投无效；&lt;/span&gt;&lt;/font&gt;&lt;/p&gt;&lt;p class=&quot;MsoNormal&quot; align=&quot;center&quot; style=&quot;text-align: justify;&quot;&gt;&lt;font face=&quot;Helvetica&quot;&gt;&lt;span style=&quot;font-size: 10px;&quot;&gt;14、保障区域：本产品医疗责任保障区域限于中国境内，不包括港澳台地区；&lt;/span&gt;&lt;/font&gt;&lt;/p&gt;&lt;p class=&quot;MsoNormal&quot; align=&quot;center&quot; style=&quot;text-align: justify;&quot;&gt;&lt;font face=&quot;Helvetica&quot;&gt;&lt;span style=&quot;font-size: 10px;&quot;&gt;15、部分除外责任：&lt;/span&gt;&lt;/font&gt;&lt;/p&gt;&lt;p class=&quot;MsoNormal&quot; align=&quot;center&quot; style=&quot;text-align: justify;&quot;&gt;&lt;font face=&quot;Helvetica&quot;&gt;&lt;span style=&quot;font-size: 10px;&quot;&gt;--被保险人在初次投保或非连续投保前所患既往症；&lt;/span&gt;&lt;/font&gt;&lt;/p&gt;&lt;p class=&quot;MsoNormal&quot; align=&quot;center&quot; style=&quot;text-align: justify;&quot;&gt;&lt;font face=&quot;Helvetica&quot;&gt;&lt;span style=&quot;font-size: 10px;&quot;&gt;--等待期内出现的疾病、症状或体征；等待期内接受检查但在等待期后确诊的疾病；&lt;/span&gt;&lt;/font&gt;&lt;/p&gt;&lt;p class=&quot;MsoNormal&quot; align=&quot;center&quot; style=&quot;text-align: justify;&quot;&gt;&lt;font face=&quot;Helvetica&quot;&gt;&lt;span style=&quot;font-size: 10px;&quot;&gt;--合同生效前\\等待期内已接受或曾被医生建议需采取诊疗措施的任何疾病或症状。&lt;/span&gt;&lt;/font&gt;&lt;/p&gt;                                                                                                                                                                                                                                                                                                                                                                                                                                                                                                                                                                                                                                                                                                                                                                                                                                                                                                                                                                                                                                                                                                                                                                                                                                                                                                                                                                                                                                                                                                                                                                                                                                                                                                                                                                                                                                                                                                                                                                                                                                                                                                                                                                                                                                                      ', 1, 1530529877),
	(1057, 55, '健康告知', '', '                                                                                                                                                                                                                                                                                                                                                                                                                                                                                                                                                                                                                                                                                                                                                                                                                                                                                                                                                                                                                                                                                                                                                                                                                                                                                                                                                                                                                                                                                                                                                                                                                                                                                                                                                                                                                                                                                                                                                                                                                                                                                                                                                                                                                                                                                                                                                                                                                                                                                          &lt;p&gt;1、被保险人职业是否不属于《华泰财险职业类别表》中的 1-4 类人员。&lt;/p&gt;&lt;p&gt;&lt;br&gt;&lt;/p&gt;&lt;p&gt;2、被保险人过去 1 年内是否发现健康检查异常（如血液、超声、影像检查、内镜、病理检查等）,过去 2 年内是否住院或被要求进一步检查、手术或治疗（不包括剖腹产/顺产/过敏性鼻炎/急性胃肠炎/单次发作已痊愈的肺炎/上呼吸道感染住院）。&lt;/p&gt;&lt;p&gt;&lt;br&gt;&lt;/p&gt;&lt;p&gt;3、被保险人过去两年内投保人身保险或健康保险时，是否被保险公司拒保、延期、加费或 者附加相关条件承保。&lt;/p&gt;&lt;p&gt;&lt;br&gt;&lt;/p&gt;&lt;p&gt;4、被保险人目前或过往是否患有下列疾病：良、恶性肿瘤（含原位癌），2 级或以上高血压（收缩压大于 160mmHg，或舒张压大于 100mmHg），冠心病，心肌病、心肌梗死，心肌炎，心肌病，脑梗死，脑出血，脑外伤后遗症，风湿性心脏病，心功能不全二级（含）以上，慢性肾炎、肾萎缩、肾功能不全，慢性乙型肝炎、丙型肝炎、丁型肝炎，肝硬化，酒精性肝病、非酒精性脂肪肝性肝病，重型再障性贫血，系统性红斑狼疮，类风湿性关节炎，糖尿病，阿尔茨海默病，帕金森氏病，癫痫，精神病，先天性疾病，法定传染病（包含甲类及乙类），慢性阻塞性肺病，瘫痪，性病，艾滋病及 HIV 阳性。&lt;/p&gt;&lt;p&gt;&lt;br&gt;&lt;/p&gt;&lt;p&gt;5、过去 1 年内是否存在下列症状：反复头痛、晕厥、胸痛、气急、紫绀、持续反复发热、抽搐、不明原因出血、皮下出血点、咯血、反复呕吐、进食梗噎感或吞咽困难、呕血、浮肿、腹痛、黄疸、便血、血尿、蛋白尿、性质不明的肿块、消瘦（非健身原因所致的体重减轻 5公斤以上） 。&lt;/p&gt;&lt;p&gt;&lt;br&gt;&lt;/p&gt;&lt;p&gt;6、适用于女性被保险人：曾患有葡萄胎或其他妊娠滋养细胞疾病、宫颈不典型增生；半年内存在阴道异常出血、乳头异常溢液、疼痛、糜烂或回缩、乳房表面皮肤凹陷、皱褶或皮肤收缩等症状。&lt;/p&gt;&lt;p&gt;&lt;br&gt;&lt;/p&gt;&lt;p&gt;7、2 周岁以下被保险人出生时体重是否低于 2.5 公斤，是否早产，窒息，发育迟缓，脑瘫。&lt;/p&gt;&lt;p&gt;&lt;br&gt;&lt;/p&gt;&lt;p&gt;8、被保险人是否曾被保险公司解除合同或投保时被拒绝、延期、附加条款承保或有过任何形式的人身索赔？&lt;/p&gt;                                                                                                                                                                                                                                                                                                                                                                                                                                                                                                                                                                                                                                                                                                                                                                                                                                                                                                                                                                                                                                                                                                                                                                                                                                                                                                                                                                                                                                                                                                                                                                                                                                                                                                                                                                                                                                                                                                                                                                                                                                                                                                                                                                                                                                                      ', 1, 1530529877),
	(1058, 55, '保险条款1', 'https://img.800czb.com/pdf/huatai/tairanwuyoubaoxian/huataizhutiaokuan.pdf', '                                                                                                                                                                                                                                                                                                                                                                                                                                                                                                                                                                                                                                                                                                                                                                                                                                                                                                                                                                                                                                                                                                                                                                                                                                                                                                                                                                                                                                                                                                                                                                                                                                                                                                                                                                                                                                                                                                                                                                                                                                                                                                                                                                                                                                                                                                                                                                                                                                                                                                                                                                                                                                                                                                                                                                                                                                                                                                                                                                                                                                                                                                                                                                                                                                                                                                                                                                                                                                                                                                                                                                                                                                                                                                                                                                                                                                                                                                                                                                                                                                                                                                                                                                                                                                                                                                                                                                                                                                                                                                                                                                                                                                                                ', 1, 1530529877),
	(1059, 55, '投保人声明', 'https://img.800czb.com/pdf/huatai/tairanwuyoubaoxian/insureState.pdf', '                                                                                                                                                                                                                                                                                                                                                                                                                                                                                                                                                                                ', 1, 1530529877),
	(1106, 77, '投保须知', '', '                                                                                                                                                                                                                                                                                                      &lt;p&gt;1、本计划由中国太平洋财产保险股份有限公司承保，目前该公司在北京、天津、河北、山西、内蒙古、辽宁、大连、吉林、黑龙江、上海、江苏、无锡、常州、浙江、温州、宁波、安徽、江西、福建、厦门、山东、青岛、苏州、河南、湖北、湖南、广东、东莞、深圳、海南、广西、四川、重庆、贵州、云南、陕西、甘肃、新疆、宁夏、青海有分支机构。&lt;/p&gt;&lt;p&gt;2、本计划只承保中国境内（不含港澳台）发生的保险事故，每位被保险人限投一份，多买无效。&lt;/p&gt;&lt;p&gt;3、本计划只承保保险公司第三、四类体育健身项目人群： 三类：小球类（羽毛球、乒乓球、网球、壁球等）、体育舞蹈（艺术体操、健美操、街舞等）、轮滑、航模、垂钓、高尔夫、游泳、器械健身（跑步机、电动单车、器械力量练习等）、射击等； 四类：形体舞蹈（普拉提、肚皮舞、拉丁舞、国标舞、瑜伽等） 、台球、保龄球等。&lt;/p&gt;&lt;p&gt;4、本计划不承保被保险人参与任何职业性体育活动或表演，或任何以奖金或报酬为主要目的的体育比赛或体育表演期间发生的意外事故。&lt;/p&gt;&lt;p&gt;5、对于父母为其未成年子女投保此产品，被保险人因死亡给付的保险金总和，不高于保监会规定的限额且以保单载明保额为限。&lt;/p&gt;&lt;p&gt;6、在中国境内（不含港澳台）居住半年以上的外籍人士及港澳台人士也可投保。&lt;/p&gt;&lt;p&gt;7、本计划仅提供电子发票，电子发票将于投保后一天内保险公司系统自动以邮件和短信形式发送给投保人。如未收到电子发票，您可在投保后第二天登陆太平洋保险官网（http://service.cpic.com.cn/eInvoice/init）下载。&lt;/p&gt;&lt;p&gt;8、本计划为网络销售产品，网上投保、网上支付、网上即时核保并出具电子保单，电子保单由保险公司直接发送至投保人邮箱，您可登陆太平洋保险官网或拨打95500查询、验真。&lt;/p&gt;                                                                                                                                                                                                                                                                          ', 1, 1530780372),
	(1107, 77, '保险条款', 'https://img.800czb.com/pdf/%E5%A4%AA%E4%BF%9D/%E5%85%A8%E6%B0%91%E8%BF%90%E5%8A%A8%E4%BF%9D%E8%BF%90%E5%8A%A8%E6%84%8F%E5%A4%96%E9%99%A9/taipingyangyundongyiwaixiantiaokuang2013.pdf', '', 1, 1530780372),
	(1132, 81, '投保须知', '', '                                                                                                                                                                                                                                                                                                                                                                                                                                                                                                                                                                                                                                                                                                                                                                                                                                                                                                                                                                                                                                                                                                                                                                                                                                                                                                                                                                                                                                                                                                                                                                                                                  &lt;p&gt;1、被保险人的投保年龄为出生满30天至65周岁，最高续保年龄为80周岁（含）。被保险人须为投保人本人、其配偶、其父母（除外岳父母或公婆关系）、其子女。&lt;span class=&quot;Apple-tab-span&quot; style=&quot;white-space:pre&quot;&gt;														&lt;/span&gt;&lt;/p&gt;&lt;p&gt;2、6种重大疾病特殊门诊：1) 恶性肿瘤门诊治疗；2）急性心肌梗塞手术后门诊行血管造影、冠状动脉增强CT检查（冠脉CTA）、心脏导管检查；3）脑中风后遗症手术后门诊行头颅CT检查、脑血管造影检查；4） 重大器官移植术或造血干细胞移植术后门诊行抗排异治疗；5） 冠状动脉搭桥术（或称冠状动脉旁路移植术）后门诊行血管造影术、心肌灌注扫描；6）终末期肾病（或称慢性肾功能衰竭尿毒症期）门诊行肾透析治疗。&lt;span class=&quot;Apple-tab-span&quot; style=&quot;white-space:pre&quot;&gt;														&lt;/span&gt;&lt;/p&gt;&lt;p&gt;3、等待期：被保险人首次投保或非连续投保时，本产品的等待期为30天，扁桃腺、甲状腺、疝气、女性生殖系统疾病的检查与治疗等待期为120天；意外医疗及连续投保没有等待期。&lt;span class=&quot;Apple-tab-span&quot; style=&quot;white-space:pre&quot;&gt;														&lt;/span&gt;&lt;/p&gt;&lt;p&gt;4、就诊医院：中华人民共和国境内（港、澳、台地区除外）合法经营的二级及二级以上医院，北京市平谷区、密云县、怀柔区所有医院除外，且不包括特需医疗、外宾/干部/联合病房、国际医疗中心、VIP部、联合医院等。&lt;span class=&quot;Apple-tab-span&quot; style=&quot;white-space:pre&quot;&gt;														&lt;/span&gt;&lt;/p&gt;&lt;p&gt;5、社会医疗保险：是指包括新型农村合作医疗、城镇职工基本医疗保险、城镇居民基本医疗保险等政府举办的基本医疗保障项目。&lt;span class=&quot;Apple-tab-span&quot; style=&quot;white-space:pre&quot;&gt;														&lt;/span&gt;&lt;/p&gt;&lt;p&gt;6、赔付：若被保险人以有社会医疗保险身份投保，但未以社会医疗保险身份就诊并结算的，本保险按照应赔付金额的60%进行赔付。&lt;span class=&quot;Apple-tab-span&quot; style=&quot;white-space:pre&quot;&gt;														&lt;/span&gt;&lt;/p&gt;&lt;p&gt;7、续保规则：对于健康状况如实告知投保的被保险人，费率、承保条件等调整适用于本合同的所有被保险人或同一投保年龄段的所有被保险人，保险人不会因为某一被保险人的健康状况变化或历史理赔情况而单独调整该被保险人的连续投保保险计划的的承保条件；但对于健康状况未如实告知投保的被保险人，保险人保留对该被保险人的连续投保保险计划承保条件调整的权利。&lt;span class=&quot;Apple-tab-span&quot; style=&quot;white-space:pre&quot;&gt;														&lt;/span&gt;&lt;/p&gt;&lt;p&gt;8、如实告知：请如实填写投保信息，并如实告知被保险人的健康状况及提交健康问卷，如未履行如实告知义务的，保险人有权依法解除保险合同，并对合同解除前发生的保险事故不承担保险责任。&lt;span class=&quot;Apple-tab-span&quot; style=&quot;white-space:pre&quot;&gt;														&lt;/span&gt;&lt;/p&gt;&lt;p&gt;9、阅读条款：投保前请仔细阅读本产品保险条款，并确认已经了解并同意保险条款内容，特别是保险责任和责任免除部分。&lt;span class=&quot;Apple-tab-span&quot; style=&quot;white-space:pre&quot;&gt;														&lt;/span&gt;&lt;/p&gt;&lt;p&gt;10、退保规则：本保险无犹豫期，请您慎重选择购买，除法律法规或双方另有约定外，成功投保之后退保本公司仅退还保单未满期保费，退保将会造成您的损失。&lt;span class=&quot;Apple-tab-span&quot; style=&quot;white-space:pre&quot;&gt;														&lt;/span&gt;&lt;/p&gt;&lt;p&gt;11、本产品承保职业类别为1-4类的被保险人。具体职业种类归属详见安联职业分类表。&lt;span class=&quot;Apple-tab-span&quot; style=&quot;white-space:pre&quot;&gt;														&lt;/span&gt;&lt;/p&gt;&lt;p&gt;12、保单形式：网上投保为您提供电子保单，根据《中华人民共和国合同法》第十一条规定，数据电文是合法的合同表现形式，电子保单与纸质保单具有同等法律效力。&lt;span class=&quot;Apple-tab-span&quot; style=&quot;white-space:pre&quot;&gt;														&lt;/span&gt;&lt;/p&gt;&lt;p&gt;13、被保险人应满足日常居住地在中国大陆境内，即最近一年内在中国大陆境内（不含港澳台）工作或居住满183天的要求。&lt;span class=&quot;Apple-tab-span&quot; style=&quot;white-space:pre&quot;&gt;														&lt;/span&gt;&lt;/p&gt;&lt;p&gt;14、被保险人投保时符合本产品的职业类别，如投保后变更职业或工种，请及时告知保险人，如未依约定通知保险人，因危险程度增加导致发生保险事故的，保险人不承担给付保险金的责任。&lt;span class=&quot;Apple-tab-span&quot; style=&quot;white-space:pre&quot;&gt;														&lt;/span&gt;&lt;/p&gt;&lt;p&gt;&lt;br&gt;&lt;/p&gt;                                                                                                                                                                                                                                                                                                                                                                                                                                                                                                                                                                                                                                                                                                                                                                                                                                                                                                                                                                                                                                                                                                                                                                                                                                                                                                                                                                                                                                                              ', 1, 1532337368),
	(1133, 81, '健康告知', '', '                                                                                                                                                                                                                                                                                                                                                                                                                                                                                                                                                                                                                                                                                                                                                                                                                                                                                                                                                                                                                                                                                                                                                                                                                                                                                                                                                                                                                                                                                                                                                                                                                  &lt;p&gt;&lt;b&gt;请确认被保险人无以下所述事项：&lt;/b&gt;&lt;span class=&quot;Apple-tab-span&quot; style=&quot;white-space:pre&quot;&gt;							&lt;/span&gt;&lt;/p&gt;&lt;p&gt;&lt;span class=&quot;Apple-tab-span&quot; style=&quot;white-space:pre&quot;&gt;							&lt;/span&gt;&lt;/p&gt;&lt;p&gt;1.&lt;span class=&quot;Apple-tab-span&quot; style=&quot;white-space:pre&quot;&gt;	&lt;/span&gt;被保险人现时是否正进行任何健康咨询、药物治疗、外科手术，但不包括普通感冒、流感或敏感症；或考虑在短期内寻求诊疗、检查、测试、住院治疗或外科手术？&lt;span class=&quot;Apple-tab-span&quot; style=&quot;white-space:pre&quot;&gt;						&lt;/span&gt;&lt;/p&gt;&lt;p&gt;2.&lt;span class=&quot;Apple-tab-span&quot; style=&quot;white-space:pre&quot;&gt;	&lt;/span&gt;被保险人最近5年中，在申请如人寿保险、意外伤害保险，重大疾病保险、其它医疗健康保险等任何保险计划时，是否曾被延迟、被拒保、被撤销或被附加任何特别条件（如增加保险费或特别免责条款）？&lt;/p&gt;&lt;p&gt;&lt;span class=&quot;Apple-tab-span&quot; style=&quot;white-space:pre&quot;&gt;						&lt;/span&gt;&lt;/p&gt;&lt;p&gt;3.&lt;span class=&quot;Apple-tab-span&quot; style=&quot;white-space:pre&quot;&gt;	&lt;/span&gt;被保险人是否曾经或正患有如下任一疾病、出现如下任一体征或检查异常、或接受如下任一治疗（相关定义以世界卫生组织颁布的《疾病和有关健康问题的国际统计分类（ICD-10）》为准）：&lt;span class=&quot;Apple-tab-span&quot; style=&quot;white-space:pre&quot;&gt;						&lt;/span&gt;&lt;/p&gt;&lt;p&gt;-&lt;span class=&quot;Apple-tab-span&quot; style=&quot;white-space:pre&quot;&gt;	&lt;/span&gt;冠心病、心绞痛、心肌梗塞、心脏瓣膜疾病、各种原因导致的心脏衰竭、先天性心脏缺陷、冠状动脉介入手术或搭桥手术、动脉瘤或血管畸形、血友病、血液凝固障碍、脑卒中；&lt;span class=&quot;Apple-tab-span&quot; style=&quot;white-space:pre&quot;&gt;						&lt;/span&gt;&lt;/p&gt;&lt;p&gt;-&lt;span class=&quot;Apple-tab-span&quot; style=&quot;white-space:pre&quot;&gt;	&lt;/span&gt;痴呆、癫痫、多发性硬化、帕金森病、阿尔茨海默病或任何影响脑部或神经系统的失常；&lt;span class=&quot;Apple-tab-span&quot; style=&quot;white-space:pre&quot;&gt;						&lt;/span&gt;&lt;/p&gt;&lt;p&gt;-&lt;span class=&quot;Apple-tab-span&quot; style=&quot;white-space:pre&quot;&gt;	&lt;/span&gt;肝脏疾病或症状（如肝炎病毒携带者、肝硬化、肝功能衰竭等）、胃旁路手术、胃/十二指肠溃疡、炎症性肠病（如溃疡性结肠炎、克罗恩病（节段性肠炎）等）、胰腺炎、胆囊息肉、胆石症；&lt;span class=&quot;Apple-tab-span&quot; style=&quot;white-space:pre&quot;&gt;						&lt;/span&gt;&lt;/p&gt;&lt;p&gt;-&lt;span class=&quot;Apple-tab-span&quot; style=&quot;white-space:pre&quot;&gt;	&lt;/span&gt;代谢综合症、各种类型糖尿病、高血压、肾上腺皮质功能不全、肢端肥大症、各种甲状腺疾病（如甲状腺结节、甲状腺功能亢进/降低等）；&lt;span class=&quot;Apple-tab-span&quot; style=&quot;white-space:pre&quot;&gt;						&lt;/span&gt;&lt;/p&gt;&lt;p&gt;-&lt;span class=&quot;Apple-tab-span&quot; style=&quot;white-space:pre&quot;&gt;	&lt;/span&gt;恶性肿瘤、白血病、淋巴瘤、良性肿瘤且未手术、不明性质的肿块/息肉/结节/新生物；&lt;span class=&quot;Apple-tab-span&quot; style=&quot;white-space:pre&quot;&gt;						&lt;/span&gt;&lt;/p&gt;&lt;p&gt;-&lt;span class=&quot;Apple-tab-span&quot; style=&quot;white-space:pre&quot;&gt;	&lt;/span&gt;精神病、各种类型的抑郁症、自闭症、厌食症或暴食症、试图自杀；&lt;span class=&quot;Apple-tab-span&quot; style=&quot;white-space:pre&quot;&gt;						&lt;/span&gt;&lt;/p&gt;&lt;p&gt;-&lt;span class=&quot;Apple-tab-span&quot; style=&quot;white-space:pre&quot;&gt;	&lt;/span&gt;耳疾（如耳聋等）、眼疾（如青光眼、白内障、视网膜出血或剥离等）、鼻部疾病或咽喉疾病（不包括普通感染）；&lt;span class=&quot;Apple-tab-span&quot; style=&quot;white-space:pre&quot;&gt;						&lt;/span&gt;&lt;/p&gt;&lt;p&gt;-&lt;span class=&quot;Apple-tab-span&quot; style=&quot;white-space:pre&quot;&gt;	&lt;/span&gt;肢体瘫痪（包括截瘫、偏瘫或全瘫）、类风湿性关节炎、强直性脊柱炎、系统性红斑狼疮、肌营养不良、股骨头坏死、椎间盘突出症、人工关节置换等其他与骨骼、脊椎骨或肌肉相关的疾病或症状；&lt;span class=&quot;Apple-tab-span&quot; style=&quot;white-space:pre&quot;&gt;						&lt;/span&gt;&lt;/p&gt;&lt;p&gt;-&lt;span class=&quot;Apple-tab-span&quot; style=&quot;white-space:pre&quot;&gt;	&lt;/span&gt;肾小球（肾盂）疾病、肾病综合症、慢性肾功能衰竭、肾透析、多囊肾、肾/输尿管结石；&lt;span class=&quot;Apple-tab-span&quot; style=&quot;white-space:pre&quot;&gt;						&lt;/span&gt;&lt;/p&gt;&lt;p&gt;-&lt;span class=&quot;Apple-tab-span&quot; style=&quot;white-space:pre&quot;&gt;	&lt;/span&gt;肺气肿、慢性阻塞性肺病、肺纤维化、间质性肺病、哮喘；&lt;span class=&quot;Apple-tab-span&quot; style=&quot;white-space:pre&quot;&gt;						&lt;/span&gt;&lt;/p&gt;&lt;p&gt;-&lt;span class=&quot;Apple-tab-span&quot; style=&quot;white-space:pre&quot;&gt;	&lt;/span&gt;各种器官移植，如心、肺、肝、肾、胰脏、造血干细胞移植等；&lt;span class=&quot;Apple-tab-span&quot; style=&quot;white-space:pre&quot;&gt;						&lt;/span&gt;&lt;/p&gt;&lt;p&gt;4.&lt;span class=&quot;Apple-tab-span&quot; style=&quot;white-space:pre&quot;&gt;	&lt;/span&gt;被保险人最近2年中，是否做过以下任意一项检查，且任意一项检查结果有异常：&lt;span class=&quot;Apple-tab-span&quot; style=&quot;white-space:pre&quot;&gt;						&lt;/span&gt;&lt;/p&gt;&lt;p&gt;-&lt;span class=&quot;Apple-tab-span&quot; style=&quot;white-space:pre&quot;&gt;	&lt;/span&gt;X光、B超、彩超、CT、核磁共振、内窥镜、病理活检、眼底检查、血液检查；&lt;span class=&quot;Apple-tab-span&quot; style=&quot;white-space:pre&quot;&gt;						&lt;/span&gt;&lt;/p&gt;&lt;p&gt;5. &amp;nbsp; &amp;nbsp; 被保险人最近1年中，是否有因病连续住院5天及以上，或病假累计15天及以上(不包括剖腹产或顺产)？&lt;span class=&quot;Apple-tab-span&quot; style=&quot;white-space:pre&quot;&gt;	&lt;/span&gt;&lt;/p&gt;&lt;p&gt;&lt;span class=&quot;Apple-tab-span&quot; style=&quot;white-space:pre&quot;&gt;					&lt;/span&gt;&lt;/p&gt;&lt;p&gt;6. &amp;nbsp; &amp;nbsp; 被保险人最近1年，是否有如下任何不适症状：反复头晕、晕厥、胸痛、气急、紫绀、持续反复发热、抽搐、不明原因皮下出血点、咯血、反复呕吐、进食哽噎感或吞咽困难、呕血、浮肿、腹痛、黄疸（新生儿黄疸且已治愈的除外）、反复淋巴结肿大、贫血（血红蛋白低于90g/L）、便血或黑便、血尿、蛋白尿、肿块（乳腺小叶增生除外）、阴道不规则出血（女性适用）、体重下降或上升超过5公斤？&lt;span class=&quot;Apple-tab-span&quot; style=&quot;white-space:pre&quot;&gt;	&lt;/span&gt;&lt;/p&gt;&lt;p&gt;&lt;span class=&quot;Apple-tab-span&quot; style=&quot;white-space:pre&quot;&gt;					&lt;/span&gt;&lt;/p&gt;&lt;p&gt;7. &amp;nbsp; &amp;nbsp; 被保险人是否有：艾滋病毒感染史、酗酒史、滥用药物史（酗酒是指每周饮酒单位大于等于50，每一个饮酒单位含12g酒精，相当于1杯（300ml）啤酒或者半杯（150ml）葡萄酒或者45ml白酒）？&lt;span class=&quot;Apple-tab-span&quot; style=&quot;white-space:pre&quot;&gt;		&lt;/span&gt;&lt;/p&gt;&lt;p&gt;&lt;span class=&quot;Apple-tab-span&quot; style=&quot;white-space:pre&quot;&gt;				&lt;/span&gt;&lt;/p&gt;&lt;p&gt;8. &amp;nbsp; &amp;nbsp; 2周岁以下被保险人是否存在以下情况：出生时体重低于2.5公斤，早产、窒息、发育迟缓、脑瘫？&lt;span class=&quot;Apple-tab-span&quot; style=&quot;white-space:pre&quot;&gt;	&lt;/span&gt;&lt;/p&gt;                                                                                                                                                                                                                                                                                                                                                                                                                                                                                                                                                                                                                                                                                                                                                                                                                                                                                                                                                                                                                                                                                                                                                                                                                                                                                                                                                                                                                                                              ', 1, 1532337368),
	(1134, 81, '保险条款', 'https://img.800czb.com/pdf/anlian/zhenai/zhenai.pdf', '                                                                                                                                                                                                                                                                                                                                                                                                                                                                                                                                                                                                                                                                                                                                                                                                                                                                                                                                                                                                                                                                                                                                                                                                                                                                                                                                                                                                                                                                                                                                                                                                                                                                                                                                                                                                                                                                                                                                                                                                                                                                                                                                                                                                                                                                                                                                                                                                                                                                                                                                                                                                                                                                                                                                                                                                                                                                                                                                                                                                ', 1, 1532337368),
	(1141, 86, '保险条款', 'https://img.800czb.com/pdf/永安/永安乐健一生医疗保险条款.pdf', '                                                                                                                                                                                                                                                                                                                                                                                                                                                                                                                                                                                                                                                                                                                                                                                                                                                                                                                                                                                                                                                                                                                                                                                                                                                                                                                                                                                                                                                                                                                                                                                                                                                                                                                                                                                                                                                                                                                                                                                                                                                                                                                                                                                                                                                                                                                                                                                                                                                                                                                                                                                                                                                                                                                                                                                                                                                                                                                                                                                                                                                                                                                                                                                                                                                                                                                                                                                                                                                                                                ', 1, 1533031252),
	(1142, 86, '投保须知', '', '                                                                                                                                                                                                                                                                                                                                                                                                                                                                                                                                                                                                                                                                                                                                                                                                                                                                                                                                                                                                                                                                                                                                                                                                                                                                                                                                                                                                                                                                                                                                                                                                                                                            &lt;p&gt;1.中国境内能正常工作/劳动或正常生活的自然人，均可做为本保险的被保险人；首次投保年龄为出生30天-64周岁（含），连续续保可至85周岁。&lt;/p&gt;&lt;p&gt;2.主被保险人的配偶、投保时未满21周岁（全日制学生不超过24周岁）、经济完全依赖被保险人的未婚子女可作为附属被保险人&lt;/p&gt;&lt;p&gt;3.30天-7周岁的未成年人不可单独投保，只能作为附属被保险人与主被保险人共同投保。&lt;/p&gt;&lt;p&gt;4.新生儿需出生满30天且出院后方可投保。&lt;/p&gt;&lt;p&gt;5.住院责任必在选，在投保住院医疗后，方可选择投保其他责任。&lt;/p&gt;&lt;p&gt;&lt;span style=&quot;font-size: 14px;&quot;&gt;6.生育责任仅限团体投保，且需在同时投保【住院+门诊】责任，投保人数不少于10人（含10人）；个人及家庭投保不提供生育保障。&lt;/span&gt;&lt;br&gt;&lt;/p&gt;&lt;p&gt;&lt;span style=&quot;font-size: 14px;&quot;&gt;7.19人及以下团体如选择生育责任，则该团体中所有在费率表所列年龄段中的女性被保险人均须投保该项责任并且按照费率表收取保险费。&lt;/span&gt;&lt;br&gt;&lt;/p&gt;&lt;p&gt;&lt;span style=&quot;font-size: 14px;&quot;&gt;8.选择体检责任的客户，可约定每年一次全身体检项目及体检机构，同时费率也可根据体检机构的不同另行确定。&lt;/span&gt;&lt;br&gt;&lt;/p&gt;&lt;p&gt;&lt;span style=&quot;font-size: 14px;&quot;&gt;9.标准计划一（20万/人），可扩展公立医院特需，但保费需上浮10-15%；也可以通过加费的方式提升手术植入器材等单项保障限额。&lt;/span&gt;&lt;br&gt;&lt;/p&gt;&lt;div&gt;&lt;span style=&quot;font-size: 14px;&quot;&gt;10.合同保险期间届满时，投保人可向保险人申请续保本保险，保险人将办理续保手续，并根据医疗费用水平变化、该险种整体经营状况及被保险人年龄确定续保保费。&lt;/span&gt;&lt;br&gt;&lt;/div&gt;&lt;div&gt;&lt;div&gt;&lt;span style=&quot;font-size: 14px;&quot;&gt;&lt;br&gt;&lt;/span&gt;&lt;/div&gt;&lt;div&gt;&lt;span style=&quot;font-size: 14px;&quot;&gt;11.续保不受身体状况、是否发生理赔等情况的影响。&lt;/span&gt;&lt;/div&gt;&lt;div&gt;&lt;span style=&quot;font-size: 14px;&quot;&gt;&lt;br&gt;&lt;/span&gt;&lt;/div&gt;&lt;div&gt;&lt;span style=&quot;font-size: 14px;&quot;&gt;12.首次投保，住院、门诊的等待期30日，生育的等待期为12个月，续保无等待期。&lt;/span&gt;&lt;br&gt;&lt;/div&gt;&lt;/div&gt;&lt;div&gt;&lt;br&gt;&lt;/div&gt;                                                                                                                                                                                                                                                                                                                                                                                                                                                                                                                                                                                                                                                                                                                                                                                                                                                                                                                                                                                                                                                                                                                                                                                                                                                                                                                                                                                                                                                                                                    ', 1, 1533031252),
	(1143, 86, '健康告知', '', '                                                                                                                                                                                                                                                                                                                                                                                                                                                                                                                                                                                                                                                                                                                                                                                                                                                                                                                                                                                                                                                                                                                                                                                                                                                                                                                                                                                                                                                                                                                                                                                                                                                            &lt;div class=&quot;Section0&quot;&gt;&lt;p class=&quot;MsoNormal&quot; style=&quot;margin-bottom:0.0000pt;line-height:12.0000pt;mso-line-height-rule:exactly;&quot;&gt;&lt;b&gt;为保障被保险人的合法保险权益，请仔细阅读并如实确认：&lt;/b&gt;&lt;/p&gt;&lt;p class=&quot;MsoNormal&quot; style=&quot;margin-bottom:0.0000pt;line-height:12.0000pt;mso-line-height-rule:exactly;&quot;&gt;&lt;br&gt;&lt;/p&gt;&lt;p class=&quot;MsoNormal&quot; style=&quot;margin-bottom:0.0000pt;line-height:12.0000pt;mso-line-height-rule:exactly;&quot;&gt;1、现时正在进行任何类型健康咨询、药物治疗、外科手术，但不包括普通感冒、流感或敏感症，或考虑在短期内寻求诊疗、检查、测试、住院治疗或外科手术；&lt;/p&gt;&lt;p class=&quot;MsoNormal&quot; style=&quot;margin-bottom:0.0000pt;line-height:12.0000pt;mso-line-height-rule:exactly;&quot;&gt;&lt;br&gt;&lt;/p&gt;&lt;p class=&quot;MsoNormal&quot; style=&quot;margin-bottom:0.0000pt;line-height:12.0000pt;mso-line-height-rule:exactly;&quot;&gt;2、最近5年中，在申请如人寿保险、意外伤害保险，重大疾病保险、其它医疗健康保险等任何保险计划时，曾被延迟、被拒保、被撤销或附加任何特别条件（如增加保险费或特别免责条款）；&lt;/p&gt;&lt;p class=&quot;MsoNormal&quot; style=&quot;margin-bottom:0.0000pt;line-height:12.0000pt;mso-line-height-rule:exactly;&quot;&gt;&lt;br&gt;&lt;/p&gt;&lt;p class=&quot;MsoNormal&quot; style=&quot;margin-bottom:0.0000pt;line-height:12.0000pt;mso-line-height-rule:exactly;&quot;&gt;3、曾患有如下任一疾病，或曾出现如下任一体征或检查异常，或曾接受如下任一治疗：&lt;/p&gt;&lt;p class=&quot;MsoNormal&quot; style=&quot;margin-bottom:0.0000pt;line-height:12.0000pt;mso-line-height-rule:exactly;&quot;&gt;-冠心病、心绞痛、心肌梗塞、心脏瓣膜疾病、各种原因导致的心脏衰竭、先天性心脏缺陷、冠状动脉介入手术或搭桥手术、动脉瘤或血管畸形、血友病、血液凝固障碍、脑卒中；&lt;/p&gt;&lt;p class=&quot;MsoNormal&quot; style=&quot;margin-bottom:0.0000pt;line-height:12.0000pt;mso-line-height-rule:exactly;&quot;&gt;-痴呆、癫痫、多发性硬化、帕金森病、阿尔茨海默病或任何影响脑部或神经系统的失常；&lt;/p&gt;&lt;p class=&quot;MsoNormal&quot; style=&quot;margin-bottom:0.0000pt;line-height:12.0000pt;mso-line-height-rule:exactly;&quot;&gt;-肝脏疾病或症状（如肝炎病毒携带者、肝硬化、肝功能衰竭等）、胃旁路手术、溃疡性结肠炎、胰腺炎；&lt;/p&gt;&lt;p class=&quot;MsoNormal&quot; style=&quot;margin-bottom:0.0000pt;line-height:12.0000pt;mso-line-height-rule:exactly;&quot;&gt;-代谢综合症、各种类型糖尿病、高血压、肾上腺皮质功能不全、肢端肥大症；&lt;/p&gt;&lt;p class=&quot;MsoNormal&quot; style=&quot;margin-bottom:0.0000pt;line-height:12.0000pt;mso-line-height-rule:exactly;&quot;&gt;-恶性肿瘤、白血病、淋巴瘤、良性肿瘤且未手术、不明性质的肿块/息肉/结节/新生物；&lt;/p&gt;&lt;p class=&quot;MsoNormal&quot; style=&quot;margin-bottom:0.0000pt;line-height:12.0000pt;mso-line-height-rule:exactly;&quot;&gt;-精神病、各种类型的抑郁症、自闭症、厌食症或暴食症、试图自杀；&lt;/p&gt;&lt;p class=&quot;MsoNormal&quot; style=&quot;margin-bottom:0.0000pt;line-height:12.0000pt;mso-line-height-rule:exactly;&quot;&gt;-耳疾（如耳聋等）、眼疾（如青光眼、白内障、视网膜出血或剥离等）、鼻部疾病或咽喉疾病（不包括普通感染）；&lt;/p&gt;&lt;p class=&quot;MsoNormal&quot; style=&quot;margin-bottom:0.0000pt;line-height:12.0000pt;mso-line-height-rule:exactly;&quot;&gt;-肢体瘫痪（包括截瘫、偏瘫或全瘫）、类风湿性关节炎、强直性脊柱炎、肌营养不良、股骨头坏死、人工关节置换等其他与骨骼、脊椎骨或肌肉相关的疾病或症状；&lt;/p&gt;&lt;p class=&quot;MsoNormal&quot; style=&quot;margin-bottom:0.0000pt;line-height:12.0000pt;mso-line-height-rule:exactly;&quot;&gt;-肾小球（肾盂）疾病、肾病综合症、慢性肾功能衰竭、肾透析、多囊肾；&lt;/p&gt;&lt;p class=&quot;MsoNormal&quot; style=&quot;margin-bottom:0.0000pt;line-height:12.0000pt;mso-line-height-rule:exactly;&quot;&gt;-肺气肿、慢性阻塞性肺病、肺纤维化、间质性肺病、哮喘；&lt;/p&gt;&lt;p class=&quot;MsoNormal&quot; style=&quot;margin-bottom:0.0000pt;line-height:12.0000pt;mso-line-height-rule:exactly;&quot;&gt;-各种器官移植，如心、肺、肝、肾、胰脏、造血干细胞移植等；&lt;/p&gt;&lt;p class=&quot;MsoNormal&quot; style=&quot;margin-bottom:0.0000pt;line-height:12.0000pt;mso-line-height-rule:exactly;&quot;&gt;-职业病、HIV病毒感染，艾滋病，艾滋相关综合征或其他免疫系统疾病，传染病或性病？&lt;/p&gt;&lt;p class=&quot;MsoNormal&quot; style=&quot;margin-bottom:0.0000pt;line-height:12.0000pt;mso-line-height-rule:exactly;&quot;&gt;&lt;br&gt;&lt;/p&gt;&lt;p class=&quot;MsoNormal&quot; style=&quot;margin-bottom:0.0000pt;line-height:12.0000pt;mso-line-height-rule:exactly;&quot;&gt;4、最近2年中，做过X光、B超、彩超、CT、核磁共振、内窥镜、病理活检、眼底检查、血液检查中任意一项检查且检查结果异常：&lt;/p&gt;&lt;p class=&quot;MsoNormal&quot; style=&quot;margin-bottom:0.0000pt;line-height:12.0000pt;mso-line-height-rule:exactly;&quot;&gt;&lt;br&gt;&lt;/p&gt;&lt;p class=&quot;MsoNormal&quot; style=&quot;margin-bottom:0.0000pt;line-height:12.0000pt;mso-line-height-rule:exactly;&quot;&gt;5、最近1年中，因病连续住院5天及以上，或病假累计15天及以上（不包括剖腹产/顺产/鼻炎/急性肠胃炎/肺炎/上呼吸道感染）；&lt;/p&gt;&lt;p class=&quot;MsoNormal&quot; style=&quot;margin-bottom:0.0000pt;line-height:12.0000pt;mso-line-height-rule:exactly;&quot;&gt;&lt;br&gt;&lt;/p&gt;&lt;p class=&quot;MsoNormal&quot; style=&quot;margin-bottom:0.0000pt;line-height:12.0000pt;mso-line-height-rule:exactly;&quot;&gt;6、最近1年，出现任何一种不适症状: 持续发热、眩晕、胸痛、咳血、便血、紫斑、体重不明原因下降超过5公斤；&lt;/p&gt;&lt;p class=&quot;MsoNormal&quot; style=&quot;margin-bottom:0.0000pt;line-height:12.0000pt;mso-line-height-rule:exactly;&quot;&gt;&lt;br&gt;&lt;/p&gt;&lt;p class=&quot;MsoNormal&quot; style=&quot;margin-bottom:0.0000pt;line-height:12.0000pt;mso-line-height-rule:exactly;&quot;&gt;7、酗酒史、滥用药物史（嗜酒是指每周饮酒单位大于等于50（每一个饮酒单位含12g酒精，相当于1杯（300ml）啤酒，半杯葡萄酒，45ml 白酒）、吸毒史；&lt;/p&gt;&lt;p class=&quot;MsoNormal&quot; style=&quot;margin-bottom:0.0000pt;line-height:12.0000pt;mso-line-height-rule:exactly;&quot;&gt;&lt;br&gt;&lt;/p&gt;&lt;p class=&quot;MsoNormal&quot; style=&quot;margin-bottom:0.0000pt;line-height:12.0000pt;mso-line-height-rule:exactly;&quot;&gt;8、被保险人为女性时，请确认：&lt;/p&gt;&lt;p class=&quot;MsoNormal&quot; style=&quot;margin-bottom:0.0000pt;line-height:12.0000pt;mso-line-height-rule:exactly;&quot;&gt;-患有、检查发现或被诊断任何乳房、子宫、子宫颈或卵巢等生殖器官疾病，包括任何乳房肿块、子宫颈抹片异常、于两次经期间之出血、盆腔炎疾病等；或者曾经因上述疾病、症状接受过任何形式的治疗；&lt;/p&gt;&lt;p class=&quot;MsoNormal&quot; style=&quot;margin-bottom:0.0000pt;line-height:12.0000pt;mso-line-height-rule:exactly;&quot;&gt;-目前怀孕，或在怀孕期间患有并发症，接受其有关的治疗；&lt;/p&gt;&lt;p class=&quot;MsoNormal&quot; style=&quot;margin-bottom:0.0000pt;line-height:12.0000pt;mso-line-height-rule:exactly;&quot;&gt;-因不育被建议需要接受检查、治疗、服药、或手术？&lt;/p&gt;&lt;p class=&quot;MsoNormal&quot; style=&quot;margin-bottom:0.0000pt;line-height:12.0000pt;mso-line-height-rule:exactly;&quot;&gt;&lt;br&gt;&lt;/p&gt;&lt;p class=&quot;MsoNormal&quot; style=&quot;margin-bottom:0.0000pt;line-height:12.0000pt;mso-line-height-rule:exactly;&quot;&gt;9、被保险人为2周岁以下儿童时，请确认：&lt;/p&gt;&lt;p class=&quot;MsoNormal&quot; style=&quot;margin-bottom:0.0000pt;line-height:12.0000pt;mso-line-height-rule:exactly;&quot;&gt;-出生时体重低于2.5公斤，或被诊断早产，窒息，发育迟缓，脑瘫；&lt;/p&gt;&lt;p class=&quot;MsoNormal&quot; style=&quot;margin-bottom:0.0000pt;line-height:12.0000pt;mso-line-height-rule:exactly;&quot;&gt;&lt;br&gt;&lt;/p&gt;&lt;p class=&quot;MsoNormal&quot; style=&quot;margin-bottom:0.0000pt;line-height:12.0000pt;mso-line-height-rule:exactly;&quot;&gt;10、被保险为男性时，请确认：&lt;/p&gt;&lt;p class=&quot;MsoNormal&quot; style=&quot;margin-bottom:0.0000pt;line-height:12.0000pt;mso-line-height-rule:exactly;&quot;&gt;-患有前列腺疾病或其他男性生殖系统疾病；&lt;/p&gt;&lt;p class=&quot;MsoNormal&quot; style=&quot;margin-bottom:0.0000pt;line-height:12.0000pt;mso-line-height-rule:exactly;&quot;&gt;&lt;br&gt;&lt;/p&gt;&lt;p class=&quot;MsoNormal&quot; style=&quot;margin-bottom:0.0000pt;line-height:12.0000pt;mso-line-height-rule:exactly;&quot;&gt;11、被保险人从事的工作属于《高危职业分类表》中所列的职业。&lt;/p&gt;&lt;p class=&quot;MsoNormal&quot; style=&quot;margin-bottom:0.0000pt;line-height:12.0000pt;mso-line-height-rule:exactly;&quot;&gt;&lt;br&gt;&lt;/p&gt;&lt;/div&gt;                                                                                                                                                                                                                                                                                                                                                                                                                                                                                                                                                                                                                                                                                                                                                                                                                                                                                                                                                                                                                                                                                                                                                                                                                                                                                                                                                                                                                                                                                                    ', 1, 1533031252),
	(1157, 89, '保险条款', 'https://img.800czb.com/pdf/%E6%B0%B8%E5%AE%89/yongankangjianyishengyiliaoxiantiaokuang.pdf', '                                                                                                                                                                                                                                                                                                                                                                                                                                                                                                                                                                                                                                                                                                                                                                                                                                                                                                                                                                                                                                                                                          &lt;p&gt;111&lt;/p&gt;                                                                                                                                                                                                                                                                                                                                                                                                                                                                                                                                                                                                                                                                                                                                                                                                                                                                                                                                                                                      ', 1, 1533201854),
	(1158, 89, '投保须知', '', '                                                                                                                                                                                                                                                                                                                                                                                                                                                                                                                                                                                                                                                                                                                                                                                                                                                                                                                                                                                                                                                                                          &lt;p class=&quot;15&quot; style=&quot;margin-bottom:7.8000pt;mso-para-margin-left:0.0000gd;mso-layout-grid-align:none;layout-grid-mode:char;&quot;&gt;&lt;span style=&quot;font-family: Helvetica; font-size: 14px;&quot;&gt;1、&lt;/span&gt;&lt;span style=&quot;mso-spacerun:\'yes\';font-family:宋体;mso-bidi-font-family:\'Times New Roman\';font-size:12.0000pt;mso-font-kerning:1.0000pt;&quot;&gt;&lt;font face=&quot;宋体&quot;&gt;&lt;span style=&quot;font-family: Helvetica; font-size: 14px;&quot;&gt;本产品条款名称：《永安康健一生医疗保险条款》，报备文件编号：永安财险（备&lt;/span&gt;&lt;/font&gt;&lt;span style=&quot;font-family: Helvetica; font-size: 14px;&quot;&gt;-健康）[&lt;/span&gt;&lt;/span&gt;&lt;span style=&quot;font-family: Helvetica; font-size: 14px;&quot;&gt;2015]&lt;/span&gt;&lt;span style=&quot;mso-spacerun:\'yes\';font-family:宋体;mso-bidi-font-family:\'Times New Roman\';font-size:12.0000pt;mso-font-kerning:1.0000pt;&quot;&gt;&lt;font face=&quot;宋体&quot;&gt;&lt;span style=&quot;font-family: Helvetica; font-size: 14px;&quot;&gt;主&lt;/span&gt;&lt;/font&gt;&lt;span style=&quot;font-family: Helvetica; font-size: 14px;&quot;&gt;5&lt;/span&gt;&lt;/span&gt;&lt;span style=&quot;font-family: Helvetica; font-size: 14px;&quot;&gt;5&lt;/span&gt;&lt;span style=&quot;font-family: Helvetica; font-size: 14px;&quot;&gt;&lt;font face=&quot;宋体&quot;&gt;号。&lt;/font&gt;&lt;/span&gt;&lt;/p&gt;&lt;p class=&quot;15&quot; style=&quot;margin-bottom:7.8000pt;mso-para-margin-left:0.0000gd;mso-layout-grid-align:none;layout-grid-mode:char;&quot;&gt;&lt;span style=&quot;font-family: Helvetica; font-size: 14px;&quot;&gt;2、&lt;/span&gt;&lt;span style=&quot;font-family: Helvetica; font-size: 14px;&quot;&gt;&lt;font face=&quot;宋体&quot;&gt;本产品由永安财产保险股份有限公司承保，在全国以下地区开设有分支机构（经营区域：包括北京市、上海市、重庆市、河北省、山东省、辽宁省、广东省、江苏省、浙江省、湖北省、河南省、山西省、四川省、云南省、陕西省、甘肃省、新疆维吾尔自治区、内蒙古自治区、江西省、贵州省、安徽省、广西省）。本产品仅限永安保险公司上述经营区域销售。&lt;/font&gt;&lt;/span&gt;&lt;/p&gt;&lt;p class=&quot;15&quot; style=&quot;margin-bottom:7.8000pt;mso-para-margin-left:0.0000gd;mso-layout-grid-align:none;layout-grid-mode:char;&quot;&gt;&lt;span style=&quot;font-family: Helvetica; font-size: 14px;&quot;&gt;3、&lt;/span&gt;&lt;span style=&quot;mso-spacerun:\'yes\';font-family:宋体;mso-bidi-font-family:\'Times New Roman\';font-size:12.0000pt;mso-font-kerning:1.0000pt;&quot;&gt;&lt;font face=&quot;宋体&quot;&gt;&lt;span style=&quot;font-family: Helvetica; font-size: 14px;&quot;&gt;本产品投保年龄：出生满&lt;/span&gt;&lt;/font&gt;&lt;span style=&quot;font-family: Helvetica; font-size: 14px;&quot;&gt;3&lt;/span&gt;&lt;/span&gt;&lt;span style=&quot;font-family: Helvetica; font-size: 14px;&quot;&gt;0&lt;/span&gt;&lt;span style=&quot;mso-spacerun:\'yes\';font-family:宋体;mso-bidi-font-family:\'Times New Roman\';font-size:12.0000pt;mso-font-kerning:1.0000pt;&quot;&gt;&lt;font face=&quot;宋体&quot;&gt;&lt;span style=&quot;font-family: Helvetica; font-size: 14px;&quot;&gt;天至&lt;/span&gt;&lt;/font&gt;&lt;span style=&quot;font-family: Helvetica; font-size: 14px;&quot;&gt;6&lt;/span&gt;&lt;/span&gt;&lt;span style=&quot;font-family: Helvetica; font-size: 14px;&quot;&gt;5&lt;/span&gt;&lt;span style=&quot;mso-spacerun:\'yes\';font-family:宋体;mso-bidi-font-family:\'Times New Roman\';font-size:12.0000pt;mso-font-kerning:1.0000pt;&quot;&gt;&lt;font face=&quot;宋体&quot;&gt;&lt;span style=&quot;font-family: Helvetica; font-size: 14px;&quot;&gt;周岁，常住境内，能正常工作、劳动或生活的人员，可作为被保险人，符合续保条件可续保至&lt;/span&gt;&lt;/font&gt;&lt;span style=&quot;font-family: Helvetica; font-size: 14px;&quot;&gt;8&lt;/span&gt;&lt;/span&gt;&lt;span style=&quot;font-family: Helvetica; font-size: 14px;&quot;&gt;5&lt;/span&gt;&lt;span style=&quot;font-family: Helvetica; font-size: 14px;&quot;&gt;&lt;font face=&quot;宋体&quot;&gt;周岁。&lt;/font&gt;&lt;/span&gt;&lt;/p&gt;&lt;p class=&quot;15&quot; style=&quot;margin-bottom:7.8000pt;mso-para-margin-left:0.0000gd;mso-layout-grid-align:none;layout-grid-mode:char;&quot;&gt;&lt;span style=&quot;font-family: Helvetica; font-size: 14px;&quot;&gt;4、&lt;/span&gt;&lt;span style=&quot;font-family: Helvetica; font-size: 14px;&quot;&gt;&lt;font face=&quot;宋体&quot;&gt;本产品合同生效日：保险合同生效日以您投保次日零时开始。&lt;/font&gt;&lt;/span&gt;&lt;/p&gt;&lt;p class=&quot;15&quot; style=&quot;margin-bottom:7.8000pt;mso-para-margin-left:0.0000gd;mso-layout-grid-align:none;layout-grid-mode:char;&quot;&gt;&lt;span style=&quot;font-family: Helvetica; font-size: 14px;&quot;&gt;5、&lt;/span&gt;&lt;span style=&quot;font-family: Helvetica; font-size: 14px;&quot;&gt;&lt;font face=&quot;宋体&quot;&gt;本产品合同一次性交费，保障期一年，仅支持线上在线投保。&lt;/font&gt;&lt;/span&gt;&lt;/p&gt;&lt;p class=&quot;15&quot; style=&quot;margin-bottom:7.8000pt;mso-para-margin-left:0.0000gd;mso-layout-grid-align:none;layout-grid-mode:char;&quot;&gt;&lt;span style=&quot;font-family: Helvetica; font-size: 14px;&quot;&gt;6、&lt;/span&gt;&lt;span style=&quot;mso-spacerun:\'yes\';font-family:宋体;mso-bidi-font-family:\'Times New Roman\';font-size:12.0000pt;mso-font-kerning:1.0000pt;&quot;&gt;&lt;font face=&quot;宋体&quot;&gt;&lt;span style=&quot;font-family: Helvetica; font-size: 14px;&quot;&gt;本产品合同等待期：被保险人首次投保或非连续投保本保险时，被保险人因疾病需要住院治疗、特殊门诊治疗的，自本合同生效日起&lt;/span&gt;&lt;/font&gt;&lt;span style=&quot;font-family: Helvetica; font-size: 14px;&quot;&gt;3&lt;/span&gt;&lt;/span&gt;&lt;span style=&quot;font-family: Helvetica; font-size: 14px;&quot;&gt;0&lt;/span&gt;&lt;span style=&quot;font-family: Helvetica; font-size: 14px;&quot;&gt;&lt;font face=&quot;宋体&quot;&gt;日为等待期。被保险人在等待期内发生的保险事故，无论是否延续至等待期后，我们均不承担赔付保险金的责任。续保或者因意外伤害进行治疗的无等待期。&lt;/font&gt;&lt;/span&gt;&lt;/p&gt;&lt;p class=&quot;15&quot; style=&quot;margin-bottom:7.8000pt;mso-para-margin-left:0.0000gd;mso-layout-grid-align:none;layout-grid-mode:char;&quot;&gt;&lt;span style=&quot;font-family: Helvetica; font-size: 14px;&quot;&gt;7、&lt;/span&gt;&lt;span style=&quot;mso-spacerun:\'yes\';font-family:宋体;mso-bidi-font-family:\'Times New Roman\';font-size:12.0000pt;mso-font-kerning:1.0000pt;&quot;&gt;&lt;font face=&quot;宋体&quot;&gt;&lt;span style=&quot;font-family: Helvetica; font-size: 14px;&quot;&gt;本产品合同免赔额：年免赔额&lt;/span&gt;&lt;/font&gt;&lt;span style=&quot;font-family: Helvetica; font-size: 14px;&quot;&gt;1万元，癌症住院0元免赔。&lt;/span&gt;&lt;/span&gt;&lt;/p&gt;&lt;p class=&quot;15&quot; style=&quot;margin-bottom:7.8000pt;mso-para-margin-left:0.0000gd;mso-layout-grid-align:none;layout-grid-mode:char;&quot;&gt;&lt;span style=&quot;font-family: Helvetica; font-size: 14px;&quot;&gt;8、&lt;/span&gt;&lt;span style=&quot;mso-spacerun:\'yes\';font-family:宋体;mso-bidi-font-family:\'Times New Roman\';font-size:12.0000pt;mso-font-kerning:1.0000pt;&quot;&gt;&lt;font face=&quot;宋体&quot;&gt;&lt;span style=&quot;font-family: Helvetica; font-size: 14px;&quot;&gt;本产品合同的投保人的职业需符合《永安财产保险股份有限公司职业分类表》中的&lt;/span&gt;&lt;/font&gt;&lt;span style=&quot;font-family: Helvetica; font-size: 14px;&quot;&gt;1-&lt;/span&gt;&lt;/span&gt;&lt;span style=&quot;font-family: Helvetica; font-size: 14px;&quot;&gt;4&lt;/span&gt;&lt;span style=&quot;font-family: Helvetica; font-size: 14px;&quot;&gt;&lt;font face=&quot;宋体&quot;&gt;类。医院范围：国家卫生部医院等级分类中的二级或二级以上的公立医院普通部。&lt;/font&gt;&lt;/span&gt;&lt;/p&gt;&lt;p class=&quot;15&quot; style=&quot;margin-bottom:7.8000pt;mso-para-margin-left:0.0000gd;mso-layout-grid-align:none;layout-grid-mode:char;&quot;&gt;&lt;span style=&quot;font-family: Helvetica; font-size: 14px;&quot;&gt;9、&lt;/span&gt;&lt;span style=&quot;mso-spacerun:\'yes\';font-family:宋体;mso-bidi-font-family:\'Times New Roman\';font-size:12.0000pt;mso-font-kerning:1.0000pt;&quot;&gt;&lt;font face=&quot;宋体&quot;&gt;&lt;span style=&quot;font-family: Helvetica; font-size: 14px;&quot;&gt;本产品合同的给付比例：符合承保条件，超过年免赔额部分，赔付比例&lt;/span&gt;&lt;/font&gt;&lt;span style=&quot;font-family: Helvetica; font-size: 14px;&quot;&gt;1&lt;/span&gt;&lt;/span&gt;&lt;span style=&quot;font-family: Helvetica; font-size: 14px;&quot;&gt;00&lt;/span&gt;&lt;span style=&quot;font-family: Helvetica; font-size: 14px;&quot;&gt;%。但若本方案具有社保的被保险人，发生保险责任范围内事故的医疗费用未进行社保报销超出免赔额部分医疗费用给付比例调整为6&lt;/span&gt;&lt;span style=&quot;font-family: Helvetica; font-size: 14px;&quot;&gt;0&lt;/span&gt;&lt;span style=&quot;font-family: Helvetica; font-size: 14px;&quot;&gt;%。&lt;/span&gt;&lt;/p&gt;&lt;p class=&quot;15&quot; style=&quot;margin-bottom:7.8000pt;mso-para-margin-left:0.0000gd;mso-layout-grid-align:none;layout-grid-mode:char;&quot;&gt;&lt;span style=&quot;font-family: Helvetica; font-size: 14px;&quot;&gt;10、&lt;/span&gt;&lt;span style=&quot;font-family: Helvetica; font-size: 14px;&quot;&gt;&lt;font face=&quot;宋体&quot;&gt;本产品合同的保险金支付方式：理赔款、退保金将会在保险公司审核通过后直接打入您提供的指定银行卡账户，如被保险人在指定医疗机构进行治疗，受益人授权保险公司按约将理赔支付给医疗机构，从而该医疗机构免向该被保险人收取部分或全部治疗款项，受益人无需就相应事故向保险人申请保险金。&lt;/font&gt;&lt;/span&gt;&lt;/p&gt;&lt;p class=&quot;15&quot; style=&quot;margin-bottom:7.8000pt;mso-para-margin-left:0.0000gd;mso-layout-grid-align:none;layout-grid-mode:char;&quot;&gt;&lt;span style=&quot;font-family: Helvetica; font-size: 14px;&quot;&gt;11、&lt;/span&gt;&lt;span style=&quot;mso-spacerun:\'yes\';font-family:宋体;mso-bidi-font-family:\'Times New Roman\';font-size:12.0000pt;mso-font-kerning:1.0000pt;&quot;&gt;&lt;font face=&quot;宋体&quot;&gt;&lt;span style=&quot;font-family: Helvetica; font-size: 14px;&quot;&gt;本产品合同保单形式：网上投保为您提供电子保单，根据《中华人民共和国合同法》第十一条规定，数据电文是合法的合同表现形式，电子保单与纸质保单具有同等法律效力。投保咨询方式、保单查询、投诉方式：全国客户服务热线&lt;/span&gt;&lt;/font&gt;&lt;span style=&quot;font-family: Helvetica; font-size: 14px;&quot;&gt;9&lt;/span&gt;&lt;/span&gt;&lt;span style=&quot;font-family: Helvetica; font-size: 14px;&quot;&gt;5502&lt;/span&gt;&lt;span style=&quot;mso-spacerun:\'yes\';font-family:宋体;mso-bidi-font-family:\'Times New Roman\';font-size:12.0000pt;mso-font-kerning:1.0000pt;&quot;&gt;&lt;font face=&quot;宋体&quot;&gt;&lt;span style=&quot;font-family: Helvetica; font-size: 14px;&quot;&gt;，&lt;/span&gt;&lt;/font&gt;&lt;span style=&quot;font-family: Helvetica; font-size: 14px;&quot;&gt;2&lt;/span&gt;&lt;/span&gt;&lt;span style=&quot;font-family: Helvetica; font-size: 14px;&quot;&gt;4&lt;/span&gt;&lt;span style=&quot;font-family: Helvetica; font-size: 14px;&quot;&gt;&lt;font face=&quot;宋体&quot;&gt;小时为您提供热诚的服务。&lt;/font&gt;&lt;/span&gt;&lt;/p&gt;&lt;p class=&quot;15&quot; style=&quot;margin-bottom:7.8000pt;mso-para-margin-left:0.0000gd;mso-layout-grid-align:none;layout-grid-mode:char;&quot;&gt;&lt;span style=&quot;font-family: Helvetica; font-size: 14px;&quot;&gt;12、&lt;/span&gt;&lt;span style=&quot;mso-spacerun:\'yes\';font-family:宋体;mso-bidi-font-family:\'Times New Roman\';font-size:12.0000pt;mso-font-kerning:1.0000pt;&quot;&gt;&lt;font face=&quot;宋体&quot;&gt;&lt;span style=&quot;font-family: Helvetica; font-size: 14px;&quot;&gt;您可以通过永安财产保险股份有限公司官网查询相关投保信息。如您需要纸质保单或发票，请拨打全国统一服务热线&lt;/span&gt;&lt;/font&gt;&lt;span style=&quot;font-family: Helvetica; font-size: 14px;&quot;&gt;9&lt;/span&gt;&lt;/span&gt;&lt;span style=&quot;font-family: Helvetica; font-size: 14px;&quot;&gt;5502&lt;/span&gt;&lt;span style=&quot;font-family: Helvetica; font-size: 14px;&quot;&gt;&lt;font face=&quot;宋体&quot;&gt;。保险公司将以平邮的方式寄送纸质保单或发票，相关费用需由您承担。&lt;/font&gt;&lt;/span&gt;&lt;/p&gt;&lt;p class=&quot;15&quot; style=&quot;margin-bottom:7.8000pt;mso-para-margin-left:0.0000gd;mso-layout-grid-align:none;layout-grid-mode:char;&quot;&gt;&lt;span style=&quot;font-family: Helvetica; font-size: 14px;&quot;&gt;13、&lt;/span&gt;&lt;span style=&quot;mso-spacerun:\'yes\';font-family:宋体;mso-bidi-font-family:\'Times New Roman\';font-size:12.0000pt;mso-font-kerning:1.0000pt;&quot;&gt;&lt;font face=&quot;宋体&quot;&gt;&lt;span style=&quot;font-family: Helvetica; font-size: 14px;&quot;&gt;本产品合同的批改、退保办理流程：提交服务申请&lt;/span&gt;&lt;/font&gt;&lt;span style=&quot;font-family: Helvetica; font-size: 14px;&quot;&gt;-保险公司审核处理-保险金支付或保险费退还-完成服务。如您提前退保，可能会产生一定损失，具体请见合同约定。&lt;/span&gt;&lt;/span&gt;&lt;/p&gt;&lt;p class=&quot;15&quot; style=&quot;margin-bottom:7.8000pt;mso-para-margin-left:0.0000gd;mso-layout-grid-align:none;layout-grid-mode:char;&quot;&gt;&lt;span style=&quot;font-family: Helvetica; font-size: 14px;&quot;&gt;14、&lt;/span&gt;&lt;span style=&quot;font-family: Helvetica; font-size: 14px;&quot;&gt;&lt;font face=&quot;宋体&quot;&gt;本产品合同的信息安全：永安财产保险股份有限保险公司严格遵守现行的关于个人信息、数据及隐私保护的法律法规，采取充分的技术手段。&lt;/font&gt;&lt;/span&gt;&lt;/p&gt;&lt;p class=&quot;15&quot; style=&quot;margin-bottom:7.8000pt;mso-para-margin-left:0.0000gd;mso-layout-grid-align:none;layout-grid-mode:char;&quot;&gt;&lt;span style=&quot;font-family: Helvetica; font-size: 14px;&quot;&gt;15、&lt;/span&gt;&lt;span style=&quot;mso-spacerun:\'yes\';font-family:宋体;mso-bidi-font-family:\'Times New Roman\';font-size:12.0000pt;mso-font-kerning:1.0000pt;&quot;&gt;&lt;font face=&quot;宋体&quot;&gt;&lt;span style=&quot;font-family: Helvetica; font-size: 14px;&quot;&gt;投保人如实告知义务：按照中国《保险法》相关内容，投保人和被保险人均有如实告知义务，否则保险人有权解除保险合同，并不承担保险责任。相关描述以本产品合同使用条款&lt;/span&gt;&lt;/font&gt;&lt;span style=&quot;font-family: Helvetica; font-size: 14px;&quot;&gt;&ldquo;投保人、被保险人义务&rdquo;为准。&lt;/span&gt;&lt;/span&gt;&lt;/p&gt;                                                                                                                                                                                                                                                                                                                                                                                                                                                                                                                                                                                                                                                                                                                                                                                                                                                                                                                                                                                      ', 1, 1533201854),
	(1159, 89, '健康告知', '', '                                                                                                                                                                                                                                                                                                                                                                                                                                                                                                                                                                                                                                                                                                                                                                                                                                                                                                                                                                                                                                                                                          &lt;p class=&quot;MsoNormal&quot; style=&quot;margin-bottom: 0pt; line-height: 12pt;&quot;&gt;&lt;b&gt;为保障被保险人的合法保险权益，请仔细阅读并如实确认：&lt;/b&gt;&lt;/p&gt;&lt;p class=&quot;MsoNormal&quot; style=&quot;margin-bottom: 0pt; line-height: 12pt;&quot;&gt;&lt;br&gt;&lt;/p&gt;&lt;p class=&quot;MsoNormal&quot; style=&quot;margin-bottom: 0pt; line-height: 12pt;&quot;&gt;1、现时正在进行任何类型健康咨询、药物治疗、外科手术，但不包括普通感冒、流感或敏感症，或考虑在短期内寻求诊疗、检查、测试、住院治疗或外科手术；&lt;/p&gt;&lt;p class=&quot;MsoNormal&quot; style=&quot;margin-bottom: 0pt; line-height: 12pt;&quot;&gt;&lt;br&gt;&lt;/p&gt;&lt;p class=&quot;MsoNormal&quot; style=&quot;margin-bottom: 0pt; line-height: 12pt;&quot;&gt;2、最近5年中，在申请如人寿保险、意外伤害保险，重大疾病保险、其它医疗健康保险等任何保险计划时，曾被延迟、被拒保、被撤销或附加任何特别条件（如增加保险费或特别免责条款）；&lt;/p&gt;&lt;p class=&quot;MsoNormal&quot; style=&quot;margin-bottom: 0pt; line-height: 12pt;&quot;&gt;&lt;br&gt;&lt;/p&gt;&lt;p class=&quot;MsoNormal&quot; style=&quot;margin-bottom: 0pt; line-height: 12pt;&quot;&gt;3、曾患有如下任一疾病，或曾出现如下任一体征或检查异常，或曾接受如下任一治疗：&lt;/p&gt;&lt;p class=&quot;MsoNormal&quot; style=&quot;margin-bottom: 0pt; line-height: 12pt;&quot;&gt;-冠心病、心绞痛、心肌梗塞、心脏瓣膜疾病、各种原因导致的心脏衰竭、先天性心脏缺陷、冠状动脉介入手术或搭桥手术、动脉瘤或血管畸形、血友病、血液凝固障碍、脑卒中；&lt;/p&gt;&lt;p class=&quot;MsoNormal&quot; style=&quot;margin-bottom: 0pt; line-height: 12pt;&quot;&gt;-痴呆、癫痫、多发性硬化、帕金森病、阿尔茨海默病或任何影响脑部或神经系统的失常；&lt;/p&gt;&lt;p class=&quot;MsoNormal&quot; style=&quot;margin-bottom: 0pt; line-height: 12pt;&quot;&gt;-肝脏疾病或症状（如肝炎病毒携带者、肝硬化、肝功能衰竭等）、胃旁路手术、溃疡性结肠炎、胰腺炎；&lt;/p&gt;&lt;p class=&quot;MsoNormal&quot; style=&quot;margin-bottom: 0pt; line-height: 12pt;&quot;&gt;-代谢综合症、各种类型糖尿病、高血压、肾上腺皮质功能不全、肢端肥大症；&lt;/p&gt;&lt;p class=&quot;MsoNormal&quot; style=&quot;margin-bottom: 0pt; line-height: 12pt;&quot;&gt;-恶性肿瘤、白血病、淋巴瘤、良性肿瘤且未手术、不明性质的肿块/息肉/结节/新生物；&lt;/p&gt;&lt;p class=&quot;MsoNormal&quot; style=&quot;margin-bottom: 0pt; line-height: 12pt;&quot;&gt;-精神病、各种类型的抑郁症、自闭症、厌食症或暴食症、试图自杀；&lt;/p&gt;&lt;p class=&quot;MsoNormal&quot; style=&quot;margin-bottom: 0pt; line-height: 12pt;&quot;&gt;-耳疾（如耳聋等）、眼疾（如青光眼、白内障、视网膜出血或剥离等）、鼻部疾病或咽喉疾病（不包括普通感染）；&lt;/p&gt;&lt;p class=&quot;MsoNormal&quot; style=&quot;margin-bottom: 0pt; line-height: 12pt;&quot;&gt;-肢体瘫痪（包括截瘫、偏瘫或全瘫）、类风湿性关节炎、强直性脊柱炎、肌营养不良、股骨头坏死、人工关节置换等其他与骨骼、脊椎骨或肌肉相关的疾病或症状；&lt;/p&gt;&lt;p class=&quot;MsoNormal&quot; style=&quot;margin-bottom: 0pt; line-height: 12pt;&quot;&gt;-肾小球（肾盂）疾病、肾病综合症、慢性肾功能衰竭、肾透析、多囊肾；&lt;/p&gt;&lt;p class=&quot;MsoNormal&quot; style=&quot;margin-bottom: 0pt; line-height: 12pt;&quot;&gt;-肺气肿、慢性阻塞性肺病、肺纤维化、间质性肺病、哮喘；&lt;/p&gt;&lt;p class=&quot;MsoNormal&quot; style=&quot;margin-bottom: 0pt; line-height: 12pt;&quot;&gt;-各种器官移植，如心、肺、肝、肾、胰脏、造血干细胞移植等；&lt;/p&gt;&lt;p class=&quot;MsoNormal&quot; style=&quot;margin-bottom: 0pt; line-height: 12pt;&quot;&gt;-职业病、HIV病毒感染，艾滋病，艾滋相关综合征或其他免疫系统疾病，传染病或性病？&lt;/p&gt;&lt;p class=&quot;MsoNormal&quot; style=&quot;margin-bottom: 0pt; line-height: 12pt;&quot;&gt;&lt;br&gt;&lt;/p&gt;&lt;p class=&quot;MsoNormal&quot; style=&quot;margin-bottom: 0pt; line-height: 12pt;&quot;&gt;4、最近2年中，做过X光、B超、彩超、CT、核磁共振、内窥镜、病理活检、眼底检查、血液检查中任意一项检查且检查结果异常：&lt;/p&gt;&lt;p class=&quot;MsoNormal&quot; style=&quot;margin-bottom: 0pt; line-height: 12pt;&quot;&gt;&lt;br&gt;&lt;/p&gt;&lt;p class=&quot;MsoNormal&quot; style=&quot;margin-bottom: 0pt; line-height: 12pt;&quot;&gt;5、最近1年中，因病连续住院5天及以上，或病假累计15天及以上（不包括剖腹产/顺产/鼻炎/急性肠胃炎/肺炎/上呼吸道感染）；&lt;/p&gt;&lt;p class=&quot;MsoNormal&quot; style=&quot;margin-bottom: 0pt; line-height: 12pt;&quot;&gt;&lt;br&gt;&lt;/p&gt;&lt;p class=&quot;MsoNormal&quot; style=&quot;margin-bottom: 0pt; line-height: 12pt;&quot;&gt;6、最近1年，出现任何一种不适症状: 持续发热、眩晕、胸痛、咳血、便血、紫斑、体重不明原因下降超过5公斤；&lt;/p&gt;&lt;p class=&quot;MsoNormal&quot; style=&quot;margin-bottom: 0pt; line-height: 12pt;&quot;&gt;&lt;br&gt;&lt;/p&gt;&lt;p class=&quot;MsoNormal&quot; style=&quot;margin-bottom: 0pt; line-height: 12pt;&quot;&gt;7、酗酒史、滥用药物史（嗜酒是指每周饮酒单位大于等于50（每一个饮酒单位含12g酒精，相当于1杯（300ml）啤酒，半杯葡萄酒，45ml 白酒）、吸毒史；&lt;/p&gt;&lt;p class=&quot;MsoNormal&quot; style=&quot;margin-bottom: 0pt; line-height: 12pt;&quot;&gt;&lt;br&gt;&lt;/p&gt;&lt;p class=&quot;MsoNormal&quot; style=&quot;margin-bottom: 0pt; line-height: 12pt;&quot;&gt;8、被保险人为女性时，请确认：&lt;/p&gt;&lt;p class=&quot;MsoNormal&quot; style=&quot;margin-bottom: 0pt; line-height: 12pt;&quot;&gt;-患有、检查发现或被诊断任何乳房、子宫、子宫颈或卵巢等生殖器官疾病，包括任何乳房肿块、子宫颈抹片异常、于两次经期间之出血、盆腔炎疾病等；或者曾经因上述疾病、症状接受过任何形式的治疗；&lt;/p&gt;&lt;p class=&quot;MsoNormal&quot; style=&quot;margin-bottom: 0pt; line-height: 12pt;&quot;&gt;-目前怀孕，或在怀孕期间患有并发症，接受其有关的治疗；&lt;/p&gt;&lt;p class=&quot;MsoNormal&quot; style=&quot;margin-bottom: 0pt; line-height: 12pt;&quot;&gt;-因不育被建议需要接受检查、治疗、服药、或手术？&lt;/p&gt;&lt;p class=&quot;MsoNormal&quot; style=&quot;margin-bottom: 0pt; line-height: 12pt;&quot;&gt;&lt;br&gt;&lt;/p&gt;&lt;p class=&quot;MsoNormal&quot; style=&quot;margin-bottom: 0pt; line-height: 12pt;&quot;&gt;9、被保险人为2周岁以下儿童时，请确认：&lt;/p&gt;&lt;p class=&quot;MsoNormal&quot; style=&quot;margin-bottom: 0pt; line-height: 12pt;&quot;&gt;-出生时体重低于2.5公斤，或被诊断早产，窒息，发育迟缓，脑瘫；&lt;/p&gt;&lt;p class=&quot;MsoNormal&quot; style=&quot;margin-bottom: 0pt; line-height: 12pt;&quot;&gt;&lt;br&gt;&lt;/p&gt;&lt;p class=&quot;MsoNormal&quot; style=&quot;margin-bottom: 0pt; line-height: 12pt;&quot;&gt;10、被保险为男性时，请确认：&lt;/p&gt;&lt;p class=&quot;MsoNormal&quot; style=&quot;margin-bottom: 0pt; line-height: 12pt;&quot;&gt;-患有前列腺疾病或其他男性生殖系统疾病；&lt;/p&gt;&lt;p class=&quot;MsoNormal&quot; style=&quot;margin-bottom: 0pt; line-height: 12pt;&quot;&gt;&lt;br&gt;&lt;/p&gt;&lt;p class=&quot;MsoNormal&quot; style=&quot;margin-bottom: 0pt; line-height: 12pt;&quot;&gt;11、被保险人从事的工作属于《高危职业分类表》中所列的职业。&lt;/p&gt;&lt;div&gt;&lt;br&gt;&lt;/div&gt;                                                                                                                                                                                                                                                                                                                                                                                                                                                                                                                                                                                                                                                                                                                                                                                                                                                                                                                                                                                      ', 1, 1533201854),
	(1160, 89, '高危职业分类表', 'https://img.800czb.com/pdf/%E6%B0%B8%E5%AE%89/kangjiangaoweizhiyebiao.pdf', '', 1, 1533201854),
	(1161, 51, '投保须知', '', '                                                                                                                                                                                                                                                                                                                                                                                                                                                                                                                                                                                                                                                                                                                                                                                                                                                                                                                                                                                                                                                                                                                                                                                                                                                                                                                                                                                                                                                                                                                                                                                                                                                                                                                                                                                                                                                                                                                                                                                                                                                                                                &lt;p class=&quot;MsoNormal&quot;&gt;&lt;font face=&quot;宋体&quot;&gt;&lt;span class=&quot;Apple-tab-span&quot; style=&quot;white-space:pre&quot;&gt;	&lt;/span&gt;1. &amp;nbsp; 本产品承保的重大疾病有30天等待期；续保没有等待期。住院津贴有30天疾病等待期；续保没有等待期。&lt;span class=&quot;Apple-tab-span&quot; style=&quot;white-space:pre&quot;&gt;			&lt;/span&gt;&lt;/font&gt;&lt;/p&gt;&lt;p class=&quot;MsoNormal&quot;&gt;&lt;font face=&quot;宋体&quot;&gt;&lt;span class=&quot;Apple-tab-span&quot; style=&quot;white-space:pre&quot;&gt;	&lt;/span&gt;2. &amp;nbsp; 未满18周岁的未成年人的身故保险金额不超过保监会规定的限额。&lt;span class=&quot;Apple-tab-span&quot; style=&quot;white-space:pre&quot;&gt;			&lt;/span&gt;&lt;/font&gt;&lt;/p&gt;&lt;p class=&quot;MsoNormal&quot;&gt;&lt;font face=&quot;宋体&quot;&gt;&lt;span class=&quot;Apple-tab-span&quot; style=&quot;white-space:pre&quot;&gt;	&lt;/span&gt;3. &amp;nbsp; 入住重症监护室病房治疗，每日住院津贴以双倍保险金额给付被保险人。&lt;span class=&quot;Apple-tab-span&quot; style=&quot;white-space:pre&quot;&gt;			&lt;/span&gt;&lt;/font&gt;&lt;/p&gt;&lt;p class=&quot;MsoNormal&quot;&gt;&lt;font face=&quot;宋体&quot;&gt;&lt;span class=&quot;Apple-tab-span&quot; style=&quot;white-space:pre&quot;&gt;	&lt;/span&gt;4. &ldquo;电话医生服务&rdquo;是由保险人指定的救援机构提供的服务。&lt;span class=&quot;Apple-tab-span&quot; style=&quot;white-space:pre&quot;&gt;			&lt;/span&gt;&lt;/font&gt;&lt;/p&gt;&lt;p class=&quot;MsoNormal&quot;&gt;&lt;font face=&quot;宋体&quot;&gt;&lt;span class=&quot;Apple-tab-span&quot; style=&quot;white-space:pre&quot;&gt;	&lt;/span&gt;5. &amp;nbsp; 本&ldquo;乐享人生&rdquo;系列产品在安联财险投保每一被保险人限投一份，多投无效。&lt;span class=&quot;Apple-tab-span&quot; style=&quot;white-space:pre&quot;&gt;			&lt;/span&gt;&lt;/font&gt;&lt;/p&gt;&lt;p class=&quot;MsoNormal&quot;&gt;&lt;font face=&quot;宋体&quot;&gt;&lt;span class=&quot;Apple-tab-span&quot; style=&quot;white-space:pre&quot;&gt;	&lt;/span&gt;6. &amp;nbsp; 任一被保险人在安联财险各渠道累计投保的含有重疾或恶性肿瘤保障的保额不超过50万，超过部分本公司有权拒绝赔付。&lt;span class=&quot;Apple-tab-span&quot; style=&quot;white-space:pre&quot;&gt;			&lt;/span&gt;&lt;/font&gt;&lt;/p&gt;&lt;div&gt;&lt;br&gt;&lt;/div&gt;                                                                                                                                                                                                                                                                                                                                                                                                                                                                                                                                                                                                                                                                                                                                                                                                                                                                                                                                                                                                                                                                                                                                                                                                                                                                                                                                                                                                                                                                                                                                                                                                                                                                                                                                                                                                                                                                                                ', 1, 1613458488),
	(1162, 51, '保险条款', 'https://img.800czb.com/pdf/anlian/lexiangrensheng/lexiangrensheng.pdf', '                                                                                                                                                                                                                                                                                                                                                                                                                                                                                                                                                                                                                                                                                                                                                                                                                                                                                                                                                                                                                                                                                                                                                                                                                                                                                                                                                                                                                                                                                                                                                                                                                                                                                                                                                                                                                                                                                                                                                                                                                                                                                                                                                                                                                                                                                                                                                                                                                                                                                                                                                                                                                                                                                                                                                                                                                                                                                                                                                                                                                                                                                                                                                                                                                                                                                                                                                                                                                                                                                                                                                                                                                                                                                                                                                                                                                                                                                                                                                                                                ', 1, 1613458488),
	(1163, 51, '健康告知', '', '                                                                                                                                                                                                                                                                                                                                                                                                                                                                                                                                                                                                                                                                                                                                                                                                                                                                                                                                                                                                                                                                                                                                                                                                                                                                                                                                                                                                                                                                                                                                                                                                                                                                                                                                                                                                                                                                              &lt;p&gt;                                                                                                                                                                                                                  &lt;font face=&quot;宋体&quot;&gt;&lt;b&gt;请确认被保险人以下所述事项均为&ldquo;否&rdquo;：&lt;/b&gt;&lt;/font&gt;&lt;/p&gt;&lt;p&gt;&lt;font face=&quot;宋体&quot;&gt;															\r\n1. 现时是否正进行任何健康咨询、药物治疗、外科手术，但不包括普通感冒、流感或敏感症，或正考虑在短期内寻求诊疗、检查、测试、住院治疗或外科手术？&lt;/font&gt;&lt;/p&gt;&lt;p&gt;&lt;font face=&quot;宋体&quot;&gt;														\r\n2. 最近5年中，在申请如人寿保险、意外伤害保险，重大疾病保险、其它医疗健康保险等任何保险计划时，被延迟、被拒保、被撤销或附加任何特别条件（如增加保险费或特别免责条款）&lt;/font&gt;&lt;/p&gt;&lt;p&gt;&lt;font face=&quot;宋体&quot;&gt;														\r\n3. 是否曾有如下健康问题？&lt;/font&gt;&lt;/p&gt;&lt;p&gt;&lt;font face=&quot;宋体&quot;&gt;														\r\n-	与血液、心脏、循环系统相关的疾病或症状，如心脏病、心绞痛、先天性心脏缺陷	&lt;/font&gt;&lt;/p&gt;&lt;p&gt;&lt;font face=&quot;宋体&quot;&gt;													\r\n-	任何癌症、肿瘤														\r\n-	中风、癫痫症、或任何影响脑部或神经系统的失常&lt;/font&gt;&lt;/p&gt;&lt;p&gt;&lt;font face=&quot;宋体&quot;&gt;														\r\n-	糖尿病，肾或膀胱疾病														\r\n-	肝脏疾病或症状（包括乙型肝炎、丙型肝炎或是肝炎带菌者）														\r\n-	在最近三年内，曾酗酒或滥用药物（包括处方药）	&lt;/font&gt;&lt;/p&gt;&lt;p&gt;&lt;font face=&quot;宋体&quot;&gt;													\r\n-	耳疾、眼疾、鼻部疾病或咽喉疾病（不包括普通感染）&lt;/font&gt;&lt;/p&gt;&lt;p&gt;&lt;font face=&quot;宋体&quot;&gt;														\r\n-	与骨骼、脊骨或肌肉相关的疾病或症状	&lt;/font&gt;&lt;/p&gt;&lt;p&gt;&lt;font face=&quot;宋体&quot;&gt;													\r\n4. 最近2年中，是否做过以下一项或几项检查并检查结果有异常？	&lt;/font&gt;&lt;/p&gt;&lt;p&gt;&lt;font face=&quot;宋体&quot;&gt;													\r\n-	X光、B超、彩超、CT、核磁共振、内窥镜、病理活检、眼底检查	&lt;/font&gt;&lt;/p&gt;&lt;p&gt;&lt;font face=&quot;宋体&quot;&gt;													\r\n5. 最近1年中，是否有因病连续住院5天及以上，或病假累计15天及以上？&lt;/font&gt;&lt;/p&gt;&lt;p&gt;&lt;font face=&quot;宋体&quot;&gt;														\r\n6. 最近6个月，是否有任何不适症状，如持续发热、眩晕、胸痛、咳血、便血、紫斑、体重下降超过5公斤？	&lt;/font&gt;&lt;/p&gt;&lt;p&gt;&lt;font face=&quot;宋体&quot;&gt;&lt;b&gt;													\r\n被保险人为女性时，请说明（男性请选否）	&lt;/b&gt;&lt;/font&gt;&lt;/p&gt;&lt;p&gt;&lt;font face=&quot;宋体&quot;&gt;														\r\n7. 最近5年是否曾患子宫、乳房、卵巢等生殖系统疾病？	&lt;/font&gt;&lt;/p&gt;&lt;p&gt;&lt;font face=&quot;宋体&quot;&gt;													\r\n8. 目前是否怀孕？	&lt;/font&gt;&lt;/p&gt;&lt;p&gt;&lt;font face=&quot;宋体&quot;&gt;&lt;b&gt;													\r\n被保险人为18周岁以下未成年人时，请监护人说明&lt;/b&gt;	&lt;/font&gt;&lt;/p&gt;&lt;p&gt;&lt;font face=&quot;宋体&quot;&gt;														\r\n9. 是否曾患过先天性疾病、遗传性疾病、畸形、抽搐、小儿麻痹、儿童多动症、脊髓灰质炎、麻疹、流行性脑脊髓膜炎、流行性乙脑炎、白喉、破伤风、百日咳等疾病？&lt;/font&gt; &amp;nbsp; &amp;nbsp; &amp;nbsp; &amp;nbsp; &amp;nbsp; &amp;nbsp; &amp;nbsp;&amp;nbsp;&lt;p class=&quot;MsoNormal&quot;&gt;&lt;span class=&quot;Apple-tab-span&quot; style=&quot;font-family: 宋体; white-space: pre;&quot;&gt;							&lt;/span&gt;&lt;br&gt;&lt;/p&gt;&lt;div&gt;&lt;br&gt;&lt;/div&gt;                                      &lt;/p&gt;                                                                                                                                                                                                                                                                                                                                                                                                                                                                                                                                                                                                                                                                                                                                                                                                                                                                                                                                                                                                                                                                                                                                                                                                                                                                                                                                                                                                                                                                                                                                                                                                                                                                                                  ', 1, 1613458488);
/*!40000 ALTER TABLE `product_extend` ENABLE KEYS */;

-- 导出  表 cms.product_filter 结构
CREATE TABLE IF NOT EXISTS `product_filter` (
  `product_id` int(11) NOT NULL,
  `filter_id` int(11) NOT NULL,
  PRIMARY KEY (`product_id`,`filter_id`)
) ENGINE=InnoDB DEFAULT CHARSET=utf8;

-- 正在导出表  cms.product_filter 的数据：~81 rows (大约)
/*!40000 ALTER TABLE `product_filter` DISABLE KEYS */;
INSERT INTO `product_filter` (`product_id`, `filter_id`) VALUES
	(51, 8),
	(51, 54),
	(52, 10),
	(52, 144),
	(53, 10),
	(53, 144),
	(55, 8),
	(55, 54),
	(55, 84),
	(55, 139),
	(55, 140),
	(55, 141),
	(55, 142),
	(56, 8),
	(57, 143),
	(58, 9),
	(59, 8),
	(61, 8),
	(65, 8),
	(66, 8),
	(67, 8),
	(67, 143),
	(68, 9),
	(68, 54),
	(68, 139),
	(69, 8),
	(69, 54),
	(69, 139),
	(69, 140),
	(69, 141),
	(69, 142),
	(74, 9),
	(74, 54),
	(74, 139),
	(76, 8),
	(76, 55),
	(76, 94),
	(76, 139),
	(76, 140),
	(76, 141),
	(76, 142),
	(77, 9),
	(77, 142),
	(80, 10),
	(80, 144),
	(81, 8),
	(81, 54),
	(81, 139),
	(81, 140),
	(81, 141),
	(81, 142),
	(84, 8),
	(84, 54),
	(85, 8),
	(85, 55),
	(85, 95),
	(85, 160),
	(86, 8),
	(86, 54),
	(86, 91),
	(86, 139),
	(86, 140),
	(86, 141),
	(86, 142),
	(87, 9),
	(87, 50),
	(87, 51),
	(87, 54),
	(87, 142),
	(88, 10),
	(88, 50),
	(88, 51),
	(88, 144),
	(88, 154),
	(89, 8),
	(89, 54),
	(89, 76),
	(89, 84),
	(89, 139),
	(89, 140),
	(89, 142);
/*!40000 ALTER TABLE `product_filter` ENABLE KEYS */;

-- 导出  表 cms.product_image 结构
CREATE TABLE IF NOT EXISTS `product_image` (
  `product_image_id` int(11) NOT NULL AUTO_INCREMENT,
  `product_id` int(11) NOT NULL,
  `image` varchar(255) DEFAULT NULL,
  `sort_order` int(3) NOT NULL DEFAULT '0',
  PRIMARY KEY (`product_image_id`),
  KEY `product_id` (`product_id`)
) ENGINE=InnoDB AUTO_INCREMENT=1133 DEFAULT CHARSET=utf8;

-- 正在导出表  cms.product_image 的数据：~36 rows (大约)
/*!40000 ALTER TABLE `product_image` DISABLE KEYS */;
INSERT INTO `product_image` (`product_image_id`, `product_id`, `image`, `sort_order`) VALUES
	(902, 85, '/catalog/ygibBANNER4.jpg', 0),
	(904, 87, '/catalog/tbjkrywxBANNER04.jpg', 0),
	(976, 52, '/catalog/alsgjhbanner07.jpg', 0),
	(986, 88, '/catalog/alqmoybanner07.jpg', 0),
	(1004, 60, 'catalog/banner/kangaiweishihaiwai.jpg', 0),
	(1006, 62, 'catalog/banner/yanzhonghaiwaiVIP.jpg', 0),
	(1008, 64, 'catalog/banner/jieya-banner.jpg', 0),
	(1015, 68, '/catalog/htetywxbanner07.jpg', 0),
	(1016, 68, '/catalog/huataiertx.png', 25),
	(1018, 53, '/catalog/alqqlxbanner07.jpg', 0),
	(1019, 53, '/catalog/1-copy-2.jpg', 25),
	(1037, 80, '/catalog/tbgnlxxbanner07.jpg', 0),
	(1049, 76, '/catalog/htfyysbanner07.jpg', 0),
	(1050, 74, '/catalog/alxbbbanner07.jpg', 0),
	(1051, 74, '/catalog/anlianxiongbb.png', 25),
	(1057, 59, 'catalog/banner/anquanbao2.jpg', 0),
	(1061, 56, 'catalog/banner/kangaiweishi-banner.jpg', 1),
	(1062, 57, 'catalog/banner/ejiebao_banner.jpg', 0),
	(1063, 61, 'catalog/banner/yanzhenhaiwai.jpg', 0),
	(1064, 58, 'catalog/banner/yundongweishi.jpg', 0),
	(1065, 65, 'catalog/banner/jieya-banner.jpg', 0),
	(1066, 66, 'catalog/banner/yibao+-2.jpg', 0),
	(1067, 69, '/catalog/alza2018-banner.jpg', 0),
	(1068, 84, '/catalog/alzxylbanner07.jpg', 0),
	(1069, 84, '/catalog/alzxgdylbanner2.jpg', 25),
	(1080, 55, '/catalog/huataitairwuyoubanner.jpg', 0),
	(1081, 55, '/catalog///banner/华泰/baiwanyiliao.jpg', 25),
	(1082, 63, '', 0),
	(1101, 77, '/catalog/tbydywxBANNER04.jpg', 0),
	(1115, 81, '/catalog/alzayl2018banner07.jpg', 0),
	(1116, 81, '/catalog/alzabwylbanner2.jpg', 25),
	(1120, 86, '/catalog/yaljys20180627191902.jpg', 0),
	(1129, 89, '/catalog/yongankjysbanner01.png', 1),
	(1130, 89, '/catalog/yakangjianyishengbanner01.png', 25),
	(1131, 51, '/catalog/allxrsbanner07.jpg', 0),
	(1132, 51, '/catalog/allxrsBANNER005.png', 25);
/*!40000 ALTER TABLE `product_image` ENABLE KEYS */;

-- 导出  表 cms.product_option_group 结构
CREATE TABLE IF NOT EXISTS `product_option_group` (
  `product_option_group_id` int(11) NOT NULL AUTO_INCREMENT,
  `product_id` int(11) NOT NULL,
  `language_id` int(11) DEFAULT NULL,
  `type` varchar(32) NOT NULL COMMENT '类型',
  `name` varchar(128) DEFAULT NULL COMMENT '名称',
  `required` tinyint(1) NOT NULL COMMENT '是否必填',
  `for_price` tinyint(1) NOT NULL DEFAULT '0' COMMENT '是否影响价格',
  `is_show` tinyint(1) NOT NULL DEFAULT '0' COMMENT '是否页面显示',
  `mini_show` tinyint(1) DEFAULT '0' COMMENT '是否显示给用户',
  `sort_order` int(3) DEFAULT NULL COMMENT '排序',
  PRIMARY KEY (`product_option_group_id`)
) ENGINE=InnoDB AUTO_INCREMENT=2579 DEFAULT CHARSET=utf8;

-- 正在导出表  cms.product_option_group 的数据：~47 rows (大约)
/*!40000 ALTER TABLE `product_option_group` DISABLE KEYS */;
INSERT INTO `product_option_group` (`product_option_group_id`, `product_id`, `language_id`, `type`, `name`, `required`, `for_price`, `is_show`, `mini_show`, `sort_order`) VALUES
	(2111, 85, 1, 'radio', '12', 1, 1, 1, 0, 1),
	(2112, 85, 1, 'radio', '12', 1, 1, 1, 0, 1),
	(2268, 52, 1, 'radio', '保险计划', 1, 1, 1, 0, 1),
	(2269, 52, 1, 'select', '保险期间', 1, 1, 0, 0, 2),
	(2270, 52, 1, 'date', '保险时间', 1, 0, 0, 0, 3),
	(2291, 88, 1, 'radio', '保险计划', 1, 1, 0, 0, 1),
	(2292, 88, 1, 'select', '保险期间', 1, 1, 0, 0, 2),
	(2293, 88, 1, 'date', '保险时间', 1, 0, 0, 0, 3),
	(2344, 68, 1, 'radio', '保险计划', 1, 1, 0, 0, 1),
	(2345, 68, 1, 'date', '全年保障', 1, 0, 0, 0, 2),
	(2350, 53, 1, 'radio', '保险计划', 1, 1, 0, 0, 1),
	(2351, 53, 1, 'select', '保险期间', 1, 1, 0, 0, 2),
	(2352, 53, 1, 'date', '保险时间', 1, 0, 0, 0, 3),
	(2353, 53, 1, 'select', '承保类型', 1, 1, 0, 0, 4),
	(2416, 80, 1, 'radio', '计划类型', 1, 1, 1, 0, 1),
	(2417, 80, 1, 'date', '保险时间', 1, 0, 0, 0, 2),
	(2437, 76, 1, 'radio', '123', 1, 1, 1, 0, 12),
	(2438, 74, 1, 'select', '保险年龄', 1, 1, 0, 0, 2),
	(2439, 74, 1, 'date', '全年保障', 1, 0, 0, 0, 3),
	(2444, 69, 1, 'radio', '保险计划', 1, 1, 0, 0, 1),
	(2445, 69, 1, 'select', '保险年龄', 1, 1, 0, 0, 1),
	(2446, 69, 1, 'radio', '社保情况', 1, 1, 0, 0, 2),
	(2447, 69, 1, 'date', '全年保障', 1, 0, 0, 0, 2),
	(2448, 84, 1, 'radio', '保险计划', 1, 1, 0, 0, 123),
	(2449, 84, 1, 'select', '保险年龄', 1, 1, 0, 0, 123),
	(2450, 84, 1, 'radio', '社保情况', 1, 1, 0, 0, 11),
	(2451, 84, 1, 'radio', '性别', 1, 1, 0, 0, 12),
	(2452, 84, 1, 'date', '全年保障', 1, 0, 0, 0, 13),
	(2473, 55, 1, 'select', '保险年龄', 1, 1, 0, 0, 0),
	(2474, 55, 1, 'radio', '社保情况', 1, 1, 0, 0, 1),
	(2475, 55, 1, 'date', '全年保障', 1, 0, 0, 0, 1),
	(2476, 55, 1, 'radio', '计划', 0, 0, 1, 0, 0),
	(2519, 77, 1, 'radio', '', 1, 1, 1, 0, 1),
	(2546, 81, 1, 'radio', '保险计划', 1, 1, 0, 0, 1),
	(2547, 81, 1, 'select', '保险年龄', 1, 1, 0, 0, 1),
	(2548, 81, 1, 'radio', '社保情况', 1, 1, 0, 0, 2),
	(2549, 81, 1, 'date', '全年保障', 1, 0, 0, 0, 2),
	(2557, 86, 1, 'radio', '保障计划', 1, 1, 0, 0, 1),
	(2558, 86, 1, 'select', '保险年龄', 1, 1, 0, 0, 1),
	(2559, 86, 1, 'radio', '有无门诊', 1, 1, 1, 0, 1),
	(2560, 86, 1, 'date', '全年保障', 1, 0, 0, 0, 1),
	(2573, 89, 1, 'radio', '保障计划', 1, 1, 0, 0, 1),
	(2574, 89, 1, 'select', '保险年龄', 1, 1, 0, 0, 1),
	(2575, 89, 1, 'radio', '社保情况', 1, 1, 0, 0, 1),
	(2576, 51, 1, 'radio', '保险计划', 1, 1, 1, 0, 1),
	(2577, 51, 1, 'select', '保险年龄', 1, 1, 0, 0, 2),
	(2578, 51, 1, 'date', '全年保障', 1, 0, 0, 0, 3);
/*!40000 ALTER TABLE `product_option_group` ENABLE KEYS */;

-- 导出  表 cms.product_option_group_value 结构
CREATE TABLE IF NOT EXISTS `product_option_group_value` (
  `product_option_group_value_id` int(11) NOT NULL AUTO_INCREMENT COMMENT '属性组的值ID',
  `product_id` int(11) NOT NULL COMMENT '产品ID',
  `product_option_group_id` int(11) NOT NULL COMMENT '属性组id',
  `value` varchar(128) CHARACTER SET utf8 COLLATE utf8_bin NOT NULL COMMENT '属性组值',
  `key` varchar(128) CHARACTER SET utf8 COLLATE utf8_bin DEFAULT NULL COMMENT '属性组值对应的扩展字段',
  `image` text CHARACTER SET utf8 COLLATE utf8_bin COMMENT '图片',
  `description` text CHARACTER SET utf8 COLLATE utf8_bin COMMENT '产品不同选项差异性描述',
  PRIMARY KEY (`product_option_group_value_id`)
) ENGINE=InnoDB AUTO_INCREMENT=13395 DEFAULT CHARSET=utf8 COLLATE=utf8_bin;

-- 正在导出表  cms.product_option_group_value 的数据：~272 rows (大约)
/*!40000 ALTER TABLE `product_option_group_value` DISABLE KEYS */;
INSERT INTO `product_option_group_value` (`product_option_group_value_id`, `product_id`, `product_option_group_id`, `value`, `key`, `image`, `description`) VALUES
	(10783, 85, 2111, '121', '', '/catalog/ygibst.jpg', ''),
	(10784, 85, 2111, '121', '', '/catalog/ygibst.jpg', ''),
	(10785, 85, 2112, '1', '', '/catalog/ygibst.jpg', ''),
	(10786, 85, 2112, '1', '', '/catalog/ygibst.jpg', ''),
	(11527, 52, 2268, '玛瑙计划', '', '/catalog/sgzwzt.jpg', '[{          &quot;key&quot;: &quot;意外身故及伤残&quot;,          &quot;val&quot;: &quot;30万元&quot;        },        {          &quot;key&quot;: &quot;自驾车意外身故及伤残&quot;,          &quot;val&quot;: &quot;5万元&quot;        },        {          &quot;key&quot;: &quot;医疗费用（含门诊和住院）&quot;,          &quot;val&quot;: &quot;30万元&quot;        },        {          &quot;key&quot;: &quot;紧急医疗运送和送返&quot;,          &quot;val&quot;: &quot;40万元&quot;        },        {          &quot;key&quot;: &quot;身故遗体运返&quot;,          &quot;val&quot;: &quot;20万元&quot;        },        {          &quot;key&quot;: &quot;申根签证拒签保障&quot;,          &quot;val&quot;: &quot;500元&quot;        },        {          &quot;key&quot;: &quot;个人及宠物责任&quot;,          &quot;val&quot;: &quot;20万元&quot;        },        {          &quot;key&quot;: &quot;个人钱财损失&quot;,          &quot;val&quot;: &quot;1000元&quot;        },        {          &quot;key&quot;: &quot;未成年子女旅行送返费用&quot;,          &quot;val&quot;: &quot;5000元&quot;        },        {          &quot;key&quot;: &quot;旅行变更&quot;,          &quot;val&quot;: &quot;2000元&quot;        },        {          &quot;key&quot;: &quot;旅行延误&quot;,          &quot;val&quot;: &quot;600元&quot;        },        {          &quot;key&quot;: &quot;行李延误&quot;,          &quot;val&quot;: &quot;1000元&quot;        },        {          &quot;key&quot;: &quot;绑架及非法拘禁每日津贴&quot;,          &quot;val&quot;: &quot;300元&quot;        },        {          &quot;key&quot;: &quot;旅行证件损失&quot;,          &quot;val&quot;: &quot;5000元&quot;        },        {          &quot;key&quot;: &quot;个人随身物品&quot;,          &quot;val&quot;: &quot;1000元&quot;        },        {          &quot;key&quot;: &quot;银行卡盗刷&quot;,          &quot;val&quot;: &quot;3000元&quot;        },        {          &quot;key&quot;: &quot;猝死保障&quot;,          &quot;val&quot;: &quot;/&quot;        },        {          &quot;key&quot;: &quot;公共交通意外身故及伤残&quot;,          &quot;val&quot;: &quot;/&quot;        }      ]'),
	(11528, 52, 2268, '珍珠计划', '', '/catalog/sgzwzt.jpg', '[{          &quot;key&quot;: &quot;意外身故及伤残&quot;,          &quot;val&quot;: &quot;50万元&quot;        },        {          &quot;key&quot;: &quot;自驾车意外身故及伤残&quot;,          &quot;val&quot;: &quot;5万元&quot;        },        {          &quot;key&quot;: &quot;医疗费用（含门诊和住院）&quot;,          &quot;val&quot;: &quot;30万元&quot;        },        {          &quot;key&quot;: &quot;紧急医疗运送和送返&quot;,          &quot;val&quot;: &quot;50万元&quot;        },        {          &quot;key&quot;: &quot;身故遗体运返&quot;,          &quot;val&quot;: &quot;30万元&quot;        },        {          &quot;key&quot;: &quot;申根签证拒签保障&quot;,          &quot;val&quot;: &quot;500元&quot;        },        {          &quot;key&quot;: &quot;个人及宠物责任&quot;,          &quot;val&quot;: &quot;30万元&quot;        },        {          &quot;key&quot;: &quot;个人钱财损失&quot;,          &quot;val&quot;: &quot;1000元&quot;        },        {          &quot;key&quot;: &quot;未成年子女旅行送返费用&quot;,          &quot;val&quot;: &quot;5000元&quot;        },        {          &quot;key&quot;: &quot;旅行变更&quot;,          &quot;val&quot;: &quot;5000元&quot;        },        {          &quot;key&quot;: &quot;旅行延误&quot;,          &quot;val&quot;: &quot;600元&quot;        },        {          &quot;key&quot;: &quot;行李延误&quot;,          &quot;val&quot;: &quot;1000元&quot;        },        {          &quot;key&quot;: &quot;绑架及非法拘禁每日津贴&quot;,          &quot;val&quot;: &quot;300元&quot;        },        {          &quot;key&quot;: &quot;旅行证件损失&quot;,          &quot;val&quot;: &quot;5000元&quot;        },        {          &quot;key&quot;: &quot;个人随身物品&quot;,          &quot;val&quot;: &quot;3000元&quot;        },        {          &quot;key&quot;: &quot;银行卡盗刷&quot;,          &quot;val&quot;: &quot;3000元&quot;        },        {          &quot;key&quot;: &quot;猝死保障&quot;,          &quot;val&quot;: &quot;5万元&quot;        },        {          &quot;key&quot;: &quot;公共交通意外身故及伤残&quot;,          &quot;val&quot;: &quot;50万元&quot;        }      ]'),
	(11529, 52, 2268, '钻石计划', '', '/catalog/sgzwzt.jpg', '[{          &quot;key&quot;: &quot;意外身故及伤残&quot;,          &quot;val&quot;: &quot;60万元&quot;        },        {          &quot;key&quot;: &quot;自驾车意外身故及伤残&quot;,          &quot;val&quot;: &quot;10万元&quot;        },        {          &quot;key&quot;: &quot;医疗费用（含门诊和住院）&quot;,          &quot;val&quot;: &quot;40万元&quot;        },        {          &quot;key&quot;: &quot;紧急医疗运送和送返&quot;,          &quot;val&quot;: &quot;100万元&quot;        },        {          &quot;key&quot;: &quot;身故遗体运返&quot;,          &quot;val&quot;: &quot;100万元&quot;        },        {          &quot;key&quot;: &quot;申根签证拒签保障&quot;,          &quot;val&quot;: &quot;500元&quot;        },        {          &quot;key&quot;: &quot;个人及宠物责任&quot;,          &quot;val&quot;: &quot;60万元&quot;        },        {          &quot;key&quot;: &quot;个人钱财损失&quot;,          &quot;val&quot;: &quot;2000元&quot;        },        {          &quot;key&quot;: &quot;未成年子女旅行送返费用&quot;,          &quot;val&quot;: &quot;5000元&quot;        },        {          &quot;key&quot;: &quot;旅行变更&quot;,          &quot;val&quot;: &quot;5000元&quot;        },        {          &quot;key&quot;: &quot;旅行延误&quot;,          &quot;val&quot;: &quot;900元&quot;        },        {          &quot;key&quot;: &quot;行李延误&quot;,          &quot;val&quot;: &quot;1500元&quot;        },        {          &quot;key&quot;: &quot;绑架及非法拘禁每日津贴&quot;,          &quot;val&quot;: &quot;300元&quot;        },        {          &quot;key&quot;: &quot;旅行证件损失&quot;,          &quot;val&quot;: &quot;1万元&quot;        },        {          &quot;key&quot;: &quot;个人随身物品&quot;,          &quot;val&quot;: &quot;5000元&quot;        },        {          &quot;key&quot;: &quot;银行卡盗刷&quot;,          &quot;val&quot;: &quot;5000元&quot;        },        {          &quot;key&quot;: &quot;猝死保障&quot;,          &quot;val&quot;: &quot;5万元&quot;        },        {          &quot;key&quot;: &quot;公共交通意外身故及伤残&quot;,          &quot;val&quot;: &quot;60万元&quot;        }      ]'),
	(11530, 52, 2269, '1-7天', '', '/catalog/sgzwzt.jpg', ''),
	(11531, 52, 2269, '8-10天', '', '/catalog/sgzwzt.jpg', ''),
	(11532, 52, 2269, '11-15天', '', '/catalog/sgzwzt.jpg', ''),
	(11533, 52, 2269, '16-18天', '', '/catalog/sgzwzt.jpg', ''),
	(11534, 52, 2269, '19-24天', '', '/catalog/sgzwzt.jpg', ''),
	(11535, 52, 2269, '25-30天', '', '/catalog/sgzwzt.jpg', ''),
	(11536, 52, 2269, '31-45天', '', '/catalog/sgzwzt.jpg', ''),
	(11537, 52, 2269, '46-60天', '', '/catalog/sgzwzt.jpg', ''),
	(11538, 52, 2269, '61-90天', '', '/catalog/sgzwzt.jpg', ''),
	(11539, 52, 2269, '91-180天', '', '/catalog/sgzwzt.jpg', ''),
	(11540, 52, 2269, '全年保障(每次旅行最长天数183天)', '', '/catalog/sgzwzt.jpg', ''),
	(11541, 52, 2270, '保单生效日期', '', '/catalog/sgzwzt.jpg', ''),
	(11542, 52, 2270, '保单结束日期', '', '/catalog/sgzwzt.jpg', ''),
	(11693, 88, 2291, '全面计划', '', '/catalog/anqmoy.jpg', ' [{           &quot;key&quot;: &quot;意外身故及伤残&quot;,           &quot;val&quot;: &quot;30万元&quot;         },         {           &quot;key&quot;: &quot;公共交通意外身故及伤残&quot;,           &quot;val&quot;: &quot;30万元&quot;         },         {           &quot;key&quot;: &quot;医疗费用（含门诊和住院）&quot;,           &quot;val&quot;: &quot;30万元&quot;         },         {           &quot;key&quot;: &quot;自驾车意外身故及伤残&quot;,           &quot;val&quot;: &quot;5万元&quot;         },         {           &quot;key&quot;: &quot;紧急医疗运送和送返&quot;,           &quot;val&quot;: &quot;100万元&quot;         },         {           &quot;key&quot;: &quot;身故遗体运返（丧葬费用以2万元为限）&quot;,           &quot;val&quot;: &quot;100万元&quot;         },         {           &quot;key&quot;: &quot;亲友慰问探访费用&quot;,           &quot;val&quot;: &quot;1万元&quot;         },         {           &quot;key&quot;: &quot;旅行延误（每满5小时300元）&quot;,           &quot;val&quot;: &quot;600元&quot;         },         {           &quot;key&quot;: &quot;行李延误（每满6小时500元）&quot;,           &quot;val&quot;: &quot;1000元&quot;         },         {           &quot;key&quot;: &quot;旅行变更&quot;,           &quot;val&quot;: &quot;3000元&quot;         },         {           &quot;key&quot;: &quot;个人行李及随手物品（每件限额1000元）&quot;,           &quot;val&quot;: &quot;5000元&quot;         },         {           &quot;key&quot;: &quot;旅行证件损失&quot;,           &quot;val&quot;: &quot;5000元&quot;         },         {           &quot;key&quot;: &quot;个人钱财损失&quot;,           &quot;val&quot;: &quot;3000元&quot;         },         {           &quot;key&quot;: &quot;银行卡盗刷&quot;,           &quot;val&quot;: &quot;1万元&quot;         },         {           &quot;key&quot;: &quot;ATM提款抢劫&quot;,           &quot;val&quot;: &quot;3000元&quot;         },         {           &quot;key&quot;: &quot;商业活动门票损失&quot;,           &quot;val&quot;: &quot;1000元&quot;         },         {           &quot;key&quot;: &quot;绑架及非法拘禁每日津贴（30日为限）&quot;,           &quot;val&quot;: &quot;500元&quot;         },         {           &quot;key&quot;: &quot;传染病强制隔离每日津贴（30日为限）&quot;,           &quot;val&quot;: &quot;200元&quot;         },         {           &quot;key&quot;: &quot;签证拒签保障&quot;,           &quot;val&quot;: &quot;500元&quot;         },         {           &quot;key&quot;: &quot;个人及宠物责任&quot;,           &quot;val&quot;: &quot;30万元&quot;         }       ]'),
	(11694, 88, 2291, '尊贵计划', '', '/catalog/anqmoy.jpg', '[{           &quot;key&quot;: &quot;意外身故及伤残&quot;,           &quot;val&quot;: &quot;50万元&quot;         },         {           &quot;key&quot;: &quot;公共交通意外身故及伤残&quot;,           &quot;val&quot;: &quot;50万元&quot;         },         {           &quot;key&quot;: &quot;医疗费用（含门诊和住院）&quot;,           &quot;val&quot;: &quot;50万元&quot;         },         {           &quot;key&quot;: &quot;自驾车意外身故及伤残&quot;,           &quot;val&quot;: &quot;5万元&quot;         },         {           &quot;key&quot;: &quot;紧急医疗运送和送返&quot;,           &quot;val&quot;: &quot;200万元&quot;         },         {           &quot;key&quot;: &quot;身故遗体运返（丧葬费用以2万元为限）&quot;,           &quot;val&quot;: &quot;200万元&quot;         },         {           &quot;key&quot;: &quot;亲友慰问探访费用&quot;,           &quot;val&quot;: &quot;1.5万元&quot;         },         {           &quot;key&quot;: &quot;旅行延误（每满5小时300元）&quot;,           &quot;val&quot;: &quot;900元&quot;         },         {           &quot;key&quot;: &quot;行李延误（每满6小时500元）&quot;,           &quot;val&quot;: &quot;1500元&quot;         },         {           &quot;key&quot;: &quot;旅行变更&quot;,           &quot;val&quot;: &quot;6000元&quot;         },         {           &quot;key&quot;: &quot;个人行李及随手物品（每件限额1000元）&quot;,           &quot;val&quot;: &quot;1万元&quot;         },         {           &quot;key&quot;: &quot;旅行证件损失&quot;,           &quot;val&quot;: &quot;8000元&quot;         },         {           &quot;key&quot;: &quot;个人钱财损失&quot;,           &quot;val&quot;: &quot;5000元&quot;         },         {           &quot;key&quot;: &quot;银行卡盗刷&quot;,           &quot;val&quot;: &quot;1.5万元&quot;         },         {           &quot;key&quot;: &quot;ATM提款抢劫&quot;,           &quot;val&quot;: &quot;5000元&quot;         },         {           &quot;key&quot;: &quot;商业活动门票损失&quot;,           &quot;val&quot;: &quot;2000元&quot;         },         {           &quot;key&quot;: &quot;绑架及非法拘禁每日津贴（30日为限）&quot;,           &quot;val&quot;: &quot;500元&quot;         },         {           &quot;key&quot;: &quot;传染病强制隔离每日津贴（30日为限）&quot;,           &quot;val&quot;: &quot;200元&quot;         },         {           &quot;key&quot;: &quot;签证拒签保障&quot;,           &quot;val&quot;: &quot;800元&quot;         },         {           &quot;key&quot;: &quot;个人及宠物责任&quot;,           &quot;val&quot;: &quot;50万元&quot;         }       ]'),
	(11695, 88, 2292, '1-7天', '', '/catalog/anqmoy.jpg', ''),
	(11696, 88, 2292, '8-10天', '', '/catalog/anqmoy.jpg', ''),
	(11697, 88, 2292, '11-14天', '', '/catalog/anqmoy.jpg', ''),
	(11698, 88, 2292, '15-17天', '', '/catalog/anqmoy.jpg', ''),
	(11699, 88, 2292, '18-21天', '', '/catalog/anqmoy.jpg', ''),
	(11700, 88, 2292, '22-30天', '', '/catalog/anqmoy.jpg', ''),
	(11701, 88, 2293, '保单生效日期', '', '/catalog/anqmoy.jpg', ''),
	(11702, 88, 2293, '保单结束日期', '', '/catalog/anqmoy.jpg', ''),
	(11953, 68, 2344, '经济版', '', '/catalog/etywzt.jpg', '[{          &quot;key&quot;: &quot;意外身故及伤残&quot;,          &quot;val&quot;: &quot;5万元&quot;        },        {          &quot;key&quot;: &quot;意外医疗&quot;,          &quot;val&quot;: &quot;2000元&quot;        }      ]'),
	(11954, 68, 2344, '增强版', '', '/catalog/etywzt.jpg', '[{          &quot;key&quot;: &quot;意外身故及伤残&quot;,          &quot;val&quot;: &quot;10万元&quot;        },        {          &quot;key&quot;: &quot;意外医疗&quot;,          &quot;val&quot;: &quot;5000元&quot;        }      ]'),
	(11955, 68, 2344, '实惠版', '', '/catalog/etywzt.jpg', '[{          &quot;key&quot;: &quot;意外身故及伤残&quot;,          &quot;val&quot;: &quot;15万元&quot;        },        {          &quot;key&quot;: &quot;意外医疗&quot;,          &quot;val&quot;: &quot;8000元&quot;        }      ]'),
	(11956, 68, 2344, '标准版', '', '/catalog/etywzt.jpg', ' [{          &quot;key&quot;: &quot;意外身故及伤残&quot;,          &quot;val&quot;: &quot;20万元&quot;        },        {          &quot;key&quot;: &quot;意外医疗&quot;,          &quot;val&quot;: &quot;1万元&quot;        }      ]'),
	(11957, 68, 2344, '至尊版', '', '/catalog/etywzt.jpg', '[{          &quot;key&quot;: &quot;意外身故及伤残&quot;,          &quot;val&quot;: &quot;50万元&quot;        },        {          &quot;key&quot;: &quot;意外医疗&quot;,          &quot;val&quot;: &quot;2万元&quot;        }      ]'),
	(11958, 68, 2345, '保单生效日期', '', '/catalog/etywzt.jpg', ''),
	(11959, 68, 2345, '保单结束日期', '', '/catalog/etywzt.jpg', ''),
	(11979, 53, 2350, '郑和计划', '', '/catalog/hyshzt.jpg', '[{          &quot;key&quot;: &quot;意外身故及伤残&quot;,          &quot;val&quot;: &quot;20万元&quot;        },        {          &quot;key&quot;: &quot;医疗费用（含门诊和住院）&quot;,          &quot;val&quot;: &quot;5万元&quot;        },        {          &quot;key&quot;: &quot;每日住院津贴&quot;,          &quot;val&quot;: &quot;100元/天&quot;        },        {          &quot;key&quot;: &quot;绑架及非法拘禁每日津贴&quot;,          &quot;val&quot;: &quot;400元/天&quot;        },        {          &quot;key&quot;: &quot;紧急医疗运送和送返&quot;,          &quot;val&quot;: &quot;40万元&quot;        },        {          &quot;key&quot;: &quot;身故遗体运返&quot;,          &quot;val&quot;: &quot;8万元&quot;        },        {          &quot;key&quot;: &quot;亲友慰问探访费用&quot;,          &quot;val&quot;: &quot;5000元&quot;        },        {          &quot;key&quot;: &quot;未成年人逾期停留费用&quot;,          &quot;val&quot;: &quot;2000元&quot;        },        {          &quot;key&quot;: &quot;旅行变更&quot;,          &quot;val&quot;: &quot;3000元&quot;        },        {          &quot;key&quot;: &quot;旅行延误&quot;,          &quot;val&quot;: &quot;600元&quot;        },        {          &quot;key&quot;: &quot;行李延误&quot;,          &quot;val&quot;: &quot;1000元&quot;        },        {          &quot;key&quot;: &quot;旅行证件损失&quot;,          &quot;val&quot;: &quot;4000元&quot;        },        {          &quot;key&quot;: &quot;个人随身物品&quot;,          &quot;val&quot;: &quot;3000元&quot;        },        {          &quot;key&quot;: &quot;银行卡盗刷&quot;,          &quot;val&quot;: &quot;5000元&quot;        },        {          &quot;key&quot;: &quot;个人及宠物责任&quot;,          &quot;val&quot;: &quot;10万元&quot;        },        {          &quot;key&quot;: &quot;公共交通意外伤害&quot;,          &quot;val&quot;: &quot;/&quot;        },        {          &quot;key&quot;: &quot;传染病隔离每日津贴&quot;,          &quot;val&quot;: &quot;/&quot;        },        {          &quot;key&quot;: &quot;个人钱财损失&quot;,          &quot;val&quot;: &quot;/&quot;        },        {          &quot;key&quot;: &quot;旅行期间家居保障&quot;,          &quot;val&quot;: &quot;/&quot;        },        {          &quot;key&quot;: &quot;自驾车意外伤害&quot;,          &quot;val&quot;: &quot;/&quot;        },        {          &quot;key&quot;: &quot;猝死保障&quot;,          &quot;val&quot;: &quot;/&quot;        },        {          &quot;key&quot;: &quot;未成年人送返费用&quot;,          &quot;val&quot;: &quot;/&quot;        },        {          &quot;key&quot;: &quot;申根签证拒签保障&quot;,          &quot;val&quot;: &quot;/&quot;        },        {          &quot;key&quot;: &quot;身故遗体运返&quot;,          &quot;val&quot;: &quot;/&quot;        }      ]'),
	(11980, 53, 2350, '哥伦布计划', '', '/catalog/hyshzt.jpg', '[{          &quot;key&quot;: &quot;意外身故及伤残&quot;,          &quot;val&quot;: &quot;30万元&quot;        },        {          &quot;key&quot;: &quot;医疗费用（含门诊和住院）&quot;,          &quot;val&quot;: &quot;20万元&quot;        },        {          &quot;key&quot;: &quot;每日住院津贴&quot;,          &quot;val&quot;: &quot;100元/天&quot;        },        {          &quot;key&quot;: &quot;绑架及非法拘禁每日津贴&quot;,          &quot;val&quot;: &quot;400元/天&quot;        },        {          &quot;key&quot;: &quot;紧急医疗运送和送返&quot;,          &quot;val&quot;: &quot;60万元&quot;        },        {          &quot;key&quot;: &quot;身故遗体运返&quot;,          &quot;val&quot;: &quot;20万元&quot;        },        {          &quot;key&quot;: &quot;亲友慰问探访费用&quot;,          &quot;val&quot;: &quot;8000元&quot;        },        {          &quot;key&quot;: &quot;未成年人逾期停留费用&quot;,          &quot;val&quot;: &quot;5000元&quot;        },        {          &quot;key&quot;: &quot;旅行变更&quot;,          &quot;val&quot;: &quot;5000元&quot;        },        {          &quot;key&quot;: &quot;旅行延误&quot;,          &quot;val&quot;: &quot;900元&quot;        },        {          &quot;key&quot;: &quot;行李延误&quot;,          &quot;val&quot;: &quot;1500元&quot;        },        {          &quot;key&quot;: &quot;旅行证件损失&quot;,          &quot;val&quot;: &quot;8000元&quot;        },        {          &quot;key&quot;: &quot;个人随身物品&quot;,          &quot;val&quot;: &quot;3000元&quot;        },        {          &quot;key&quot;: &quot;银行卡盗刷&quot;,          &quot;val&quot;: &quot;1万元&quot;        },        {          &quot;key&quot;: &quot;个人及宠物责任&quot;,          &quot;val&quot;: &quot;50万元&quot;        },        {          &quot;key&quot;: &quot;公共交通意外伤害&quot;,          &quot;val&quot;: &quot;30万元&quot;        },        {          &quot;key&quot;: &quot;传染病隔离每日津贴&quot;,          &quot;val&quot;: &quot;100元/天&quot;        },        {          &quot;key&quot;: &quot;个人钱财损失&quot;,          &quot;val&quot;: &quot;1500元&quot;        },        {          &quot;key&quot;: &quot;旅行期间家居保障&quot;,          &quot;val&quot;: &quot;3000元&quot;        },        {          &quot;key&quot;: &quot;自驾车意外伤害&quot;,          &quot;val&quot;: &quot;/&quot;        },        {          &quot;key&quot;: &quot;猝死保障&quot;,          &quot;val&quot;: &quot;/&quot;        },        {          &quot;key&quot;: &quot;未成年人送返费用&quot;,          &quot;val&quot;: &quot;/&quot;        },        {          &quot;key&quot;: &quot;申根签证拒签保障&quot;,          &quot;val&quot;: &quot;/&quot;        },        {          &quot;key&quot;: &quot;身故遗体运返&quot;,          &quot;val&quot;: &quot;/&quot;        }      ]'),
	(11981, 53, 2350, '马哥波罗计划', '', '/catalog/hyshzt.jpg', '[{          &quot;key&quot;: &quot;意外身故及伤残&quot;,          &quot;val&quot;: &quot;60万元&quot;        },        {          &quot;key&quot;: &quot;医疗费用（含门诊和住院）&quot;,          &quot;val&quot;: &quot;40万元&quot;        },        {          &quot;key&quot;: &quot;每日住院津贴&quot;,          &quot;val&quot;: &quot;100元/天&quot;        },        {          &quot;key&quot;: &quot;绑架及非法拘禁每日津贴&quot;,          &quot;val&quot;: &quot;500元/天&quot;        },        {          &quot;key&quot;: &quot;紧急医疗运送和送返&quot;,          &quot;val&quot;: &quot;100万元&quot;        },        {          &quot;key&quot;: &quot;身故遗体运返&quot;,          &quot;val&quot;: &quot;100万元&quot;        },        {          &quot;key&quot;: &quot;亲友慰问探访费用&quot;,          &quot;val&quot;: &quot;8000元&quot;        },        {          &quot;key&quot;: &quot;未成年人逾期停留费用&quot;,          &quot;val&quot;: &quot;5000元&quot;        },        {          &quot;key&quot;: &quot;旅行变更&quot;,          &quot;val&quot;: &quot;1.5万元&quot;        },        {          &quot;key&quot;: &quot;旅行延误&quot;,          &quot;val&quot;: &quot;1800元&quot;        },        {          &quot;key&quot;: &quot;行李延误&quot;,          &quot;val&quot;: &quot;2000元&quot;        },        {          &quot;key&quot;: &quot;旅行证件损失&quot;,          &quot;val&quot;: &quot;1万元&quot;        },        {          &quot;key&quot;: &quot;个人随身物品&quot;,          &quot;val&quot;: &quot;1万元&quot;        },        {          &quot;key&quot;: &quot;银行卡盗刷&quot;,          &quot;val&quot;: &quot;1.5万元&quot;        },        {          &quot;key&quot;: &quot;个人及宠物责任&quot;,          &quot;val&quot;: &quot;100万元&quot;        },        {          &quot;key&quot;: &quot;公共交通意外伤害&quot;,          &quot;val&quot;: &quot;60万元&quot;        },        {          &quot;key&quot;: &quot;传染病隔离每日津贴&quot;,          &quot;val&quot;: &quot;200元/天&quot;        },        {          &quot;key&quot;: &quot;个人钱财损失&quot;,          &quot;val&quot;: &quot;2000元&quot;        },        {          &quot;key&quot;: &quot;旅行期间家居保障&quot;,          &quot;val&quot;: &quot;5000元&quot;        },        {          &quot;key&quot;: &quot;自驾车意外伤害&quot;,          &quot;val&quot;: &quot;10万元&quot;        },        {          &quot;key&quot;: &quot;猝死保障&quot;,          &quot;val&quot;: &quot;5万元&quot;        },        {          &quot;key&quot;: &quot;未成年人送返费用&quot;,          &quot;val&quot;: &quot;5000元&quot;        },        {          &quot;key&quot;: &quot;申根签证拒签保障&quot;,          &quot;val&quot;: &quot;500元&quot;        },        {          &quot;key&quot;: &quot;身故遗体运返&quot;,          &quot;val&quot;: &quot;100万元&quot;        }      ]'),
	(11982, 53, 2350, '麦哲伦计划', '', '/catalog/hyshzt.jpg', '[{          &quot;key&quot;: &quot;意外身故及伤残&quot;,          &quot;val&quot;: &quot;100万元&quot;        },        {          &quot;key&quot;: &quot;医疗费用（含门诊和住院）&quot;,          &quot;val&quot;: &quot;50万元&quot;        },        {          &quot;key&quot;: &quot;每日住院津贴&quot;,          &quot;val&quot;: &quot;200元/天&quot;        },        {          &quot;key&quot;: &quot;绑架及非法拘禁每日津贴&quot;,          &quot;val&quot;: &quot;500元/天&quot;        },        {          &quot;key&quot;: &quot;紧急医疗运送和送返&quot;,          &quot;val&quot;: &quot;200万元&quot;        },        {          &quot;key&quot;: &quot;身故遗体运返&quot;,          &quot;val&quot;: &quot;200万元&quot;        },        {          &quot;key&quot;: &quot;亲友慰问探访费用&quot;,          &quot;val&quot;: &quot;2万元&quot;        },        {          &quot;key&quot;: &quot;未成年人逾期停留费用&quot;,          &quot;val&quot;: &quot;5000元&quot;        },        {          &quot;key&quot;: &quot;旅行变更&quot;,          &quot;val&quot;: &quot;1.5万元&quot;        },        {          &quot;key&quot;: &quot;旅行延误&quot;,          &quot;val&quot;: &quot;1800元&quot;        },        {          &quot;key&quot;: &quot;行李延误&quot;,          &quot;val&quot;: &quot;2000元&quot;        },        {          &quot;key&quot;: &quot;旅行证件损失&quot;,          &quot;val&quot;: &quot;2万元&quot;        },        {          &quot;key&quot;: &quot;个人随身物品&quot;,          &quot;val&quot;: &quot;1万元&quot;        },        {          &quot;key&quot;: &quot;银行卡盗刷&quot;,          &quot;val&quot;: &quot;1.5万元&quot;        },        {          &quot;key&quot;: &quot;个人及宠物责任&quot;,          &quot;val&quot;: &quot;100万元&quot;        },        {          &quot;key&quot;: &quot;公共交通意外伤害&quot;,          &quot;val&quot;: &quot;100万元&quot;        },        {          &quot;key&quot;: &quot;传染病隔离每日津贴&quot;,          &quot;val&quot;: &quot;200元/天&quot;        },        {          &quot;key&quot;: &quot;个人钱财损失&quot;,          &quot;val&quot;: &quot;2000元&quot;        },        {          &quot;key&quot;: &quot;旅行期间家居保障&quot;,          &quot;val&quot;: &quot;5000元&quot;        },        {          &quot;key&quot;: &quot;自驾车意外伤害&quot;,          &quot;val&quot;: &quot;10万元&quot;        },        {          &quot;key&quot;: &quot;猝死保障&quot;,          &quot;val&quot;: &quot;5万元&quot;        },        {          &quot;key&quot;: &quot;未成年人送返费用&quot;,          &quot;val&quot;: &quot;5000元&quot;        },        {          &quot;key&quot;: &quot;申根签证拒签保障&quot;,          &quot;val&quot;: &quot;500元&quot;        },        {          &quot;key&quot;: &quot;身故遗体运返&quot;,          &quot;val&quot;: &quot;200万元&quot;        }      ]'),
	(11983, 53, 2351, '1-7天', '', '/catalog/hyshzt.jpg', ''),
	(11984, 53, 2351, '8-10天', '', '/catalog/hyshzt.jpg', ''),
	(11985, 53, 2351, '11-14天', '', '/catalog/hyshzt.jpg', ''),
	(11986, 53, 2351, '15-17天', '', '/catalog/hyshzt.jpg', ''),
	(11987, 53, 2351, '18-21天', '', '/catalog/hyshzt.jpg', ''),
	(11988, 53, 2351, '22-24天', '', '/catalog/hyshzt.jpg', ''),
	(11989, 53, 2351, '25-30天', '', '/catalog/hyshzt.jpg', ''),
	(11990, 53, 2351, '31-60天', '', '/catalog/hyshzt.jpg', ''),
	(11991, 53, 2351, '61-90天', '', '/catalog/hyshzt.jpg', ''),
	(11992, 53, 2351, '91-180天', '', '/catalog/hyshzt.jpg', ''),
	(11993, 53, 2351, '全年保障(每次旅行最长天数183天)', '', '/catalog/hyshzt.jpg', ''),
	(11994, 53, 2352, '保单生效日期', '', '/catalog/hyshzt.jpg', ''),
	(11995, 53, 2352, '保单结束日期', '', '/catalog/hyshzt.jpg', ''),
	(11996, 53, 2353, '成年人', '', '/catalog/hyshzt.jpg', ''),
	(11997, 53, 2353, '未成年人', '', '/catalog/hyshzt.jpg', ''),
	(12318, 80, 2416, '欢乐行A', '', '/catalog/tbjnlxzt.jpg', ''),
	(12319, 80, 2416, '欢乐行B', '', '/catalog/tbjnlxzt.jpg', ''),
	(12320, 80, 2416, '欢乐行C', '', '/catalog/tbjnlxzt.jpg', ''),
	(12321, 80, 2417, '保单生效日期', '', '/catalog/tbjnlxzt.jpg', ''),
	(12322, 80, 2417, '保单结束日期', '', '/catalog/tbjnlxzt.jpg', ''),
	(12519, 76, 2437, '123', '1', '/catalog/htfyyszt.jpg', ''),
	(12520, 74, 2438, '60天-12周岁', '2', '/catalog/xbbzt.jpg', '[{          &quot;key&quot;: &quot;意外身故及伤残&quot;,          &quot;val&quot;: &quot;5万元&quot;        },        {          &quot;key&quot;: &quot;公共交通意外身故及伤残&quot;,          &quot;val&quot;: &quot;5万元&quot;        },        {          &quot;key&quot;: &quot;儿童走失慰问金（适用于60天-6周岁） &quot;,          &quot;val&quot;: &quot;1万&quot;        },        {          &quot;key&quot;: &quot;公共场所个人责任&quot;,          &quot;val&quot;: &quot;5万元&quot;        }      ]'),
	(12521, 74, 2439, '保单生效日期', '', '/catalog/xbbzt.jpg', ''),
	(12522, 74, 2439, '保单结束日期', '', '/catalog/xbbzt.jpg', ''),
	(12539, 69, 2444, '基本计划', '', '/catalog/zaylzt.jpg', '[{          &quot;key&quot;: &quot;一般医疗保险金&quot;,          &quot;val&quot;: &quot;100万元&quot;        },        {          &quot;key&quot;: &quot;100种重大疾病医疗保险金&quot;,          &quot;val&quot;: &quot;100万元&quot;        },        {          &quot;key&quot;: &quot;意外身故及伤残&quot;,          &quot;val&quot;: &quot;1万元&quot;        },        {          &quot;key&quot;: &quot;社保范围&quot;,          &quot;val&quot;: &quot;不限社保&quot;        }      ]'),
	(12540, 69, 2444, '标准计划', '', '/catalog/zaylzt.jpg', '[{          &quot;key&quot;: &quot;一般医疗保险金&quot;,          &quot;val&quot;: &quot;100万元&quot;        },        {          &quot;key&quot;: &quot;100种重大疾病医疗保险金&quot;,          &quot;val&quot;: &quot;100万元&quot;        },        {          &quot;key&quot;: &quot;意外身故及伤残&quot;,          &quot;val&quot;: &quot;10万元&quot;        },        {          &quot;key&quot;: &quot;社保范围&quot;,          &quot;val&quot;: &quot;不限社保&quot;        }      ]'),
	(12541, 69, 2444, '升级计划', '', '/catalog/zaylzt.jpg', '[{          &quot;key&quot;: &quot;一般医疗保险金&quot;,          &quot;val&quot;: &quot;200万元&quot;        },        {          &quot;key&quot;: &quot;100种重大疾病医疗保险金&quot;,          &quot;val&quot;: &quot;200万元&quot;        },        {          &quot;key&quot;: &quot;意外身故及伤残&quot;,          &quot;val&quot;: &quot;20万元&quot;        },        {          &quot;key&quot;: &quot;社保范围&quot;,          &quot;val&quot;: &quot;不限社保&quot;        }      ]'),
	(12542, 69, 2444, '优选计划', '', '/catalog/zaylzt.jpg', '[{          &quot;key&quot;: &quot;一般医疗保险金&quot;,          &quot;val&quot;: &quot;300万元&quot;        },        {          &quot;key&quot;: &quot;100种重大疾病医疗保险金&quot;,          &quot;val&quot;: &quot;300万元&quot;        },        {          &quot;key&quot;: &quot;意外身故及伤残&quot;,          &quot;val&quot;: &quot;20万元&quot;        },        {          &quot;key&quot;: &quot;社保范围&quot;,          &quot;val&quot;: &quot;不限社保&quot;        }      ]'),
	(12543, 69, 2444, '尊贵计划', '', '/catalog/zaylzt.jpg', '[{          &quot;key&quot;: &quot;一般医疗保险金&quot;,          &quot;val&quot;: &quot;300万元&quot;        },        {          &quot;key&quot;: &quot;100种重大疾病医疗保险金&quot;,          &quot;val&quot;: &quot;300万元&quot;        },        {          &quot;key&quot;: &quot;意外身故及伤残&quot;,          &quot;val&quot;: &quot;30万元&quot;        },        {          &quot;key&quot;: &quot;社保范围&quot;,          &quot;val&quot;: &quot;不限社保&quot;        }      ]'),
	(12544, 69, 2444, '卓越计划', '', '/catalog/zaylzt.jpg', '[{          &quot;key&quot;: &quot;一般医疗保险金&quot;,          &quot;val&quot;: &quot;500万元&quot;        },        {          &quot;key&quot;: &quot;100种重大疾病医疗保险金&quot;,          &quot;val&quot;: &quot;500万元&quot;        },        {          &quot;key&quot;: &quot;意外身故及伤残&quot;,          &quot;val&quot;: &quot;50万元&quot;        },        {          &quot;key&quot;: &quot;社保范围&quot;,          &quot;val&quot;: &quot;不限社保&quot;        }      ]'),
	(12545, 69, 2445, '0-5周岁', '21', '/catalog/zaylzt.jpg', ''),
	(12546, 69, 2445, '6-10周岁', '22', '/catalog/zaylzt.jpg', ''),
	(12547, 69, 2445, '11-15周岁', '23', '/catalog/zaylzt.jpg', ''),
	(12548, 69, 2445, '16-20周岁', '24', '/catalog/zaylzt.jpg', ''),
	(12549, 69, 2445, '21-25周岁', '12', '/catalog/zaylzt.jpg', ''),
	(12550, 69, 2445, '26-30周岁', '13', '/catalog/zaylzt.jpg', ''),
	(12551, 69, 2445, '31-35周岁', '14', '/catalog/zaylzt.jpg', ''),
	(12552, 69, 2445, '36-40周岁', '15', '/catalog/zaylzt.jpg', ''),
	(12553, 69, 2445, '41-45周岁', '16', '/catalog/zaylzt.jpg', ''),
	(12554, 69, 2445, '46-50周岁', '17', '/catalog/zaylzt.jpg', ''),
	(12555, 69, 2445, '51-55周岁', '18', '/catalog/zaylzt.jpg', ''),
	(12556, 69, 2445, '56-60周岁', '19', '/catalog/zaylzt.jpg', ''),
	(12557, 69, 2445, '61-65周岁', '20', '/catalog/zaylzt.jpg', ''),
	(12558, 69, 2445, '66-70周岁', '25', '/catalog/zaylzt.jpg', ''),
	(12559, 69, 2445, '71-75周岁', '26', '/catalog/zaylzt.jpg', ''),
	(12560, 69, 2445, '76-80周岁', '27', '/catalog/zaylzt.jpg', ''),
	(12561, 69, 2446, '有社保', '', '/catalog/zaylzt.jpg', ''),
	(12562, 69, 2446, '无社保', '', '/catalog/zaylzt.jpg', ''),
	(12563, 69, 2447, '保单生效日期', '', '/catalog/zaylzt.jpg', ''),
	(12564, 69, 2447, '保单结束日期', '', '/catalog/zaylzt.jpg', ''),
	(12565, 84, 2448, '标准计划', '', '/catalog/alzxyl.jpg', '[{          &quot;key&quot;: &quot;住院医疗保险金&quot;,          &quot;val&quot;: &quot;1600万元&quot;        },        {          &quot;key&quot;: &quot;住院医疗免赔额&quot;,          &quot;val&quot;: &quot;0元&quot;        },        {          &quot;key&quot;: &quot;门急诊医疗保险金&quot;,          &quot;val&quot;: &quot;10万元&quot;        },        {          &quot;key&quot;: &quot;门急诊医疗每次免赔额&quot;,          &quot;val&quot;: &quot;300元&quot;        },        {          &quot;key&quot;: &quot;门诊医疗次数限制&quot;,          &quot;val&quot;: &quot;10次&quot;        },        {          &quot;key&quot;: &quot;公立医院&quot;,          &quot;val&quot;: &quot;100%赔付&quot;        },        {          &quot;key&quot;: &quot;私立医疗机构&quot;,          &quot;val&quot;: &quot;80%赔付&quot;        },        {          &quot;key&quot;: &quot;昂贵医院&quot;,          &quot;val&quot;: &quot;50%赔付&quot;        },        {          &quot;key&quot;: &quot;境外医疗&quot;,          &quot;val&quot;: &quot;第二诊疗意见及境外就医安排&quot;        }      ]'),
	(12566, 84, 2448, '尊贵计划', '', '/catalog/alzxyl.jpg', '[{          &quot;key&quot;: &quot;住院医疗保险金&quot;,          &quot;val&quot;: &quot;1000万元&quot;        },        {          &quot;key&quot;: &quot;住院医疗免赔额&quot;,          &quot;val&quot;: &quot;0元&quot;        },        {          &quot;key&quot;: &quot;门急诊医疗保险金&quot;,          &quot;val&quot;: &quot;100万元&quot;        },        {          &quot;key&quot;: &quot;门急诊医疗每次免赔额&quot;,          &quot;val&quot;: &quot;300元&quot;        },        {          &quot;key&quot;: &quot;门诊医疗次数限制&quot;,          &quot;val&quot;: &quot;0次&quot;        },        {          &quot;key&quot;: &quot;公立医院&quot;,          &quot;val&quot;: &quot;100%赔付&quot;        },        {          &quot;key&quot;: &quot;私立医疗机构&quot;,          &quot;val&quot;: &quot;80%赔付&quot;        },        {          &quot;key&quot;: &quot;昂贵医院&quot;,          &quot;val&quot;: &quot;50%赔付&quot;        },        {          &quot;key&quot;: &quot;境外医疗&quot;,          &quot;val&quot;: &quot;第二诊疗意见及境外就医安排&quot;        }      ]'),
	(12567, 84, 2449, '0', '31', '/catalog/alzxyl.jpg', ''),
	(12568, 84, 2449, '1', '32', '/catalog/alzxyl.jpg', ''),
	(12569, 84, 2449, '2', '33', '/catalog/alzxyl.jpg', ''),
	(12570, 84, 2449, '3', '34', '/catalog/alzxyl.jpg', ''),
	(12571, 84, 2449, '4', '35', '/catalog/alzxyl.jpg', ''),
	(12572, 84, 2449, '5', '36', '/catalog/alzxyl.jpg', ''),
	(12573, 84, 2449, '6', '37', '/catalog/alzxyl.jpg', ''),
	(12574, 84, 2449, '7', '38', '/catalog/alzxyl.jpg', ''),
	(12575, 84, 2449, '8', '39', '/catalog/alzxyl.jpg', ''),
	(12576, 84, 2449, '9', '40', '/catalog/alzxyl.jpg', ''),
	(12577, 84, 2449, '10', '41', '/catalog/alzxyl.jpg', ''),
	(12578, 84, 2449, '11', '42', '/catalog/alzxyl.jpg', ''),
	(12579, 84, 2449, '12', '43', '/catalog/alzxyl.jpg', ''),
	(12580, 84, 2449, '13', '44', '/catalog/alzxyl.jpg', ''),
	(12581, 84, 2449, '14', '45', '/catalog/alzxyl.jpg', ''),
	(12582, 84, 2449, '15', '46', '/catalog/alzxyl.jpg', ''),
	(12583, 84, 2449, '16', '47', '/catalog/alzxyl.jpg', ''),
	(12584, 84, 2449, '17', '48', '/catalog/alzxyl.jpg', ''),
	(12585, 84, 2449, '18', '49', '/catalog/alzxyl.jpg', ''),
	(12586, 84, 2449, '19', '50', '/catalog/alzxyl.jpg', ''),
	(12587, 84, 2449, '20', '51', '/catalog/alzxyl.jpg', ''),
	(12588, 84, 2449, '21', '52', '/catalog/alzxyl.jpg', ''),
	(12589, 84, 2449, '22', '53', '/catalog/alzxyl.jpg', ''),
	(12590, 84, 2449, '23', '54', '/catalog/alzxyl.jpg', ''),
	(12591, 84, 2449, '24', '55', '/catalog/alzxyl.jpg', ''),
	(12592, 84, 2449, '25', '56', '/catalog/alzxyl.jpg', ''),
	(12593, 84, 2449, '26', '57', '/catalog/alzxyl.jpg', ''),
	(12594, 84, 2449, '27', '58', '/catalog/alzxyl.jpg', ''),
	(12595, 84, 2449, '28', '59', '/catalog/alzxyl.jpg', ''),
	(12596, 84, 2449, '29', '60', '/catalog/alzxyl.jpg', ''),
	(12597, 84, 2449, '30', '61', '/catalog/alzxyl.jpg', ''),
	(12598, 84, 2449, '31', '62', '/catalog/alzxyl.jpg', ''),
	(12599, 84, 2449, '32', '63', '/catalog/alzxyl.jpg', ''),
	(12600, 84, 2449, '33', '64', '/catalog/alzxyl.jpg', ''),
	(12601, 84, 2449, '34', '65', '/catalog/alzxyl.jpg', ''),
	(12602, 84, 2449, '35', '66', '/catalog/alzxyl.jpg', ''),
	(12603, 84, 2449, '36', '67', '/catalog/alzxyl.jpg', ''),
	(12604, 84, 2449, '37', '68', '/catalog/alzxyl.jpg', ''),
	(12605, 84, 2449, '38', '69', '/catalog/alzxyl.jpg', ''),
	(12606, 84, 2449, '39', '70', '/catalog/alzxyl.jpg', ''),
	(12607, 84, 2449, '40', '71', '/catalog/alzxyl.jpg', ''),
	(12608, 84, 2449, '41', '72', '/catalog/alzxyl.jpg', ''),
	(12609, 84, 2449, '42', '73', '/catalog/alzxyl.jpg', ''),
	(12610, 84, 2449, '43', '74', '/catalog/alzxyl.jpg', ''),
	(12611, 84, 2449, '44', '75', '/catalog/alzxyl.jpg', ''),
	(12612, 84, 2449, '45', '76', '/catalog/alzxyl.jpg', ''),
	(12613, 84, 2449, '46', '77', '/catalog/alzxyl.jpg', ''),
	(12614, 84, 2449, '47', '78', '/catalog/alzxyl.jpg', ''),
	(12615, 84, 2449, '48', '79', '/catalog/alzxyl.jpg', ''),
	(12616, 84, 2449, '49', '80', '/catalog/alzxyl.jpg', ''),
	(12617, 84, 2449, '50', '81', '/catalog/alzxyl.jpg', ''),
	(12618, 84, 2449, '51', '82', '/catalog/alzxyl.jpg', ''),
	(12619, 84, 2449, '52', '83', '/catalog/alzxyl.jpg', ''),
	(12620, 84, 2449, '53', '84', '/catalog/alzxyl.jpg', ''),
	(12621, 84, 2449, '54', '85', '/catalog/alzxyl.jpg', ''),
	(12622, 84, 2449, '55', '86', '/catalog/alzxyl.jpg', ''),
	(12623, 84, 2449, '56', '87', '/catalog/alzxyl.jpg', ''),
	(12624, 84, 2449, '57', '88', '/catalog/alzxyl.jpg', ''),
	(12625, 84, 2449, '58', '89', '/catalog/alzxyl.jpg', ''),
	(12626, 84, 2449, '59', '90', '/catalog/alzxyl.jpg', ''),
	(12627, 84, 2449, '60', '91', '/catalog/alzxyl.jpg', ''),
	(12628, 84, 2449, '61', '20', '/catalog/alzxyl.jpg', ''),
	(12629, 84, 2449, '62', '20', '/catalog/alzxyl.jpg', ''),
	(12630, 84, 2449, '63', '20', '/catalog/alzxyl.jpg', ''),
	(12631, 84, 2449, '64', '20', '/catalog/alzxyl.jpg', ''),
	(12632, 84, 2449, '65', '20', '/catalog/alzxyl.jpg', ''),
	(12633, 84, 2449, '66', '25', '/catalog/alzxyl.jpg', ''),
	(12634, 84, 2449, '67', '25', '/catalog/alzxyl.jpg', ''),
	(12635, 84, 2449, '68', '25', '/catalog/alzxyl.jpg', ''),
	(12636, 84, 2449, '69', '25', '/catalog/alzxyl.jpg', ''),
	(12637, 84, 2449, '70', '25', '/catalog/alzxyl.jpg', ''),
	(12638, 84, 2449, '71', '26', '/catalog/alzxyl.jpg', ''),
	(12639, 84, 2449, '72', '26', '/catalog/alzxyl.jpg', ''),
	(12640, 84, 2449, '73', '26', '/catalog/alzxyl.jpg', ''),
	(12641, 84, 2449, '74', '26', '/catalog/alzxyl.jpg', ''),
	(12642, 84, 2449, '75', '26', '/catalog/alzxyl.jpg', ''),
	(12643, 84, 2449, '76', '27', '/catalog/alzxyl.jpg', ''),
	(12644, 84, 2449, '77', '27', '/catalog/alzxyl.jpg', ''),
	(12645, 84, 2449, '78', '27', '/catalog/alzxyl.jpg', ''),
	(12646, 84, 2449, '79', '27', '/catalog/alzxyl.jpg', ''),
	(12647, 84, 2449, '80', '27', '/catalog/alzxyl.jpg', ''),
	(12648, 84, 2450, '有社保', '', '/catalog/alzxyl.jpg', ''),
	(12649, 84, 2450, '无社保', '', '/catalog/alzxyl.jpg', ''),
	(12650, 84, 2451, '男', '', '/catalog/alzxyl.jpg', ''),
	(12651, 84, 2451, '女', '', '/catalog/alzxyl.jpg', ''),
	(12652, 84, 2452, '保单生效日期', '', '/catalog/alzxyl.jpg', ''),
	(12653, 84, 2452, '保单结束日期', '', '/catalog/alzxyl.jpg', ''),
	(12734, 55, 2473, '0-4周岁', '', '/catalog/trwuzt.jpg', ''),
	(12735, 55, 2473, '5-10周岁', '', '/catalog/trwuzt.jpg', ''),
	(12736, 55, 2473, '11-15周岁', '', '/catalog/trwuzt.jpg', ''),
	(12737, 55, 2473, '16-20周岁', '', '/catalog/trwuzt.jpg', ''),
	(12738, 55, 2473, '21-25周岁', '', '/catalog/trwuzt.jpg', ''),
	(12739, 55, 2473, '26-30周岁', '', '/catalog/trwuzt.jpg', ''),
	(12740, 55, 2473, '31-35周岁', '', '/catalog/trwuzt.jpg', ''),
	(12741, 55, 2473, '36-40周岁', '', '/catalog/trwuzt.jpg', ''),
	(12742, 55, 2473, '41-45周岁', '', '/catalog/trwuzt.jpg', ''),
	(12743, 55, 2473, '46-50周岁', '', '/catalog/trwuzt.jpg', ''),
	(12744, 55, 2473, '51-55周岁', '', '/catalog/trwuzt.jpg', ''),
	(12745, 55, 2473, '56-60周岁', '', '/catalog/trwuzt.jpg', ''),
	(12746, 55, 2474, '有社保', '', '/catalog/trwuzt.jpg', '[{          &quot;key&quot;: &quot;一般医疗保险金&quot;,          &quot;val&quot;: &quot;300万元&quot;        },        {          &quot;key&quot;: &quot;恶性肿瘤医疗保险金&quot;,          &quot;val&quot;: &quot;300万元&quot;        },        {          &quot;key&quot;: &quot;意外伤害住院津贴&quot;,          &quot;val&quot;: &quot;100元/天&quot;        }      ]'),
	(12747, 55, 2474, '无社保', '', '/catalog/trwuzt.jpg', '[{          &quot;key&quot;: &quot;一般医疗保险金&quot;,          &quot;val&quot;: &quot;300万元&quot;        },        {          &quot;key&quot;: &quot;恶性肿瘤医疗保险金&quot;,          &quot;val&quot;: &quot;300万元&quot;        },        {          &quot;key&quot;: &quot;意外伤害住院津贴&quot;,          &quot;val&quot;: &quot;100元/天&quot;        }      ]'),
	(12748, 55, 2475, '保单生效日期', '', '/catalog/trwuzt.jpg', ''),
	(12749, 55, 2475, '保单结束日期', '', '/catalog/trwuzt.jpg', ''),
	(13020, 77, 2519, '1', '1', '/catalog/tbqmydbzt.jpg', '1'),
	(13189, 81, 2546, '基本计划', '', '/catalog/alzaylstp.jpg', '[{          &quot;key&quot;: &quot;一般医疗保险金&quot;,          &quot;val&quot;: &quot;100万元&quot;        },        {          &quot;key&quot;: &quot;100种重大疾病医疗保险金&quot;,          &quot;val&quot;: &quot;100万元&quot;        },        {          &quot;key&quot;: &quot;意外身故及伤残&quot;,          &quot;val&quot;: &quot;1万元&quot;        },        {          &quot;key&quot;: &quot;社保范围&quot;,          &quot;val&quot;: &quot;不限社保&quot;        }      ]'),
	(13190, 81, 2546, '标准计划', '', '/catalog/alzaylstp.jpg', '[{          &quot;key&quot;: &quot;一般医疗保险金&quot;,          &quot;val&quot;: &quot;100万元&quot;        },        {          &quot;key&quot;: &quot;100种重大疾病医疗保险金&quot;,          &quot;val&quot;: &quot;100万元&quot;        },        {          &quot;key&quot;: &quot;意外身故及伤残&quot;,          &quot;val&quot;: &quot;10万元&quot;        },        {          &quot;key&quot;: &quot;社保范围&quot;,          &quot;val&quot;: &quot;不限社保&quot;        }      ]'),
	(13191, 81, 2546, '升级计划', '', '/catalog/alzaylstp.jpg', '[{          &quot;key&quot;: &quot;一般医疗保险金&quot;,          &quot;val&quot;: &quot;200万元&quot;        },        {          &quot;key&quot;: &quot;100种重大疾病医疗保险金&quot;,          &quot;val&quot;: &quot;200万元&quot;        },        {          &quot;key&quot;: &quot;意外身故及伤残&quot;,          &quot;val&quot;: &quot;20万元&quot;        },        {          &quot;key&quot;: &quot;社保范围&quot;,          &quot;val&quot;: &quot;不限社保&quot;        }      ]'),
	(13192, 81, 2546, '优选计划', '', '/catalog/alzaylstp.jpg', '[{          &quot;key&quot;: &quot;一般医疗保险金&quot;,          &quot;val&quot;: &quot;300万元&quot;        },        {          &quot;key&quot;: &quot;100种重大疾病医疗保险金&quot;,          &quot;val&quot;: &quot;300万元&quot;        },        {          &quot;key&quot;: &quot;意外身故及伤残&quot;,          &quot;val&quot;: &quot;10万元&quot;        },        {          &quot;key&quot;: &quot;社保范围&quot;,          &quot;val&quot;: &quot;不限社保&quot;        }      ]'),
	(13193, 81, 2546, '尊贵计划', '', '/catalog/alzaylstp.jpg', '[{          &quot;key&quot;: &quot;一般医疗保险金&quot;,          &quot;val&quot;: &quot;300万元&quot;        },        {          &quot;key&quot;: &quot;100种重大疾病医疗保险金&quot;,          &quot;val&quot;: &quot;300万元&quot;        },        {          &quot;key&quot;: &quot;意外身故及伤残&quot;,          &quot;val&quot;: &quot;30万元&quot;        },        {          &quot;key&quot;: &quot;社保范围&quot;,          &quot;val&quot;: &quot;不限社保&quot;        }      ]'),
	(13194, 81, 2546, '卓越计划', '', '/catalog/alzaylstp.jpg', '[{          &quot;key&quot;: &quot;一般医疗保险金&quot;,          &quot;val&quot;: &quot;500万元&quot;        },        {          &quot;key&quot;: &quot;100种重大疾病医疗保险金&quot;,          &quot;val&quot;: &quot;500万元&quot;        },        {          &quot;key&quot;: &quot;意外身故及伤残&quot;,          &quot;val&quot;: &quot;50万元&quot;        },        {          &quot;key&quot;: &quot;社保范围&quot;,          &quot;val&quot;: &quot;不限社保&quot;        }      ]'),
	(13195, 81, 2547, '0-5周岁', '21', '/catalog/alzaylstp.jpg', ''),
	(13196, 81, 2547, '6-10周岁', '22', '/catalog/alzaylstp.jpg', ''),
	(13197, 81, 2547, '11-15周岁', '23', '/catalog/alzaylstp.jpg', ''),
	(13198, 81, 2547, '16-20周岁', '24', '/catalog/alzaylstp.jpg', ''),
	(13199, 81, 2547, '21-25周岁', '12', '/catalog/alzaylstp.jpg', ''),
	(13200, 81, 2547, '26-30周岁', '13', '/catalog/alzaylstp.jpg', ''),
	(13201, 81, 2547, '31-35周岁', '14', '/catalog/alzaylstp.jpg', ''),
	(13202, 81, 2547, '36-40周岁', '15', '/catalog/alzaylstp.jpg', ''),
	(13203, 81, 2547, '41-45周岁', '16', '/catalog/alzaylstp.jpg', ''),
	(13204, 81, 2547, '46-50周岁', '17', '/catalog/alzaylstp.jpg', ''),
	(13205, 81, 2547, '51-55周岁', '18', '/catalog/alzaylstp.jpg', ''),
	(13206, 81, 2547, '56-60周岁', '19', '/catalog/alzaylstp.jpg', ''),
	(13207, 81, 2547, '61-65周岁', '20', '/catalog/alzaylstp.jpg', ''),
	(13208, 81, 2547, '66-70周岁', '25', '/catalog/alzaylstp.jpg', ''),
	(13209, 81, 2547, '71-75周岁', '26', '/catalog/alzaylstp.jpg', ''),
	(13210, 81, 2547, '76-80周岁', '27', '/catalog/alzaylstp.jpg', ''),
	(13211, 81, 2548, '有社保', '', '/catalog/alzaylstp.jpg', ''),
	(13212, 81, 2548, '无社保', '', '/catalog/alzaylstp.jpg', ''),
	(13213, 81, 2549, '保单生效日期', '', '/catalog/alzaylstp.jpg', ''),
	(13214, 81, 2549, '保单结束日期', '', '/catalog/alzaylstp.jpg', ''),
	(13258, 86, 2557, '计划一', '', '/catalog/yaljysstpng.png', '[{         &quot;key&quot;: &quot;保险金额&quot;,         &quot;val&quot;: &quot;20万元&quot;       },       {         &quot;key&quot;: &quot;终身赔付限额&quot;,         &quot;val&quot;: &quot;100万元&quot;       },       {         &quot;key&quot;: &quot;住院赔付比例&quot;,         &quot;val&quot;: &quot;100%（30天等待期）&quot;       },       {         &quot;key&quot;: &quot;床位费&quot;,         &quot;val&quot;: &quot;包含&quot;       },       {         &quot;key&quot;: &quot;膳食费、护理费&quot;,         &quot;val&quot;: &quot;包含&quot;       },       {         &quot;key&quot;: &quot;重症监护费&quot;,         &quot;val&quot;: &quot;包含&quot;       },       {         &quot;key&quot;: &quot;检查检验费&quot;,         &quot;val&quot;: &quot;包含&quot;       },       {         &quot;key&quot;: &quot;手术植入器材费&quot;,         &quot;val&quot;: &quot;累计赔付限额2万元&quot;       },       {         &quot;key&quot;: &quot;耐用医疗设备&quot;,         &quot;val&quot;: &quot;不含&quot;       },       {         &quot;key&quot;: &quot;陪床费&quot;,         &quot;val&quot;: &quot;包含&quot;       },       {         &quot;key&quot;: &quot;癌症治疗、肾透析&quot;,         &quot;val&quot;: &quot;累计赔付限额10万元&quot;       },       {         &quot;key&quot;: &quot;器官移植&quot;,         &quot;val&quot;: &quot;累计赔付限额10万元&quot;       },       {         &quot;key&quot;: &quot;临终关怀&quot;,         &quot;val&quot;: &quot;不含&quot;       },       {         &quot;key&quot;: &quot;精神和心理障碍&quot;,         &quot;val&quot;: &quot;累计赔付限额2万元&quot;       }     ]'),
	(13259, 86, 2557, '计划二', '', '/catalog/yaljysstpng.png', '[{         &quot;key&quot;: &quot;保险金额&quot;,         &quot;val&quot;: &quot;50万元&quot;       },       {         &quot;key&quot;: &quot;终身赔付限额&quot;,         &quot;val&quot;: &quot;250万元&quot;       },       {         &quot;key&quot;: &quot;住院赔付比例&quot;,         &quot;val&quot;: &quot;100%（30天等待期）&quot;       },       {         &quot;key&quot;: &quot;床位费&quot;,         &quot;val&quot;: &quot;日费用限额1000元&quot;       },       {         &quot;key&quot;: &quot;膳食费、护理费&quot;,         &quot;val&quot;: &quot;包含&quot;       },       {         &quot;key&quot;: &quot;重症监护费&quot;,         &quot;val&quot;: &quot;日费用限额2000元&quot;       },       {         &quot;key&quot;: &quot;检查检验费&quot;,         &quot;val&quot;: &quot;包含&quot;       },       {         &quot;key&quot;: &quot;手术植入器材费&quot;,         &quot;val&quot;: &quot;累计赔付限额5万元&quot;       },       {         &quot;key&quot;: &quot;耐用医疗设备&quot;,         &quot;val&quot;: &quot;累计赔付限额2万元&quot;       },       {         &quot;key&quot;: &quot;陪床费&quot;,         &quot;val&quot;: &quot;日费用限额600元&quot;       } ,{         &quot;key&quot;: &quot;癌症治疗、肾透析&quot;,         &quot;val&quot;: &quot;累计赔付限额20万元&quot;       },       {         &quot;key&quot;: &quot;器官移植&quot;,         &quot;val&quot;: &quot;累计赔付限额20万元&quot;       },       {         &quot;key&quot;: &quot;临终关怀&quot;,         &quot;val&quot;: &quot;累计日数限额30日&quot;       },       {         &quot;key&quot;: &quot;精神和心理障碍&quot;,         &quot;val&quot;: &quot;累计赔付限额5万元&quot;       }     ]'),
	(13260, 86, 2558, '0-7周岁', '1', '/catalog/yaljysstpng.png', ''),
	(13261, 86, 2558, '8-18周岁', '1', '/catalog/yaljysstpng.png', ''),
	(13262, 86, 2558, '19-24周岁', '1', '/catalog/yaljysstpng.png', ''),
	(13263, 86, 2558, '25-29周岁', '1', '/catalog/yaljysstpng.png', ''),
	(13264, 86, 2558, '30-34周岁', '1', '/catalog/yaljysstpng.png', ''),
	(13265, 86, 2558, '35-39周岁', '1', '/catalog/yaljysstpng.png', ''),
	(13266, 86, 2558, '40-44周岁', '1', '/catalog/yaljysstpng.png', ''),
	(13267, 86, 2558, '45-49周岁', '1', '/catalog/yaljysstpng.png', ''),
	(13268, 86, 2558, '50-54周岁', '1', '/catalog/yaljysstpng.png', ''),
	(13269, 86, 2558, '55-59周岁', '1', '/catalog/yaljysstpng.png', ''),
	(13270, 86, 2558, '60-64周岁', '1', '/catalog/yaljysstpng.png', ''),
	(13271, 86, 2558, '65-69周岁', '1', '/catalog/yaljysstpng.png', ''),
	(13272, 86, 2558, '70-74周岁', '1', '/catalog/yaljysstpng.png', ''),
	(13273, 86, 2558, '75-79周岁', '1', '/catalog/yaljysstpng.png', ''),
	(13274, 86, 2558, '80-85周岁', '1', '/catalog/yaljysstpng.png', ''),
	(13275, 86, 2559, '无门诊医疗保险', '060169', '/catalog/yaljysstpng.png', ''),
	(13276, 86, 2559, '有门诊医疗保险', '060170', '/catalog/yaljysstpng.png', ''),
	(13277, 86, 2560, '保单生效日期', '1', '/catalog/yaljysstpng.png', ''),
	(13278, 86, 2560, '保单结束日期', '2', '/catalog/yaljysstpng.png', ''),
	(13367, 89, 2573, '计划A', '', '/catalog/yakjys01.png', '[{           &quot;key&quot;: &quot;一般医疗保险金&quot;,           &quot;val&quot;: &quot;50万元&quot;         },         {           &quot;key&quot;: &quot;恶性肿瘤保险金&quot;,           &quot;val&quot;: &quot;100万元&quot;         },         {           &quot;key&quot;: &quot;年免赔额&quot;,           &quot;val&quot;: &quot;1万元&quot;         },         {           &quot;key&quot;: &quot;赔付比例&quot;,           &quot;val&quot;: &quot;100%&quot;         }       ]'),
	(13368, 89, 2573, '计划B', '', '/catalog/yakjys01.png', '[{           &quot;key&quot;: &quot;一般医疗保险金&quot;,           &quot;val&quot;: &quot;150万元&quot;         },         {           &quot;key&quot;: &quot;恶性肿瘤保险金&quot;,           &quot;val&quot;: &quot;300万元&quot;         },         {           &quot;key&quot;: &quot;年免赔额&quot;,           &quot;val&quot;: &quot;1万元&quot;         },         {           &quot;key&quot;: &quot;赔付比例&quot;,           &quot;val&quot;: &quot;100%&quot;         }       ]'),
	(13369, 89, 2573, '计划C', '', '/catalog/yakjys01.png', '[{           &quot;key&quot;: &quot;一般医疗保险金&quot;,           &quot;val&quot;: &quot;300万元&quot;         },         {           &quot;key&quot;: &quot;恶性肿瘤保险金&quot;,           &quot;val&quot;: &quot;666万元&quot;         },         {           &quot;key&quot;: &quot;年免赔额&quot;,           &quot;val&quot;: &quot;1万元&quot;         },         {           &quot;key&quot;: &quot;赔付比例&quot;,           &quot;val&quot;: &quot;100%&quot;         }       ]'),
	(13370, 89, 2574, '0-5周岁', '', '/catalog/yakjys01.png', ''),
	(13371, 89, 2574, '6-10周岁', '', '/catalog/yakjys01.png', ''),
	(13372, 89, 2574, '11-15周岁', '', '/catalog/yakjys01.png', ''),
	(13373, 89, 2574, '16-20周岁', '', '/catalog/yakjys01.png', ''),
	(13374, 89, 2574, '21-25周岁', '', '/catalog/yakjys01.png', ''),
	(13375, 89, 2574, '26-30周岁', '', '/catalog/yakjys01.png', ''),
	(13376, 89, 2574, '31-35周岁', '', '/catalog/yakjys01.png', ''),
	(13377, 89, 2574, '36-40周岁', '', '/catalog/yakjys01.png', ''),
	(13378, 89, 2574, '41-45周岁', '', '/catalog/yakjys01.png', ''),
	(13379, 89, 2574, '46-50周岁', '', '/catalog/yakjys01.png', ''),
	(13380, 89, 2574, '51-55周岁', '', '/catalog/yakjys01.png', ''),
	(13381, 89, 2574, '56-60周岁', '', '/catalog/yakjys01.png', ''),
	(13382, 89, 2574, '61-65周岁', '', '/catalog/yakjys01.png', ''),
	(13383, 89, 2574, '66-70周岁', '', '/catalog/yakjys01.png', ''),
	(13384, 89, 2574, '71-75周岁', '', '/catalog/yakjys01.png', ''),
	(13385, 89, 2574, '76-80周岁', '', '/catalog/yakjys01.png', ''),
	(13386, 89, 2574, '81-85周岁', '', '/catalog/yakjys01.png', ''),
	(13387, 89, 2575, '有社保', '', '/catalog/yakjys01.png', ''),
	(13388, 89, 2575, '无社保', '', '/catalog/yakjys01.png', ''),
	(13389, 51, 2576, '基础计划', '', '/images/catalog/product-1.png', '[{           &quot;key&quot;: &quot;意外身故及伤残&quot;,           &quot;val&quot;: &quot;5万元&quot;         },         {           &quot;key&quot;: &quot;意外医疗&quot;,           &quot;val&quot;: &quot;5000元&quot;         },         {           &quot;key&quot;: &quot;重大疾病保障&quot;,           &quot;val&quot;: &quot;5万元&quot;         },         {           &quot;key&quot;: &quot;每日住院津贴&quot;,           &quot;val&quot;: &quot;100元 &quot;         },         {           &quot;key&quot;: &quot;重症监护每日住院津贴&quot;,           &quot;val&quot;: &quot;200元&quot;         },         {           &quot;key&quot;: &quot;紧急医疗运送和送返&quot;,           &quot;val&quot;: &quot;10万元&quot;         },         {           &quot;key&quot;: &quot;儿童走失慰问金（仅适用幼儿版）&quot;,           &quot;val&quot;: &quot;5万元 &quot;         },         {           &quot;key&quot;: &quot;儿童绑架勒索每日津贴&quot;,           &quot;val&quot;: &quot;200元 &quot;         },         {           &quot;key&quot;: &quot;儿童公共场所责任&quot;,           &quot;val&quot;: &quot;5万元 &quot;         },         {           &quot;key&quot;: &quot;电话医生服务&quot;,           &quot;val&quot;: &quot;包含&quot;         }       ]'),
	(13390, 51, 2576, '标准计划', '', '/images/catalog/product-1.png', ' [{           &quot;key&quot;: &quot;意外身故及伤残&quot;,           &quot;val&quot;: &quot;10万元&quot;         },         {           &quot;key&quot;: &quot;意外医疗&quot;,           &quot;val&quot;: &quot;1万元&quot;         },         {           &quot;key&quot;: &quot;重大疾病保障&quot;,           &quot;val&quot;: &quot;10万元 &quot;         },         {           &quot;key&quot;: &quot;每日住院津贴&quot;,           &quot;val&quot;: &quot;100元 &quot;         },         {           &quot;key&quot;: &quot;重症监护每日住院津贴&quot;,           &quot;val&quot;: &quot;200元 &quot;         },         {           &quot;key&quot;: &quot;紧急医疗运送和送返&quot;,           &quot;val&quot;: &quot;20万元 &quot;         },         {           &quot;key&quot;: &quot;儿童走失慰问金（仅适用幼儿版）&quot;,           &quot;val&quot;: &quot;10万元 &quot;         },         {           &quot;key&quot;: &quot;儿童绑架勒索每日津贴&quot;,           &quot;val&quot;: &quot;200元 &quot;         },         {           &quot;key&quot;: &quot;儿童公共场所责任&quot;,           &quot;val&quot;: &quot;10万元 &quot;         },         {           &quot;key&quot;: &quot;电话医生服务&quot;,           &quot;val&quot;: &quot;包含&quot;         }       ]'),
	(13391, 51, 2577, '0-6周岁', '2', '/images/catalog/product-1.png', ''),
	(13392, 51, 2577, '7-17周岁', '2', '/images/catalog/product-1.png', ''),
	(13393, 51, 2578, '保单生效日期', '', '/images/catalog/product-1.png', ''),
	(13394, 51, 2578, '保单结束日期', '', '/images/catalog/product-1.png', '');
/*!40000 ALTER TABLE `product_option_group_value` ENABLE KEYS */;

-- 导出  表 cms.product_option_value 结构
CREATE TABLE IF NOT EXISTS `product_option_value` (
  `product_option_value_id` int(11) NOT NULL AUTO_INCREMENT,
  `product_id` int(11) NOT NULL,
  `language_id` int(11) NOT NULL,
  `value` varchar(128) NOT NULL COMMENT '存数学组值的一维数组',
  `sku` varchar(128) NOT NULL COMMENT 'sku',
  `quantity` int(3) NOT NULL,
  `price` varchar(50) NOT NULL,
  `special_price` decimal(15,2) DEFAULT '0.00',
  `rush_buy_price` decimal(15,2) DEFAULT '0.00' COMMENT '抢购价',
  `points` int(8) NOT NULL,
  PRIMARY KEY (`product_option_value_id`)
) ENGINE=InnoDB AUTO_INCREMENT=60355 DEFAULT CHARSET=utf8;

-- 正在导出表  cms.product_option_value 的数据：~1,370 rows (大约)
/*!40000 ALTER TABLE `product_option_value` DISABLE KEYS */;
INSERT INTO `product_option_value` (`product_option_value_id`, `product_id`, `language_id`, `value`, `sku`, `quantity`, `price`, `special_price`, `rush_buy_price`, `points`) VALUES
	(49793, 85, 1, ',10786', '1', 0, '1.00', 0.00, NULL, 0),
	(49794, 85, 1, ',10786', '1', 0, '1.00', 0.00, NULL, 0),
	(49795, 85, 1, ',10786', '1', 0, '1.00', 0.00, NULL, 0),
	(49796, 85, 1, ',10786', '1', 0, '1.00', 0.00, NULL, 0),
	(52471, 52, 1, '11527,11530', 'STPA', 0, '65.00', 0.00, NULL, 0),
	(52472, 52, 1, '11527,11531', 'STPA', 0, '100.00', 0.00, NULL, 0),
	(52473, 52, 1, '11527,11532', 'STPA', 0, '115.00', 0.00, NULL, 0),
	(52474, 52, 1, '11527,11533', 'STPA', 0, '130.00', 0.00, NULL, 0),
	(52475, 52, 1, '11527,11534', 'STPA', 0, '160.00', 0.00, NULL, 0),
	(52476, 52, 1, '11527,11535', 'STPA', 0, '190.00', 0.00, NULL, 0),
	(52477, 52, 1, '11527,11536', 'STPA', 0, '220.00', 0.00, NULL, 0),
	(52478, 52, 1, '11527,11537', 'STPA', 0, '250.00', 0.00, NULL, 0),
	(52479, 52, 1, '11527,11538', 'STPA', 0, '350.00', 0.00, NULL, 0),
	(52480, 52, 1, '11527,11539', 'STPA', 0, '530.00', 0.00, NULL, 0),
	(52481, 52, 1, '11527,11540', 'STPA', 0, '700.00', 0.00, NULL, 0),
	(52482, 52, 1, '11528,11530', 'STPP', 0, '115.00', 0.00, NULL, 0),
	(52483, 52, 1, '11528,11531', 'STPP', 0, '150.00', 0.00, NULL, 0),
	(52484, 52, 1, '11528,11532', 'STPP', 0, '205.00', 0.00, NULL, 0),
	(52485, 52, 1, '11528,11533', 'STPP', 0, '230.00', 0.00, NULL, 0),
	(52486, 52, 1, '11528,11534', 'STPP', 0, '270.00', 0.00, NULL, 0),
	(52487, 52, 1, '11528,11535', 'STPP', 0, '305.00', 0.00, NULL, 0),
	(52488, 52, 1, '11528,11536', 'STPP', 0, '410.00', 0.00, NULL, 0),
	(52489, 52, 1, '11528,11537', 'STPP', 0, '490.00', 0.00, NULL, 0),
	(52490, 52, 1, '11528,11538', 'STPP', 0, '630.00', 0.00, NULL, 0),
	(52491, 52, 1, '11528,11539', 'STPP', 0, '1100.00', 0.00, NULL, 0),
	(52492, 52, 1, '11528,11540', 'STPP', 0, '1125.00', 0.00, NULL, 0),
	(52493, 52, 1, '11529,11530', 'STPD', 0, '200.00', 0.00, NULL, 0),
	(52494, 52, 1, '11529,11531', 'STPD', 0, '260.00', 0.00, NULL, 0),
	(52495, 52, 1, '11529,11532', 'STPD', 0, '350.00', 0.00, NULL, 0),
	(52496, 52, 1, '11529,11533', 'STPD', 0, '390.00', 0.00, NULL, 0),
	(52497, 52, 1, '11529,11534', 'STPD', 0, '440.00', 0.00, NULL, 0),
	(52498, 52, 1, '11529,11535', 'STPD', 0, '535.00', 0.00, NULL, 0),
	(52499, 52, 1, '11529,11536', 'STPD', 0, '650.00', 0.00, NULL, 0),
	(52500, 52, 1, '11529,11537', 'STPD', 0, '750.00', 0.00, NULL, 0),
	(52501, 52, 1, '11529,11538', 'STPD', 0, '1100.00', 0.00, NULL, 0),
	(52502, 52, 1, '11529,11539', 'STPD', 0, '1600.00', 0.00, NULL, 0),
	(52503, 52, 1, '11529,11540', 'STPD', 0, '2200.00', 0.00, NULL, 0),
	(53442, 88, 1, '11693,11695', 'EEAOTP1', 0, '135.00', 0.00, NULL, 300000),
	(53443, 88, 1, '11693,11696', 'EEAOTP1', 0, '195.00', 0.00, NULL, 300000),
	(53444, 88, 1, '11693,11697', 'EEAOTP1', 0, '255.00', 0.00, NULL, 300000),
	(53445, 88, 1, '11693,11698', 'EEAOTP1', 0, '310.00', 0.00, NULL, 300000),
	(53446, 88, 1, '11693,11699', 'EEAOTP1', 0, '350.00', 0.00, NULL, 300000),
	(53447, 88, 1, '11693,11700', 'EEAOTP1', 0, '430.00', 0.00, NULL, 300000),
	(53448, 88, 1, '11694,11695', 'EEAOTP2', 0, '195.00', 0.00, NULL, 500000),
	(53449, 88, 1, '11694,11696', 'EEAOTP2', 0, '250.00', 0.00, NULL, 500000),
	(53450, 88, 1, '11694,11697', 'EEAOTP2', 0, '360.00', 0.00, NULL, 500000),
	(53451, 88, 1, '11694,11698', 'EEAOTP2', 0, '430.00', 0.00, NULL, 500000),
	(53452, 88, 1, '11694,11699', 'EEAOTP2', 0, '550.00', 0.00, NULL, 500000),
	(53453, 88, 1, '11694,11700', 'EEAOTP2', 0, '650.00', 0.00, NULL, 500000),
	(53893, 68, 1, '11953', '4401', 0, '28.00', 0.00, NULL, 10000),
	(53894, 68, 1, '11954', '4401', 0, '58.00', 0.00, NULL, 100000),
	(53895, 68, 1, '11955', '4401', 0, '88.00', 0.00, NULL, 100000),
	(53896, 68, 1, '11956', '4401', 0, '110.00', 0.00, NULL, 100000),
	(53897, 68, 1, '11957', '4401', 0, '298.00', 0.00, NULL, 100000),
	(53986, 53, 1, '11979,11983,11996', 'AGTZP', 0, '45.00', 0.00, NULL, 0),
	(53987, 53, 1, '11979,11984,11996', 'AGTZP', 0, '85.00', 0.00, NULL, 0),
	(53988, 53, 1, '11979,11985,11996', 'AGTZP', 0, '160.00', 0.00, NULL, 0),
	(53989, 53, 1, '11979,11986,11996', 'AGTZP', 0, '200.00', 0.00, NULL, 0),
	(53990, 53, 1, '11979,11987,11996', 'AGTZP', 0, '230.00', 0.00, NULL, 0),
	(53991, 53, 1, '11979,11988,11996', 'AGTZP', 0, '270.00', 0.00, NULL, 0),
	(53992, 53, 1, '11979,11989,11996', 'AGTZP', 0, '310.00', 0.00, NULL, 0),
	(53993, 53, 1, '11979,11990,11996', 'AGTZP', 0, '360.00', 0.00, NULL, 0),
	(53994, 53, 1, '11979,11991,11996', 'AGTZP', 0, '430.00', 0.00, NULL, 0),
	(53995, 53, 1, '11979,11992,11996', 'AGTZP', 0, '500.00', 0.00, NULL, 0),
	(53996, 53, 1, '11979,11993,11996', 'AGTZAP', 0, '650.00', 0.00, NULL, 0),
	(53997, 53, 1, '11980,11983,11996', 'AGTCP', 0, '130.00', 0.00, NULL, 0),
	(53998, 53, 1, '11980,11984,11996', 'AGTCP', 0, '180.00', 0.00, NULL, 0),
	(53999, 53, 1, '11980,11985,11996', 'AGTCP', 0, '225.00', 0.00, NULL, 0),
	(54000, 53, 1, '11980,11986,11996', 'AGTCP', 0, '280.00', 0.00, NULL, 0),
	(54001, 53, 1, '11980,11987,11996', 'AGTCP', 0, '310.00', 0.00, NULL, 0),
	(54002, 53, 1, '11980,11988,11996', 'AGTCP', 0, '350.00', 0.00, NULL, 0),
	(54003, 53, 1, '11980,11989,11996', 'AGTCP', 0, '380.00', 0.00, NULL, 0),
	(54004, 53, 1, '11980,11990,11996', 'AGTCP', 0, '530.00', 0.00, NULL, 0),
	(54005, 53, 1, '11980,11991,11996', 'AGTCP', 0, '680.00', 0.00, NULL, 0),
	(54006, 53, 1, '11980,11992,11996', 'AGTCP', 0, '1100.00', 0.00, NULL, 0),
	(54007, 53, 1, '11980,11993,11996', 'AGTCAP', 0, '1500.00', 0.00, NULL, 0),
	(54008, 53, 1, '11981,11983,11996', 'AGTMP', 0, '210.00', 0.00, NULL, 0),
	(54009, 53, 1, '11981,11984,11996', 'AGTMP', 0, '280.00', 0.00, NULL, 0),
	(54010, 53, 1, '11981,11985,11996', 'AGTMP', 0, '375.00', 0.00, NULL, 0),
	(54011, 53, 1, '11981,11986,11996', 'AGTMP', 0, '440.00', 0.00, NULL, 0),
	(54012, 53, 1, '11981,11987,11996', 'AGTMP', 0, '530.00', 0.00, NULL, 0),
	(54013, 53, 1, '11981,11988,11996', 'AGTMP', 0, '595.00', 0.00, NULL, 0),
	(54014, 53, 1, '11981,11989,11996', 'AGTMP', 0, '690.00', 0.00, NULL, 0),
	(54015, 53, 1, '11981,11990,11996', 'AGTMP', 0, '900.00', 0.00, NULL, 0),
	(54016, 53, 1, '11981,11991,11996', 'AGTMP', 0, '1050.00', 0.00, NULL, 0),
	(54017, 53, 1, '11981,11992,11996', 'AGTMP', 0, '1580.00', 0.00, NULL, 0),
	(54018, 53, 1, '11981,11993,11996', 'AGTMKAP', 0, '2250.00', 0.00, NULL, 0),
	(54019, 53, 1, '11982,11983,11996', 'AGTMAP', 0, '370.00', 0.00, NULL, 0),
	(54020, 53, 1, '11982,11984,11996', 'AGTMAP', 0, '470.00', 0.00, NULL, 0),
	(54021, 53, 1, '11982,11985,11996', 'AGTMAP', 0, '630.00', 0.00, NULL, 0),
	(54022, 53, 1, '11982,11986,11996', 'AGTMAP', 0, '840.00', 0.00, NULL, 0),
	(54023, 53, 1, '11982,11987,11996', 'AGTMAP', 0, '950.00', 0.00, NULL, 0),
	(54024, 53, 1, '11982,11988,11996', 'AGTMAP', 0, '1100.00', 0.00, NULL, 0),
	(54025, 53, 1, '11982,11989,11996', 'AGTMAP', 0, '1400.00', 0.00, NULL, 0),
	(54026, 53, 1, '11982,11990,11996', 'AGTMAP', 0, '1900.00', 0.00, NULL, 0),
	(54027, 53, 1, '11982,11991,11996', 'AGTMAP', 0, '2400.00', 0.00, NULL, 0),
	(54028, 53, 1, '11982,11992,11996', 'AGTMAP', 0, '3800.00', 0.00, NULL, 0),
	(54029, 53, 1, '11982,11993,11996', 'AGTMAAP', 0, '5300.00', 0.00, NULL, 0),
	(54030, 53, 1, '11979,11983,11997', 'AGTZP', 0, '40.00', 0.00, NULL, 0),
	(54031, 53, 1, '11979,11984,11997', 'AGTZP', 0, '60.00', 0.00, NULL, 0),
	(54032, 53, 1, '11979,11985,11997', 'AGTZP', 0, '100.00', 0.00, NULL, 0),
	(54033, 53, 1, '11979,11986,11997', 'AGTZP', 0, '120.00', 0.00, NULL, 0),
	(54034, 53, 1, '11979,11987,11997', 'AGTZP', 0, '135.00', 0.00, NULL, 0),
	(54035, 53, 1, '11979,11988,11997', 'AGTZP', 0, '155.00', 0.00, NULL, 0),
	(54036, 53, 1, '11979,11989,11997', 'AGTZP', 0, '180.00', 0.00, NULL, 0),
	(54037, 53, 1, '11979,11990,11997', 'AGTZP', 0, '220.00', 0.00, NULL, 0),
	(54038, 53, 1, '11979,11991,11997', 'AGTZP', 0, '270.00', 0.00, NULL, 0),
	(54039, 53, 1, '11979,11992,11997', 'AGTZP', 0, '360.00', 0.00, NULL, 0),
	(54040, 53, 1, '11979,11993,11997', 'AGTZAP', 0, '520.00', 0.00, NULL, 0),
	(54041, 53, 1, '11980,11983,11997', 'AGTCP', 0, '105.00', 0.00, NULL, 0),
	(54042, 53, 1, '11980,11984,11997', 'AGTCP', 0, '145.00', 0.00, NULL, 0),
	(54043, 53, 1, '11980,11985,11997', 'AGTCP', 0, '180.00', 0.00, NULL, 0),
	(54044, 53, 1, '11980,11986,11997', 'AGTCP', 0, '225.00', 0.00, NULL, 0),
	(54045, 53, 1, '11980,11987,11997', 'AGTCP', 0, '245.00', 0.00, NULL, 0),
	(54046, 53, 1, '11980,11988,11997', 'AGTCP', 0, '280.00', 0.00, NULL, 0),
	(54047, 53, 1, '11980,11989,11997', 'AGTCP', 0, '305.00', 0.00, NULL, 0),
	(54048, 53, 1, '11980,11990,11997', 'AGTCP', 0, '425.00', 0.00, NULL, 0),
	(54049, 53, 1, '11980,11991,11997', 'AGTCP', 0, '540.00', 0.00, NULL, 0),
	(54050, 53, 1, '11980,11992,11997', 'AGTCP', 0, '880.00', 0.00, NULL, 0),
	(54051, 53, 1, '11980,11993,11997', 'AGTCAP', 0, '1200.00', 0.00, NULL, 0),
	(54052, 53, 1, '11981,11983,11997', 'AGTMP', 0, '170.00', 0.00, NULL, 0),
	(54053, 53, 1, '11981,11984,11997', 'AGTMP', 0, '225.00', 0.00, NULL, 0),
	(54054, 53, 1, '11981,11985,11997', 'AGTMP', 0, '300.00', 0.00, NULL, 0),
	(54055, 53, 1, '11981,11986,11997', 'AGTMP', 0, '350.00', 0.00, NULL, 0),
	(54056, 53, 1, '11981,11987,11997', 'AGTMP', 0, '425.00', 0.00, NULL, 0),
	(54057, 53, 1, '11981,11988,11997', 'AGTMP', 0, '475.00', 0.00, NULL, 0),
	(54058, 53, 1, '11981,11989,11997', 'AGTMP', 0, '555.00', 0.00, NULL, 0),
	(54059, 53, 1, '11981,11990,11997', 'AGTMP', 0, '720.00', 0.00, NULL, 0),
	(54060, 53, 1, '11981,11991,11997', 'AGTMP', 0, '840.00', 0.00, NULL, 0),
	(54061, 53, 1, '11981,11992,11997', 'AGTMP', 0, '1260.00', 0.00, NULL, 0),
	(54062, 53, 1, '11981,11993,11997', 'AGTMKAP', 0, '1800.00', 0.00, NULL, 0),
	(54063, 53, 1, '11982,11983,11997', 'AGTMAP', 0, '290.00', 0.00, NULL, 0),
	(54064, 53, 1, '11982,11984,11997', 'AGTMAP', 0, '370.00', 0.00, NULL, 0),
	(54065, 53, 1, '11982,11985,11997', 'AGTMAP', 0, '500.00', 0.00, NULL, 0),
	(54066, 53, 1, '11982,11986,11997', 'AGTMAP', 0, '670.00', 0.00, NULL, 0),
	(54067, 53, 1, '11982,11987,11997', 'AGTMAP', 0, '760.00', 0.00, NULL, 0),
	(54068, 53, 1, '11982,11988,11997', 'AGTMAP', 0, '880.00', 0.00, NULL, 0),
	(54069, 53, 1, '11982,11989,11997', 'AGTMAP', 0, '1100.00', 0.00, NULL, 0),
	(54070, 53, 1, '11982,11990,11997', 'AGTMAP', 0, '1500.00', 0.00, NULL, 0),
	(54071, 53, 1, '11982,11991,11997', 'AGTMAP', 0, '1900.00', 0.00, NULL, 0),
	(54072, 53, 1, '11982,11992,11997', 'AGTMAP', 0, '3000.00', 0.00, NULL, 0),
	(54073, 53, 1, '11982,11993,11997', 'AGTMAAP', 0, '4200.00', 0.00, NULL, 0),
	(54977, 80, 1, '12318', 'P23C598001800000148', 0, '1.00', 0.00, NULL, 100000),
	(54978, 80, 1, '12319', 'P23C598001800000149', 0, '3.00', 0.00, NULL, 200000),
	(54979, 80, 1, '12320', 'P23C598001800000135', 0, '10.00', 0.00, NULL, 300000),
	(56288, 76, 1, '12519', '123', 0, '123.00', 0.00, NULL, 123),
	(56289, 74, 1, '12520', 'BBAIAP(2017)', 0, '69.00', 0.00, NULL, 50000),
	(56314, 69, 1, '12539,12545,12561', 'ZAAMIPB(SI)(2017)', 0, '796.00', 0.00, NULL, 0),
	(56315, 69, 1, '12539,12546,12561', 'ZAAMIPB(SI)(2017)', 0, '282.00', 0.00, NULL, 0),
	(56316, 69, 1, '12539,12547,12561', 'ZAAMIPB(SI)(2017)', 0, '136.00', 0.00, NULL, 0),
	(56317, 69, 1, '12539,12548,12561', 'ZAAMIPB(SI)(2017)', 0, '110.00', 0.00, NULL, 0),
	(56318, 69, 1, '12539,12549,12561', 'ZAAMIPB(SI)(2017)', 0, '192.00', 0.00, NULL, 0),
	(56319, 69, 1, '12539,12550,12561', 'ZAAMIPB(SI)(2017)', 0, '275.00', 0.00, NULL, 0),
	(56320, 69, 1, '12539,12551,12561', 'ZAAMIPB(SI)(2017)', 0, '378.00', 0.00, NULL, 0),
	(56321, 69, 1, '12539,12552,12561', 'ZAAMIPB(SI)(2017)', 0, '515.00', 0.00, NULL, 0),
	(56322, 69, 1, '12539,12553,12561', 'ZAAMIPB(SI)(2017)', 0, '655.00', 0.00, NULL, 0),
	(56323, 69, 1, '12539,12554,12561', 'ZAAMIPB(SI)(2017)', 0, '933.00', 0.00, NULL, 0),
	(56324, 69, 1, '12539,12555,12561', 'ZAAMIPB(SI)(2017)', 0, '1257.00', 0.00, NULL, 0),
	(56325, 69, 1, '12539,12556,12561', 'ZAAMIPB(SI)(2017)', 0, '1699.00', 0.00, NULL, 0),
	(56326, 69, 1, '12539,12557,12561', 'ZAAMIPB(SI)(2017)', 0, '2353.00', 0.00, NULL, 0),
	(56327, 69, 1, '12539,12558,12561', 'ZAAMIPB(SI)(2017)', 0, '3119.00', 0.00, NULL, 0),
	(56328, 69, 1, '12539,12559,12561', 'ZAAMIPB(SI)(2017)', 0, '4246.00', 0.00, NULL, 0),
	(56329, 69, 1, '12539,12560,12561', 'ZAAMIPB(SI)(2017)', 0, '5430.00', 0.00, NULL, 0),
	(56330, 69, 1, '12539,12545,12562', 'ZAAMIPB(NSI)(2017)', 0, '1659.00', 0.00, NULL, 0),
	(56331, 69, 1, '12539,12546,12562', 'ZAAMIPB(NSI)(2017)', 0, '581.00', 0.00, NULL, 0),
	(56332, 69, 1, '12539,12547,12562', 'ZAAMIPB(NSI)(2017)', 0, '278.00', 0.00, NULL, 0),
	(56333, 69, 1, '12539,12548,12562', 'ZAAMIPB(NSI)(2017)', 0, '242.00', 0.00, NULL, 0),
	(56334, 69, 1, '12539,12549,12562', 'ZAAMIPB(NSI)(2017)', 0, '386.00', 0.00, NULL, 0),
	(56335, 69, 1, '12539,12550,12562', 'ZAAMIPB(NSI)(2017)', 0, '558.00', 0.00, NULL, 0),
	(56336, 69, 1, '12539,12551,12562', 'ZAAMIPB(NSI)(2017)', 0, '817.00', 0.00, NULL, 0),
	(56337, 69, 1, '12539,12552,12562', 'ZAAMIPB(NSI)(2017)', 0, '1241.00', 0.00, NULL, 0),
	(56338, 69, 1, '12539,12553,12562', 'ZAAMIPB(NSI)(2017)', 0, '1790.00', 0.00, NULL, 0),
	(56339, 69, 1, '12539,12554,12562', 'ZAAMIPB(NSI)(2017)', 0, '2789.00', 0.00, NULL, 0),
	(56340, 69, 1, '12539,12555,12562', 'ZAAMIPB(NSI)(2017)', 0, '3812.00', 0.00, NULL, 0),
	(56341, 69, 1, '12539,12556,12562', 'ZAAMIPB(NSI)(2017)', 0, '4983.00', 0.00, NULL, 0),
	(56342, 69, 1, '12539,12557,12562', 'ZAAMIPB(NSI)(2017)', 0, '6755.00', 0.00, NULL, 0),
	(56343, 69, 1, '12539,12558,12562', 'ZAAMIPB(NSI)(2017)', 0, '8820.00', 0.00, NULL, 0),
	(56344, 69, 1, '12539,12559,12562', 'ZAAMIPB(NSI)(2017)', 0, '11868.00', 0.00, NULL, 0),
	(56345, 69, 1, '12539,12560,12562', 'ZAAMIPB(NSI)(2017)', 0, '14922.00', 0.00, NULL, 0),
	(56346, 69, 1, '12540,12545,12561', 'ZAAMIPS(SI)(2017)', 0, '867.00', 0.00, NULL, 0),
	(56347, 69, 1, '12540,12546,12561', 'ZAAMIPS(SI)(2017)', 0, '353.00', 0.00, NULL, 0),
	(56348, 69, 1, '12540,12547,12561', 'ZAAMIPS(SI)(2017)', 0, '207.00', 0.00, NULL, 0),
	(56349, 69, 1, '12540,12548,12561', 'ZAAMIPS(SI)(2017)', 0, '186.00', 0.00, NULL, 0),
	(56350, 69, 1, '12540,12549,12561', 'ZAAMIPS(SI)(2017)', 0, '263.00', 0.00, NULL, 0),
	(56351, 69, 1, '12540,12550,12561', 'ZAAMIPS(SI)(2017)', 0, '346.00', 0.00, NULL, 0),
	(56352, 69, 1, '12540,12551,12561', 'ZAAMIPS(SI)(2017)', 0, '449.00', 0.00, NULL, 0),
	(56353, 69, 1, '12540,12552,12561', 'ZAAMIPS(SI)(2017)', 0, '585.00', 0.00, NULL, 0),
	(56354, 69, 1, '12540,12553,12561', 'ZAAMIPS(SI)(2017)', 0, '726.00', 0.00, NULL, 0),
	(56355, 69, 1, '12540,12554,12561', 'ZAAMIPS(SI)(2017)', 0, '1005.00', 0.00, NULL, 0),
	(56356, 69, 1, '12540,12555,12561', 'ZAAMIPS(SI)(2017)', 0, '1328.00', 0.00, NULL, 0),
	(56357, 69, 1, '12540,12556,12561', 'ZAAMIPS(SI)(2017)', 0, '1770.00', 0.00, NULL, 0),
	(56358, 69, 1, '12540,12557,12561', 'ZAAMIPS(SI)(2017)', 0, '2425.00', 0.00, NULL, 0),
	(56359, 69, 1, '12540,12558,12561', 'ZAAMIPS(SI)(2017)', 0, '3190.00', 0.00, NULL, 0),
	(56360, 69, 1, '12540,12559,12561', 'ZAAMIPS(SI)(2017)', 0, '4317.00', 0.00, NULL, 0),
	(56361, 69, 1, '12540,12560,12561', 'ZAAMIPS(SI)(2017)', 0, '5501.00', 0.00, NULL, 0),
	(56362, 69, 1, '12540,12545,12562', 'ZAAMIPS(NSI)(2017)', 0, '1730.00', 0.00, NULL, 0),
	(56363, 69, 1, '12540,12546,12562', 'ZAAMIPS(NSI)(2017)', 0, '652.00', 0.00, NULL, 0),
	(56364, 69, 1, '12540,12547,12562', 'ZAAMIPS(NSI)(2017)', 0, '349.00', 0.00, NULL, 0),
	(56365, 69, 1, '12540,12548,12562', 'ZAAMIPS(NSI)(2017)', 0, '313.00', 0.00, NULL, 0),
	(56366, 69, 1, '12540,12549,12562', 'ZAAMIPS(NSI)(2017)', 0, '457.00', 0.00, NULL, 0),
	(56367, 69, 1, '12540,12550,12562', 'ZAAMIPS(NSI)(2017)', 0, '629.00', 0.00, NULL, 0),
	(56368, 69, 1, '12540,12551,12562', 'ZAAMIPS(NSI)(2017)', 0, '888.00', 0.00, NULL, 0),
	(56369, 69, 1, '12540,12552,12562', 'ZAAMIPS(NSI)(2017)', 0, '1312.00', 0.00, NULL, 0),
	(56370, 69, 1, '12540,12553,12562', 'ZAAMIPS(NSI)(2017)', 0, '1861.00', 0.00, NULL, 0),
	(56371, 69, 1, '12540,12554,12562', 'ZAAMIPS(NSI)(2017)', 0, '2860.00', 0.00, NULL, 0),
	(56372, 69, 1, '12540,12555,12562', 'ZAAMIPS(NSI)(2017)', 0, '3883.00', 0.00, NULL, 0),
	(56373, 69, 1, '12540,12556,12562', 'ZAAMIPS(NSI)(2017)', 0, '5055.00', 0.00, NULL, 0),
	(56374, 69, 1, '12540,12557,12562', 'ZAAMIPS(NSI)(2017)', 0, '6826.00', 0.00, NULL, 0),
	(56375, 69, 1, '12540,12558,12562', 'ZAAMIPS(NSI)(2017)', 0, '8891.00', 0.00, NULL, 0),
	(56376, 69, 1, '12540,12559,12562', 'ZAAMIPS(NSI)(2017)', 0, '11939.00', 0.00, NULL, 0),
	(56377, 69, 1, '12540,12560,12562', 'ZAAMIPS(NSI)(2017)', 0, '14993.00', 0.00, NULL, 0),
	(56378, 69, 1, '12541,12545,12561', 'ZAAMIPU(SI)(2017)', 0, '962.00', 0.00, NULL, 0),
	(56379, 69, 1, '12541,12546,12561', 'ZAAMIPU(SI)(2017)', 0, '437.00', 0.00, NULL, 0),
	(56380, 69, 1, '12541,12547,12561', 'ZAAMIPU(SI)(2017)', 0, '289.00', 0.00, NULL, 0),
	(56381, 69, 1, '12541,12548,12561', 'ZAAMIPU(SI)(2017)', 0, '267.00', 0.00, NULL, 0),
	(56382, 69, 1, '12541,12549,12561', 'ZAAMIPU(SI)(2017)', 0, '346.00', 0.00, NULL, 0),
	(56383, 69, 1, '12541,12550,12561', 'ZAAMIPU(SI)(2017)', 0, '430.00', 0.00, NULL, 0),
	(56384, 69, 1, '12541,12551,12561', 'ZAAMIPU(SI)(2017)', 0, '535.00', 0.00, NULL, 0),
	(56385, 69, 1, '12541,12552,12561', 'ZAAMIPU(SI)(2017)', 0, '675.00', 0.00, NULL, 0),
	(56386, 69, 1, '12541,12553,12561', 'ZAAMIPU(SI)(2017)', 0, '818.00', 0.00, NULL, 0),
	(56387, 69, 1, '12541,12554,12561', 'ZAAMIPU(SI)(2017)', 0, '1102.00', 0.00, NULL, 0),
	(56388, 69, 1, '12541,12555,12561', 'ZAAMIPU(SI)(2017)', 0, '1432.00', 0.00, NULL, 0),
	(56389, 69, 1, '12541,12556,12561', 'ZAAMIPU(SI)(2017)', 0, '1883.00', 0.00, NULL, 0),
	(56390, 69, 1, '12541,12557,12561', 'ZAAMIPU(SI)(2017)', 0, '2550.00', 0.00, NULL, 0),
	(56391, 69, 1, '12541,12558,12561', 'ZAAMIPU(SI)(2017)', 0, '3331.00', 0.00, NULL, 0),
	(56392, 69, 1, '12541,12559,12561', 'ZAAMIPU(SI)(2017)', 0, '4481.00', 0.00, NULL, 0),
	(56393, 69, 1, '12541,12560,12561', 'ZAAMIPU(SI)(2017)', 0, '5688.00', 0.00, NULL, 0),
	(56394, 69, 1, '12541,12545,12562', 'ZAAMIPU(NSI)(2017)', 0, '1842.00', 0.00, NULL, 0),
	(56395, 69, 1, '12541,12546,12562', 'ZAAMIPU(NSI)(2017)', 0, '742.00', 0.00, NULL, 0),
	(56396, 69, 1, '12541,12547,12562', 'ZAAMIPU(NSI)(2017)', 0, '433.00', 0.00, NULL, 0),
	(56397, 69, 1, '12541,12548,12562', 'ZAAMIPU(NSI)(2017)', 0, '397.00', 0.00, NULL, 0),
	(56398, 69, 1, '12541,12549,12562', 'ZAAMIPU(NSI)(2017)', 0, '545.00', 0.00, NULL, 0),
	(56399, 69, 1, '12541,12550,12562', 'ZAAMIPU(NSI)(2017)', 0, '719.00', 0.00, NULL, 0),
	(56400, 69, 1, '12541,12551,12562', 'ZAAMIPU(NSI)(2017)', 0, '983.00', 0.00, NULL, 0),
	(56401, 69, 1, '12541,12552,12562', 'ZAAMIPU(NSI)(2017)', 0, '1416.00', 0.00, NULL, 0),
	(56402, 69, 1, '12541,12553,12562', 'ZAAMIPU(NSI)(2017)', 0, '1976.00', 0.00, NULL, 0),
	(56403, 69, 1, '12541,12554,12562', 'ZAAMIPU(NSI)(2017)', 0, '2995.00', 0.00, NULL, 0),
	(56404, 69, 1, '12541,12555,12562', 'ZAAMIPU(NSI)(2017)', 0, '4038.00', 0.00, NULL, 0),
	(56405, 69, 1, '12541,12556,12562', 'ZAAMIPU(NSI)(2017)', 0, '5233.00', 0.00, NULL, 0),
	(56406, 69, 1, '12541,12557,12562', 'ZAAMIPU(NSI)(2017)', 0, '7040.00', 0.00, NULL, 0),
	(56407, 69, 1, '12541,12558,12562', 'ZAAMIPU(NSI)(2017)', 0, '9146.00', 0.00, NULL, 0),
	(56408, 69, 1, '12541,12559,12562', 'ZAAMIPU(NSI)(2017)', 0, '12255.00', 0.00, NULL, 0),
	(56409, 69, 1, '12541,12560,12562', 'ZAAMIPU(NSI)(2017)', 0, '15370.00', 0.00, NULL, 0),
	(56410, 69, 1, '12542,12545,12561', 'ZAAMIPT(SI)(2017)', 0, '887.00', 0.00, NULL, 0),
	(56411, 69, 1, '12542,12546,12561', 'ZAAMIPT(SI)(2017)', 0, '360.00', 0.00, NULL, 0),
	(56412, 69, 1, '12542,12547,12561', 'ZAAMIPT(SI)(2017)', 0, '210.00', 0.00, NULL, 0),
	(56413, 69, 1, '12542,12548,12561', 'ZAAMIPT(SI)(2017)', 0, '189.00', 0.00, NULL, 0),
	(56414, 69, 1, '12542,12549,12561', 'ZAAMIPT(SI)(2017)', 0, '268.00', 0.00, NULL, 0),
	(56415, 69, 1, '12542,12550,12561', 'ZAAMIPT(SI)(2017)', 0, '353.00', 0.00, NULL, 0),
	(56416, 69, 1, '12542,12551,12561', 'ZAAMIPT(SI)(2017)', 0, '458.00', 0.00, NULL, 0),
	(56417, 69, 1, '12542,12552,12561', 'ZAAMIPT(SI)(2017)', 0, '598.00', 0.00, NULL, 0),
	(56418, 69, 1, '12542,12553,12561', 'ZAAMIPT(SI)(2017)', 0, '742.00', 0.00, NULL, 0),
	(56419, 69, 1, '12542,12554,12561', 'ZAAMIPT(SI)(2017)', 0, '1027.00', 0.00, NULL, 0),
	(56420, 69, 1, '12542,12555,12561', 'ZAAMIPT(SI)(2017)', 0, '1359.00', 0.00, NULL, 0),
	(56421, 69, 1, '12542,12556,12561', 'ZAAMIPT(SI)(2017)', 0, '1812.00', 0.00, NULL, 0),
	(56422, 69, 1, '12542,12557,12561', 'ZAAMIPT(SI)(2017)', 0, '2483.00', 0.00, NULL, 0),
	(56423, 69, 1, '12542,12558,12561', 'ZAAMIPT(SI)(2017)', 0, '3268.00', 0.00, NULL, 0),
	(56424, 69, 1, '12542,12559,12561', 'ZAAMIPT(SI)(2017)', 0, '4423.00', 0.00, NULL, 0),
	(56425, 69, 1, '12542,12560,12561', 'ZAAMIPT(SI)(2017)', 0, '5637.00', 0.00, NULL, 0),
	(56426, 69, 1, '12542,12545,12562', 'ZAAMIPT(NSI)(2017)', 0, '1771.00', 0.00, NULL, 0),
	(56427, 69, 1, '12542,12546,12562', 'ZAAMIPT(NSI)(2017)', 0, '666.00', 0.00, NULL, 0),
	(56428, 69, 1, '12542,12547,12562', 'ZAAMIPT(NSI)(2017)', 0, '356.00', 0.00, NULL, 0),
	(56429, 69, 1, '12542,12548,12562', 'ZAAMIPT(NSI)(2017)', 0, '319.00', 0.00, NULL, 0),
	(56430, 69, 1, '12542,12549,12562', 'ZAAMIPT(NSI)(2017)', 0, '466.00', 0.00, NULL, 0),
	(56431, 69, 1, '12542,12550,12562', 'ZAAMIPT(NSI)(2017)', 0, '643.00', 0.00, NULL, 0),
	(56432, 69, 1, '12542,12551,12562', 'ZAAMIPT(NSI)(2017)', 0, '908.00', 0.00, NULL, 0),
	(56433, 69, 1, '12542,12552,12562', 'ZAAMIPT(NSI)(2017)', 0, '1343.00', 0.00, NULL, 0),
	(56434, 69, 1, '12542,12553,12562', 'ZAAMIPT(NSI)(2017)', 0, '1906.00', 0.00, NULL, 0),
	(56435, 69, 1, '12542,12554,12562', 'ZAAMIPT(NSI)(2017)', 0, '2930.00', 0.00, NULL, 0),
	(56436, 69, 1, '12542,12555,12562', 'ZAAMIPT(NSI)(2017)', 0, '3978.00', 0.00, NULL, 0),
	(56437, 69, 1, '12542,12556,12562', 'ZAAMIPT(NSI)(2017)', 0, '5178.00', 0.00, NULL, 0),
	(56438, 69, 1, '12542,12557,12562', 'ZAAMIPT(NSI)(2017)', 0, '6995.00', 0.00, NULL, 0),
	(56439, 69, 1, '12542,12558,12562', 'ZAAMIPT(NSI)(2017)', 0, '9111.00', 0.00, NULL, 0),
	(56440, 69, 1, '12542,12559,12562', 'ZAAMIPT(NSI)(2017)', 0, '12236.00', 0.00, NULL, 0),
	(56441, 69, 1, '12542,12560,12562', 'ZAAMIPT(NSI)(2017)', 0, '15366.00', 0.00, NULL, 0),
	(56442, 69, 1, '12543,12545,12561', 'ZAAMIPH(SI)(2017)', 0, '1045.00', 0.00, NULL, 0),
	(56443, 69, 1, '12543,12546,12561', 'ZAAMIPH(SI)(2017)', 0, '518.00', 0.00, NULL, 0),
	(56444, 69, 1, '12543,12547,12561', 'ZAAMIPH(SI)(2017)', 0, '368.00', 0.00, NULL, 0),
	(56445, 69, 1, '12543,12548,12561', 'ZAAMIPH(SI)(2017)', 0, '347.00', 0.00, NULL, 0),
	(56446, 69, 1, '12543,12549,12561', 'ZAAMIPH(SI)(2017)', 0, '426.00', 0.00, NULL, 0),
	(56447, 69, 1, '12543,12550,12561', 'ZAAMIPH(SI)(2017)', 0, '511.00', 0.00, NULL, 0),
	(56448, 69, 1, '12543,12551,12561', 'ZAAMIPH(SI)(2017)', 0, '616.00', 0.00, NULL, 0),
	(56449, 69, 1, '12543,12552,12561', 'ZAAMIPH(SI)(2017)', 0, '756.00', 0.00, NULL, 0),
	(56450, 69, 1, '12543,12553,12561', 'ZAAMIPH(SI)(2017)', 0, '900.00', 0.00, NULL, 0),
	(56451, 69, 1, '12543,12554,12561', 'ZAAMIPH(SI)(2017)', 0, '1185.00', 0.00, NULL, 0),
	(56452, 69, 1, '12543,12555,12561', 'ZAAMIPH(SI)(2017)', 0, '1517.00', 0.00, NULL, 0),
	(56453, 69, 1, '12543,12556,12561', 'ZAAMIPH(SI)(2017)', 0, '1970.00', 0.00, NULL, 0),
	(56454, 69, 1, '12543,12557,12561', 'ZAAMIPH(SI)(2017)', 0, '2641.00', 0.00, NULL, 0),
	(56455, 69, 1, '12543,12558,12561', 'ZAAMIPH(SI)(2017)', 0, '3426.00', 0.00, NULL, 0),
	(56456, 69, 1, '12543,12559,12561', 'ZAAMIPH(SI)(2017)', 0, '4581.00', 0.00, NULL, 0),
	(56457, 69, 1, '12543,12560,12561', 'ZAAMIPH(SI)(2017)', 0, '5795.00', 0.00, NULL, 0),
	(56458, 69, 1, '12543,12545,12562', 'ZAAMIPH(NSI)(2017)', 0, '1929.00', 0.00, NULL, 0),
	(56459, 69, 1, '12543,12546,12562', 'ZAAMIPH(NSI)(2017)', 0, '825.00', 0.00, NULL, 0),
	(56460, 69, 1, '12543,12547,12562', 'ZAAMIPH(NSI)(2017)', 0, '515.00', 0.00, NULL, 0),
	(56461, 69, 1, '12543,12548,12562', 'ZAAMIPH(NSI)(2017)', 0, '477.00', 0.00, NULL, 0),
	(56462, 69, 1, '12543,12549,12562', 'ZAAMIPH(NSI)(2017)', 0, '625.00', 0.00, NULL, 0),
	(56463, 69, 1, '12543,12550,12562', 'ZAAMIPH(NSI)(2017)', 0, '801.00', 0.00, NULL, 0),
	(56464, 69, 1, '12543,12551,12562', 'ZAAMIPH(NSI)(2017)', 0, '1066.00', 0.00, NULL, 0),
	(56465, 69, 1, '12543,12552,12562', 'ZAAMIPH(NSI)(2017)', 0, '1501.00', 0.00, NULL, 0),
	(56466, 69, 1, '12543,12553,12562', 'ZAAMIPH(NSI)(2017)', 0, '2065.00', 0.00, NULL, 0),
	(56467, 69, 1, '12543,12554,12562', 'ZAAMIPH(NSI)(2017)', 0, '3088.00', 0.00, NULL, 0),
	(56468, 69, 1, '12543,12555,12562', 'ZAAMIPH(NSI)(2017)', 0, '4136.00', 0.00, NULL, 0),
	(56469, 69, 1, '12543,12556,12562', 'ZAAMIPH(NSI)(2017)', 0, '5336.00', 0.00, NULL, 0),
	(56470, 69, 1, '12543,12557,12562', 'ZAAMIPH(NSI)(2017)', 0, '7153.00', 0.00, NULL, 0),
	(56471, 69, 1, '12543,12558,12562', 'ZAAMIPH(NSI)(2017)', 0, '9269.00', 0.00, NULL, 0),
	(56472, 69, 1, '12543,12559,12562', 'ZAAMIPH(NSI)(2017)', 0, '12395.00', 0.00, NULL, 0),
	(56473, 69, 1, '12543,12560,12562', 'ZAAMIPH(NSI)(2017)', 0, '15525.00', 0.00, NULL, 0),
	(56474, 69, 1, '12544,12545,12561', 'ZAAMIPE(SI)(2017)', 0, '1262.00', 0.00, NULL, 0),
	(56475, 69, 1, '12544,12546,12561', 'ZAAMIPE(SI)(2017)', 0, '696.00', 0.00, NULL, 0),
	(56476, 69, 1, '12544,12547,12561', 'ZAAMIPE(SI)(2017)', 0, '536.00', 0.00, NULL, 0),
	(56477, 69, 1, '12544,12548,12561', 'ZAAMIPE(SI)(2017)', 0, '513.00', 0.00, NULL, 0),
	(56478, 69, 1, '12544,12549,12561', 'ZAAMIPE(SI)(2017)', 0, '597.00', 0.00, NULL, 0),
	(56479, 69, 1, '12544,12550,12561', 'ZAAMIPE(SI)(2017)', 0, '689.00', 0.00, NULL, 0),
	(56480, 69, 1, '12544,12551,12561', 'ZAAMIPE(SI)(2017)', 0, '802.00', 0.00, NULL, 0),
	(56481, 69, 1, '12544,12552,12561', 'ZAAMIPE(SI)(2017)', 0, '952.00', 0.00, NULL, 0),
	(56482, 69, 1, '12544,12553,12561', 'ZAAMIPE(SI)(2017)', 0, '1107.00', 0.00, NULL, 0),
	(56483, 69, 1, '12544,12554,12561', 'ZAAMIPE(SI)(2017)', 0, '1413.00', 0.00, NULL, 0),
	(56484, 69, 1, '12544,12555,12561', 'ZAAMIPE(SI)(2017)', 0, '1769.00', 0.00, NULL, 0),
	(56485, 69, 1, '12544,12556,12561', 'ZAAMIPE(SI)(2017)', 0, '2255.00', 0.00, NULL, 0),
	(56486, 69, 1, '12544,12557,12561', 'ZAAMIPE(SI)(2017)', 0, '2975.00', 0.00, NULL, 0),
	(56487, 69, 1, '12544,12558,12561', 'ZAAMIPE(SI)(2017)', 0, '3817.00', 0.00, NULL, 0),
	(56488, 69, 1, '12544,12559,12561', 'ZAAMIPE(SI)(2017)', 0, '5057.00', 0.00, NULL, 0),
	(56489, 69, 1, '12544,12560,12561', 'ZAAMIPE(SI)(2017)', 0, '6359.00', 0.00, NULL, 0),
	(56490, 69, 1, '12544,12545,12562', 'ZAAMIPE(NSI)(2017)', 0, '2211.00', 0.00, NULL, 0),
	(56491, 69, 1, '12544,12546,12562', 'ZAAMIPE(NSI)(2017)', 0, '1025.00', 0.00, NULL, 0),
	(56492, 69, 1, '12544,12547,12562', 'ZAAMIPE(NSI)(2017)', 0, '692.00', 0.00, NULL, 0),
	(56493, 69, 1, '12544,12548,12562', 'ZAAMIPE(NSI)(2017)', 0, '652.00', 0.00, NULL, 0),
	(56494, 69, 1, '12544,12549,12562', 'ZAAMIPE(NSI)(2017)', 0, '811.00', 0.00, NULL, 0),
	(56495, 69, 1, '12544,12550,12562', 'ZAAMIPE(NSI)(2017)', 0, '1000.00', 0.00, NULL, 0),
	(56496, 69, 1, '12544,12551,12562', 'ZAAMIPE(NSI)(2017)', 0, '1285.00', 0.00, NULL, 0),
	(56497, 69, 1, '12544,12552,12562', 'ZAAMIPE(NSI)(2017)', 0, '1751.00', 0.00, NULL, 0),
	(56498, 69, 1, '12544,12553,12562', 'ZAAMIPE(NSI)(2017)', 0, '2355.00', 0.00, NULL, 0),
	(56499, 69, 1, '12544,12554,12562', 'ZAAMIPE(NSI)(2017)', 0, '3455.00', 0.00, NULL, 0),
	(56500, 69, 1, '12544,12555,12562', 'ZAAMIPE(NSI)(2017)', 0, '4579.00', 0.00, NULL, 0),
	(56501, 69, 1, '12544,12556,12562', 'ZAAMIPE(NSI)(2017)', 0, '5868.00', 0.00, NULL, 0),
	(56502, 69, 1, '12544,12557,12562', 'ZAAMIPE(NSI)(2017)', 0, '7817.00', 0.00, NULL, 0),
	(56503, 69, 1, '12544,12558,12562', 'ZAAMIPE(NSI)(2017)', 0, '10088.00', 0.00, NULL, 0),
	(56504, 69, 1, '12544,12559,12562', 'ZAAMIPE(NSI)(2017)', 0, '13441.00', 0.00, NULL, 0),
	(56505, 69, 1, '12544,12560,12562', 'ZAAMIPE(NSI)(2017)', 0, '16800.00', 0.00, NULL, 0),
	(56506, 84, 1, '12565,12567,12648,12650', 'ZXAMIPS(M)(SI)', 0, '23312.00', 0.00, NULL, 16000000),
	(56507, 84, 1, '12565,12567,12648,12651', 'ZXAMIPS(F)(SI)', 0, '23312.00', 0.00, NULL, 16000000),
	(56508, 84, 1, '12565,12567,12649,12650', 'ZXAMIPS(MNSI)', 0, '23545.00', 0.00, NULL, 16000000),
	(56509, 84, 1, '12565,12567,12649,12651', 'ZXAMIPS(FNSI)', 0, '23545.00', 0.00, NULL, 16000000),
	(56510, 84, 1, '12565,12568,12648,12650', 'ZXAMIPS(M)(SI)', 0, '12326.00', 0.00, NULL, 16000000),
	(56511, 84, 1, '12565,12568,12648,12651', 'ZXAMIPS(F)(SI)', 0, '12326.00', 0.00, NULL, 16000000),
	(56512, 84, 1, '12565,12568,12649,12650', 'ZXAMIPS(MNSI)', 0, '12449.00', 0.00, NULL, 16000000),
	(56513, 84, 1, '12565,12568,12649,12651', 'ZXAMIPS(FNSI)', 0, '12449.00', 0.00, NULL, 16000000),
	(56514, 84, 1, '12565,12569,12648,12650', 'ZXAMIPS(M)(SI)', 0, '12546.00', 0.00, NULL, 16000000),
	(56515, 84, 1, '12565,12569,12648,12651', 'ZXAMIPS(F)(SI)', 0, '12546.00', 0.00, NULL, 16000000),
	(56516, 84, 1, '12565,12569,12649,12650', 'ZXAMIPS(MNSI)', 0, '12671.00', 0.00, NULL, 16000000),
	(56517, 84, 1, '12565,12569,12649,12651', 'ZXAMIPS(FNSI)', 0, '12671.00', 0.00, NULL, 16000000),
	(56518, 84, 1, '12565,12570,12648,12650', 'ZXAMIPS(M)(SI)', 0, '13619.00', 0.00, NULL, 16000000),
	(56519, 84, 1, '12565,12570,12648,12651', 'ZXAMIPS(F)(SI)', 0, '13624.00', 0.00, NULL, 16000000),
	(56520, 84, 1, '12565,12570,12649,12650', 'ZXAMIPS(MNSI)', 0, '13755.00', 0.00, NULL, 16000000),
	(56521, 84, 1, '12565,12570,12649,12651', 'ZXAMIPS(FNSI)', 0, '13760.00', 0.00, NULL, 16000000),
	(56522, 84, 1, '12565,12571,12648,12650', 'ZXAMIPS(M)(SI)', 0, '12880.00', 0.00, NULL, 16000000),
	(56523, 84, 1, '12565,12571,12648,12651', 'ZXAMIPS(F)(SI)', 0, '12891.00', 0.00, NULL, 16000000),
	(56524, 84, 1, '12565,12571,12649,12650', 'ZXAMIPS(MNSI)', 0, '13009.00', 0.00, NULL, 16000000),
	(56525, 84, 1, '12565,12571,12649,12651', 'ZXAMIPS(FNSI)', 0, '13020.00', 0.00, NULL, 16000000),
	(56526, 84, 1, '12565,12572,12648,12650', 'ZXAMIPS(M)(SI)', 0, '11140.00', 0.00, NULL, 16000000),
	(56527, 84, 1, '12565,12572,12648,12651', 'ZXAMIPS(F)(SI)', 0, '11153.00', 0.00, NULL, 16000000),
	(56528, 84, 1, '12565,12572,12649,12650', 'ZXAMIPS(MNSI)', 0, '11251.00', 0.00, NULL, 16000000),
	(56529, 84, 1, '12565,12572,12649,12651', 'ZXAMIPS(FNSI)', 0, '11265.00', 0.00, NULL, 16000000),
	(56530, 84, 1, '12565,12573,12648,12650', 'ZXAMIPS(M)(SI)', 0, '9225.00', 0.00, NULL, 16000000),
	(56531, 84, 1, '12565,12573,12648,12651', 'ZXAMIPS(F)(SI)', 0, '9225.00', 0.00, NULL, 16000000),
	(56532, 84, 1, '12565,12573,12649,12650', 'ZXAMIPS(MNSI)', 0, '9317.00', 0.00, NULL, 16000000),
	(56533, 84, 1, '12565,12573,12649,12651', 'ZXAMIPS(FNSI)', 0, '9317.00', 0.00, NULL, 16000000),
	(56534, 84, 1, '12565,12574,12648,12650', 'ZXAMIPS(M)(SI)', 0, '7793.00', 0.00, NULL, 16000000),
	(56535, 84, 1, '12565,12574,12648,12651', 'ZXAMIPS(F)(SI)', 0, '7762.00', 0.00, NULL, 16000000),
	(56536, 84, 1, '12565,12574,12649,12650', 'ZXAMIPS(MNSI)', 0, '7871.00', 0.00, NULL, 16000000),
	(56537, 84, 1, '12565,12574,12649,12651', 'ZXAMIPS(FNSI)', 0, '7840.00', 0.00, NULL, 16000000),
	(56538, 84, 1, '12565,12575,12648,12650', 'ZXAMIPS(M)(SI)', 0, '6892.00', 0.00, NULL, 16000000),
	(56539, 84, 1, '12565,12575,12648,12651', 'ZXAMIPS(F)(SI)', 0, '6824.00', 0.00, NULL, 16000000),
	(56540, 84, 1, '12565,12575,12649,12650', 'ZXAMIPS(MNSI)', 0, '6961.00', 0.00, NULL, 16000000),
	(56541, 84, 1, '12565,12575,12649,12651', 'ZXAMIPS(FNSI)', 0, '6892.00', 0.00, NULL, 16000000),
	(56542, 84, 1, '12565,12576,12648,12650', 'ZXAMIPS(M)(SI)', 0, '6408.00', 0.00, NULL, 16000000),
	(56543, 84, 1, '12565,12576,12648,12651', 'ZXAMIPS(F)(SI)', 0, '6310.00', 0.00, NULL, 16000000),
	(56544, 84, 1, '12565,12576,12649,12650', 'ZXAMIPS(MNSI)', 0, '6472.00', 0.00, NULL, 16000000),
	(56545, 84, 1, '12565,12576,12649,12651', 'ZXAMIPS(FNSI)', 0, '6373.00', 0.00, NULL, 16000000),
	(56546, 84, 1, '12565,12577,12648,12650', 'ZXAMIPS(M)(SI)', 0, '6233.00', 0.00, NULL, 16000000),
	(56547, 84, 1, '12565,12577,12648,12651', 'ZXAMIPS(F)(SI)', 0, '6125.00', 0.00, NULL, 16000000),
	(56548, 84, 1, '12565,12577,12649,12650', 'ZXAMIPS(MNSI)', 0, '6295.00', 0.00, NULL, 16000000),
	(56549, 84, 1, '12565,12577,12649,12651', 'ZXAMIPS(FNSI)', 0, '6186.00', 0.00, NULL, 16000000),
	(56550, 84, 1, '12565,12578,12648,12650', 'ZXAMIPS(M)(SI)', 0, '6253.00', 0.00, NULL, 16000000),
	(56551, 84, 1, '12565,12578,12648,12651', 'ZXAMIPS(F)(SI)', 0, '6174.00', 0.00, NULL, 16000000),
	(56552, 84, 1, '12565,12578,12649,12650', 'ZXAMIPS(MNSI)', 0, '6316.00', 0.00, NULL, 16000000),
	(56553, 84, 1, '12565,12578,12649,12651', 'ZXAMIPS(FNSI)', 0, '6236.00', 0.00, NULL, 16000000),
	(56554, 84, 1, '12565,12579,12648,12650', 'ZXAMIPS(M)(SI)', 0, '6361.00', 0.00, NULL, 16000000),
	(56555, 84, 1, '12565,12579,12648,12651', 'ZXAMIPS(F)(SI)', 0, '6361.00', 0.00, NULL, 16000000),
	(56556, 84, 1, '12565,12579,12649,12650', 'ZXAMIPS(MNSI)', 0, '6425.00', 0.00, NULL, 16000000),
	(56557, 84, 1, '12565,12579,12649,12651', 'ZXAMIPS(FNSI)', 0, '6425.00', 0.00, NULL, 16000000),
	(56558, 84, 1, '12565,12580,12648,12650', 'ZXAMIPS(M)(SI)', 0, '6467.00', 0.00, NULL, 16000000),
	(56559, 84, 1, '12565,12580,12648,12651', 'ZXAMIPS(F)(SI)', 0, '6596.00', 0.00, NULL, 16000000),
	(56560, 84, 1, '12565,12580,12649,12650', 'ZXAMIPS(MNSI)', 0, '6532.00', 0.00, NULL, 16000000),
	(56561, 84, 1, '12565,12580,12649,12651', 'ZXAMIPS(FNSI)', 0, '6662.00', 0.00, NULL, 16000000),
	(56562, 84, 1, '12565,12581,12648,12650', 'ZXAMIPS(M)(SI)', 0, '6577.00', 0.00, NULL, 16000000),
	(56563, 84, 1, '12565,12581,12648,12651', 'ZXAMIPS(F)(SI)', 0, '6835.00', 0.00, NULL, 16000000),
	(56564, 84, 1, '12565,12581,12649,12650', 'ZXAMIPS(MNSI)', 0, '6643.00', 0.00, NULL, 16000000),
	(56565, 84, 1, '12565,12581,12649,12651', 'ZXAMIPS(FNSI)', 0, '6903.00', 0.00, NULL, 16000000),
	(56566, 84, 1, '12565,12582,12648,12650', 'ZXAMIPS(M)(SI)', 0, '6712.00', 0.00, NULL, 16000000),
	(56567, 84, 1, '12565,12582,12648,12651', 'ZXAMIPS(F)(SI)', 0, '7035.00', 0.00, NULL, 16000000),
	(56568, 84, 1, '12565,12582,12649,12650', 'ZXAMIPS(MNSI)', 0, '6779.00', 0.00, NULL, 16000000),
	(56569, 84, 1, '12565,12582,12649,12651', 'ZXAMIPS(FNSI)', 0, '7105.00', 0.00, NULL, 16000000),
	(56570, 84, 1, '12565,12583,12648,12650', 'ZXAMIPS(M)(SI)', 0, '6900.00', 0.00, NULL, 16000000),
	(56571, 84, 1, '12565,12583,12648,12651', 'ZXAMIPS(F)(SI)', 0, '7159.00', 0.00, NULL, 16000000),
	(56572, 84, 1, '12565,12583,12649,12650', 'ZXAMIPS(MNSI)', 0, '6969.00', 0.00, NULL, 16000000),
	(56573, 84, 1, '12565,12583,12649,12651', 'ZXAMIPS(FNSI)', 0, '7231.00', 0.00, NULL, 16000000),
	(56574, 84, 1, '12565,12584,12648,12650', 'ZXAMIPS(M)(SI)', 0, '7169.00', 0.00, NULL, 16000000),
	(56575, 84, 1, '12565,12584,12648,12651', 'ZXAMIPS(F)(SI)', 0, '7169.00', 0.00, NULL, 16000000),
	(56576, 84, 1, '12565,12584,12649,12650', 'ZXAMIPS(MNSI)', 0, '7241.00', 0.00, NULL, 16000000),
	(56577, 84, 1, '12565,12584,12649,12651', 'ZXAMIPS(FNSI)', 0, '7241.00', 0.00, NULL, 16000000),
	(56578, 84, 1, '12565,12585,12648,12650', 'ZXAMIPS(M)(SI)', 0, '7528.00', 0.00, NULL, 16000000),
	(56579, 84, 1, '12565,12585,12648,12651', 'ZXAMIPS(F)(SI)', 0, '7046.00', 0.00, NULL, 16000000),
	(56580, 84, 1, '12565,12585,12649,12650', 'ZXAMIPS(MNSI)', 0, '7603.00', 0.00, NULL, 16000000),
	(56581, 84, 1, '12565,12585,12649,12651', 'ZXAMIPS(FNSI)', 0, '7116.00', 0.00, NULL, 16000000),
	(56582, 84, 1, '12565,12586,12648,12650', 'ZXAMIPS(M)(SI)', 0, '7939.00', 0.00, NULL, 16000000),
	(56583, 84, 1, '12565,12586,12648,12651', 'ZXAMIPS(F)(SI)', 0, '6863.00', 0.00, NULL, 16000000),
	(56584, 84, 1, '12565,12586,12649,12650', 'ZXAMIPS(MNSI)', 0, '8018.00', 0.00, NULL, 16000000),
	(56585, 84, 1, '12565,12586,12649,12651', 'ZXAMIPS(FNSI)', 0, '6932.00', 0.00, NULL, 16000000),
	(56586, 84, 1, '12565,12587,12648,12650', 'ZXAMIPS(M)(SI)', 0, '8351.00', 0.00, NULL, 16000000),
	(56587, 84, 1, '12565,12587,12648,12651', 'ZXAMIPS(F)(SI)', 0, '6709.00', 0.00, NULL, 16000000),
	(56588, 84, 1, '12565,12587,12649,12650', 'ZXAMIPS(MNSI)', 0, '8435.00', 0.00, NULL, 16000000),
	(56589, 84, 1, '12565,12587,12649,12651', 'ZXAMIPS(FNSI)', 0, '6776.00', 0.00, NULL, 16000000),
	(56590, 84, 1, '12565,12588,12648,12650', 'ZXAMIPS(M)(SI)', 0, '8708.00', 0.00, NULL, 16000000),
	(56591, 84, 1, '12565,12588,12648,12651', 'ZXAMIPS(F)(SI)', 0, '6673.00', 0.00, NULL, 16000000),
	(56592, 84, 1, '12565,12588,12649,12650', 'ZXAMIPS(MNSI)', 0, '8795.00', 0.00, NULL, 16000000),
	(56593, 84, 1, '12565,12588,12649,12651', 'ZXAMIPS(FNSI)', 0, '6740.00', 0.00, NULL, 16000000),
	(56594, 84, 1, '12565,12589,12648,12650', 'ZXAMIPS(M)(SI)', 0, '8960.00', 0.00, NULL, 16000000),
	(56595, 84, 1, '12565,12589,12648,12651', 'ZXAMIPS(F)(SI)', 0, '6850.00', 0.00, NULL, 16000000),
	(56596, 84, 1, '12565,12589,12649,12650', 'ZXAMIPS(MNSI)', 0, '9050.00', 0.00, NULL, 16000000),
	(56597, 84, 1, '12565,12589,12649,12651', 'ZXAMIPS(FNSI)', 0, '6919.00', 0.00, NULL, 16000000),
	(56598, 84, 1, '12565,12590,12648,12650', 'ZXAMIPS(M)(SI)', 0, '9071.00', 0.00, NULL, 16000000),
	(56599, 84, 1, '12565,12590,12648,12651', 'ZXAMIPS(F)(SI)', 0, '7298.00', 0.00, NULL, 16000000),
	(56600, 84, 1, '12565,12590,12649,12650', 'ZXAMIPS(MNSI)', 0, '9162.00', 0.00, NULL, 16000000),
	(56601, 84, 1, '12565,12590,12649,12651', 'ZXAMIPS(FNSI)', 0, '7371.00', 0.00, NULL, 16000000),
	(56602, 84, 1, '12565,12591,12648,12650', 'ZXAMIPS(M)(SI)', 0, '9076.00', 0.00, NULL, 16000000),
	(56603, 84, 1, '12565,12591,12648,12651', 'ZXAMIPS(F)(SI)', 0, '7950.00', 0.00, NULL, 16000000),
	(56604, 84, 1, '12565,12591,12649,12650', 'ZXAMIPS(MNSI)', 0, '9167.00', 0.00, NULL, 16000000),
	(56605, 84, 1, '12565,12591,12649,12651', 'ZXAMIPS(FNSI)', 0, '8030.00', 0.00, NULL, 16000000),
	(56606, 84, 1, '12565,12592,12648,12650', 'ZXAMIPS(M)(SI)', 0, '9023.00', 0.00, NULL, 16000000),
	(56607, 84, 1, '12565,12592,12648,12651', 'ZXAMIPS(F)(SI)', 0, '8711.00', 0.00, NULL, 16000000),
	(56608, 84, 1, '12565,12592,12649,12650', 'ZXAMIPS(MNSI)', 0, '9113.00', 0.00, NULL, 16000000),
	(56609, 84, 1, '12565,12592,12649,12651', 'ZXAMIPS(FNSI)', 0, '8798.00', 0.00, NULL, 16000000),
	(56610, 84, 1, '12565,12593,12648,12650', 'ZXAMIPS(M)(SI)', 0, '8969.00', 0.00, NULL, 16000000),
	(56611, 84, 1, '12565,12593,12648,12651', 'ZXAMIPS(F)(SI)', 0, '9483.00', 0.00, NULL, 16000000),
	(56612, 84, 1, '12565,12593,12649,12650', 'ZXAMIPS(MNSI)', 0, '9059.00', 0.00, NULL, 16000000),
	(56613, 84, 1, '12565,12593,12649,12651', 'ZXAMIPS(FNSI)', 0, '9578.00', 0.00, NULL, 16000000),
	(56614, 84, 1, '12565,12594,12648,12650', 'ZXAMIPS(M)(SI)', 0, '8963.00', 0.00, NULL, 16000000),
	(56615, 84, 1, '12565,12594,12648,12651', 'ZXAMIPS(F)(SI)', 0, '10165.00', 0.00, NULL, 16000000),
	(56616, 84, 1, '12565,12594,12649,12650', 'ZXAMIPS(MNSI)', 0, '9053.00', 0.00, NULL, 16000000),
	(56617, 84, 1, '12565,12594,12649,12651', 'ZXAMIPS(FNSI)', 0, '10267.00', 0.00, NULL, 16000000),
	(56618, 84, 1, '12565,12595,12648,12650', 'ZXAMIPS(M)(SI)', 0, '9045.00', 0.00, NULL, 16000000),
	(56619, 84, 1, '12565,12595,12648,12651', 'ZXAMIPS(F)(SI)', 0, '10693.00', 0.00, NULL, 16000000),
	(56620, 84, 1, '12565,12595,12649,12650', 'ZXAMIPS(MNSI)', 0, '9135.00', 0.00, NULL, 16000000),
	(56621, 84, 1, '12565,12595,12649,12651', 'ZXAMIPS(FNSI)', 0, '10800.00', 0.00, NULL, 16000000),
	(56622, 84, 1, '12565,12596,12648,12650', 'ZXAMIPS(M)(SI)', 0, '9205.00', 0.00, NULL, 16000000),
	(56623, 84, 1, '12565,12596,12648,12651', 'ZXAMIPS(F)(SI)', 0, '11100.00', 0.00, NULL, 16000000),
	(56624, 84, 1, '12565,12596,12649,12650', 'ZXAMIPS(MNSI)', 0, '9297.00', 0.00, NULL, 16000000),
	(56625, 84, 1, '12565,12596,12649,12651', 'ZXAMIPS(FNSI)', 0, '11211.00', 0.00, NULL, 16000000),
	(56626, 84, 1, '12565,12597,12648,12650', 'ZXAMIPS(M)(SI)', 0, '9427.00', 0.00, NULL, 16000000),
	(56627, 84, 1, '12565,12597,12648,12651', 'ZXAMIPS(F)(SI)', 0, '11457.00', 0.00, NULL, 16000000),
	(56628, 84, 1, '12565,12597,12649,12650', 'ZXAMIPS(MNSI)', 0, '9521.00', 0.00, NULL, 16000000),
	(56629, 84, 1, '12565,12597,12649,12651', 'ZXAMIPS(FNSI)', 0, '11572.00', 0.00, NULL, 16000000),
	(56630, 84, 1, '12565,12598,12648,12650', 'ZXAMIPS(M)(SI)', 0, '9687.00', 0.00, NULL, 16000000),
	(56631, 84, 1, '12565,12598,12648,12651', 'ZXAMIPS(F)(SI)', 0, '11827.00', 0.00, NULL, 16000000),
	(56632, 84, 1, '12565,12598,12649,12650', 'ZXAMIPS(MNSI)', 0, '9784.00', 0.00, NULL, 16000000),
	(56633, 84, 1, '12565,12598,12649,12651', 'ZXAMIPS(FNSI)', 0, '11945.00', 0.00, NULL, 16000000),
	(56634, 84, 1, '12565,12599,12648,12650', 'ZXAMIPS(M)(SI)', 0, '9972.00', 0.00, NULL, 16000000),
	(56635, 84, 1, '12565,12599,12648,12651', 'ZXAMIPS(F)(SI)', 0, '12278.00', 0.00, NULL, 16000000),
	(56636, 84, 1, '12565,12599,12649,12650', 'ZXAMIPS(MNSI)', 0, '10072.00', 0.00, NULL, 16000000),
	(56637, 84, 1, '12565,12599,12649,12651', 'ZXAMIPS(FNSI)', 0, '12401.00', 0.00, NULL, 16000000),
	(56638, 84, 1, '12565,12600,12648,12650', 'ZXAMIPS(M)(SI)', 0, '10258.00', 0.00, NULL, 16000000),
	(56639, 84, 1, '12565,12600,12648,12651', 'ZXAMIPS(F)(SI)', 0, '12854.00', 0.00, NULL, 16000000),
	(56640, 84, 1, '12565,12600,12649,12650', 'ZXAMIPS(MNSI)', 0, '10361.00', 0.00, NULL, 16000000),
	(56641, 84, 1, '12565,12600,12649,12651', 'ZXAMIPS(FNSI)', 0, '12983.00', 0.00, NULL, 16000000),
	(56642, 84, 1, '12565,12601,12648,12650', 'ZXAMIPS(M)(SI)', 0, '10543.00', 0.00, NULL, 16000000),
	(56643, 84, 1, '12565,12601,12648,12651', 'ZXAMIPS(F)(SI)', 0, '13493.00', 0.00, NULL, 16000000),
	(56644, 84, 1, '12565,12601,12649,12650', 'ZXAMIPS(MNSI)', 0, '10648.00', 0.00, NULL, 16000000),
	(56645, 84, 1, '12565,12601,12649,12651', 'ZXAMIPS(FNSI)', 0, '13628.00', 0.00, NULL, 16000000),
	(56646, 84, 1, '12565,12602,12648,12650', 'ZXAMIPS(M)(SI)', 0, '10822.00', 0.00, NULL, 16000000),
	(56647, 84, 1, '12565,12602,12648,12651', 'ZXAMIPS(F)(SI)', 0, '14118.00', 0.00, NULL, 16000000),
	(56648, 84, 1, '12565,12602,12649,12650', 'ZXAMIPS(MNSI)', 0, '10930.00', 0.00, NULL, 16000000),
	(56649, 84, 1, '12565,12602,12649,12651', 'ZXAMIPS(FNSI)', 0, '14259.00', 0.00, NULL, 16000000),
	(56650, 84, 1, '12565,12603,12648,12650', 'ZXAMIPS(M)(SI)', 0, '11092.00', 0.00, NULL, 16000000),
	(56651, 84, 1, '12565,12603,12648,12651', 'ZXAMIPS(F)(SI)', 0, '14645.00', 0.00, NULL, 16000000),
	(56652, 84, 1, '12565,12603,12649,12650', 'ZXAMIPS(MNSI)', 0, '11203.00', 0.00, NULL, 16000000),
	(56653, 84, 1, '12565,12603,12649,12651', 'ZXAMIPS(FNSI)', 0, '14791.00', 0.00, NULL, 16000000),
	(56654, 84, 1, '12565,12604,12648,12650', 'ZXAMIPS(M)(SI)', 0, '11354.00', 0.00, NULL, 16000000),
	(56655, 84, 1, '12565,12604,12648,12651', 'ZXAMIPS(F)(SI)', 0, '14995.00', 0.00, NULL, 16000000),
	(56656, 84, 1, '12565,12604,12649,12650', 'ZXAMIPS(MNSI)', 0, '11468.00', 0.00, NULL, 16000000),
	(56657, 84, 1, '12565,12604,12649,12651', 'ZXAMIPS(FNSI)', 0, '15145.00', 0.00, NULL, 16000000),
	(56658, 84, 1, '12565,12605,12648,12650', 'ZXAMIPS(M)(SI)', 0, '11601.00', 0.00, NULL, 16000000),
	(56659, 84, 1, '12565,12605,12648,12651', 'ZXAMIPS(F)(SI)', 0, '15119.00', 0.00, NULL, 16000000),
	(56660, 84, 1, '12565,12605,12649,12650', 'ZXAMIPS(MNSI)', 0, '11717.00', 0.00, NULL, 16000000),
	(56661, 84, 1, '12565,12605,12649,12651', 'ZXAMIPS(FNSI)', 0, '15270.00', 0.00, NULL, 16000000),
	(56662, 84, 1, '12565,12606,12648,12650', 'ZXAMIPS(M)(SI)', 0, '11840.00', 0.00, NULL, 16000000),
	(56663, 84, 1, '12565,12606,12648,12651', 'ZXAMIPS(F)(SI)', 0, '15108.00', 0.00, NULL, 16000000),
	(56664, 84, 1, '12565,12606,12649,12650', 'ZXAMIPS(MNSI)', 0, '11958.00', 0.00, NULL, 16000000),
	(56665, 84, 1, '12565,12606,12649,12651', 'ZXAMIPS(FNSI)', 0, '15259.00', 0.00, NULL, 16000000),
	(56666, 84, 1, '12565,12607,12648,12650', 'ZXAMIPS(M)(SI)', 0, '12075.00', 0.00, NULL, 16000000),
	(56667, 84, 1, '12565,12607,12648,12651', 'ZXAMIPS(F)(SI)', 0, '15088.00', 0.00, NULL, 16000000),
	(56668, 84, 1, '12565,12607,12649,12650', 'ZXAMIPS(MNSI)', 0, '12196.00', 0.00, NULL, 16000000),
	(56669, 84, 1, '12565,12607,12649,12651', 'ZXAMIPS(FNSI)', 0, '15239.00', 0.00, NULL, 16000000),
	(56670, 84, 1, '12565,12608,12648,12650', 'ZXAMIPS(M)(SI)', 0, '12311.00', 0.00, NULL, 16000000),
	(56671, 84, 1, '12565,12608,12648,12651', 'ZXAMIPS(F)(SI)', 0, '15186.00', 0.00, NULL, 16000000),
	(56672, 84, 1, '12565,12608,12649,12650', 'ZXAMIPS(MNSI)', 0, '12434.00', 0.00, NULL, 16000000),
	(56673, 84, 1, '12565,12608,12649,12651', 'ZXAMIPS(FNSI)', 0, '15338.00', 0.00, NULL, 16000000),
	(56674, 84, 1, '12565,12609,12648,12650', 'ZXAMIPS(M)(SI)', 0, '12553.00', 0.00, NULL, 16000000),
	(56675, 84, 1, '12565,12609,12648,12651', 'ZXAMIPS(F)(SI)', 0, '15525.00', 0.00, NULL, 16000000),
	(56676, 84, 1, '12565,12609,12649,12650', 'ZXAMIPS(MNSI)', 0, '12679.00', 0.00, NULL, 16000000),
	(56677, 84, 1, '12565,12609,12649,12651', 'ZXAMIPS(FNSI)', 0, '15680.00', 0.00, NULL, 16000000),
	(56678, 84, 1, '12565,12610,12648,12650', 'ZXAMIPS(M)(SI)', 0, '12810.00', 0.00, NULL, 16000000),
	(56679, 84, 1, '12565,12610,12648,12651', 'ZXAMIPS(F)(SI)', 0, '16187.00', 0.00, NULL, 16000000),
	(56680, 84, 1, '12565,12610,12649,12650', 'ZXAMIPS(MNSI)', 0, '12938.00', 0.00, NULL, 16000000),
	(56681, 84, 1, '12565,12610,12649,12651', 'ZXAMIPS(FNSI)', 0, '16349.00', 0.00, NULL, 16000000),
	(56682, 84, 1, '12565,12611,12648,12650', 'ZXAMIPS(M)(SI)', 0, '13106.00', 0.00, NULL, 16000000),
	(56683, 84, 1, '12565,12611,12648,12651', 'ZXAMIPS(F)(SI)', 0, '17075.00', 0.00, NULL, 16000000),
	(56684, 84, 1, '12565,12611,12649,12650', 'ZXAMIPS(MNSI)', 0, '13237.00', 0.00, NULL, 16000000),
	(56685, 84, 1, '12565,12611,12649,12651', 'ZXAMIPS(FNSI)', 0, '17246.00', 0.00, NULL, 16000000),
	(56686, 84, 1, '12565,12612,12648,12650', 'ZXAMIPS(M)(SI)', 0, '13464.00', 0.00, NULL, 16000000),
	(56687, 84, 1, '12565,12612,12648,12651', 'ZXAMIPS(F)(SI)', 0, '18048.00', 0.00, NULL, 16000000),
	(56688, 84, 1, '12565,12612,12649,12650', 'ZXAMIPS(MNSI)', 0, '13599.00', 0.00, NULL, 16000000),
	(56689, 84, 1, '12565,12612,12649,12651', 'ZXAMIPS(FNSI)', 0, '18228.00', 0.00, NULL, 16000000),
	(56690, 84, 1, '12565,12613,12648,12650', 'ZXAMIPS(M)(SI)', 0, '13915.00', 0.00, NULL, 16000000),
	(56691, 84, 1, '12565,12613,12648,12651', 'ZXAMIPS(F)(SI)', 0, '18967.00', 0.00, NULL, 16000000),
	(56692, 84, 1, '12565,12613,12649,12650', 'ZXAMIPS(MNSI)', 0, '14054.00', 0.00, NULL, 16000000),
	(56693, 84, 1, '12565,12613,12649,12651', 'ZXAMIPS(FNSI)', 0, '19157.00', 0.00, NULL, 16000000),
	(56694, 84, 1, '12565,12614,12648,12650', 'ZXAMIPS(M)(SI)', 0, '14480.00', 0.00, NULL, 16000000),
	(56695, 84, 1, '12565,12614,12648,12651', 'ZXAMIPS(F)(SI)', 0, '19689.00', 0.00, NULL, 16000000),
	(56696, 84, 1, '12565,12614,12649,12650', 'ZXAMIPS(MNSI)', 0, '14625.00', 0.00, NULL, 16000000),
	(56697, 84, 1, '12565,12614,12649,12651', 'ZXAMIPS(FNSI)', 0, '19886.00', 0.00, NULL, 16000000),
	(56698, 84, 1, '12565,12615,12648,12650', 'ZXAMIPS(M)(SI)', 0, '15184.00', 0.00, NULL, 16000000),
	(56699, 84, 1, '12565,12615,12648,12651', 'ZXAMIPS(F)(SI)', 0, '20132.00', 0.00, NULL, 16000000),
	(56700, 84, 1, '12565,12615,12649,12650', 'ZXAMIPS(MNSI)', 0, '15336.00', 0.00, NULL, 16000000),
	(56701, 84, 1, '12565,12615,12649,12651', 'ZXAMIPS(FNSI)', 0, '20333.00', 0.00, NULL, 16000000),
	(56702, 84, 1, '12565,12616,12648,12650', 'ZXAMIPS(M)(SI)', 0, '16038.00', 0.00, NULL, 16000000),
	(56703, 84, 1, '12565,12616,12648,12651', 'ZXAMIPS(F)(SI)', 0, '20466.00', 0.00, NULL, 16000000),
	(56704, 84, 1, '12565,12616,12649,12650', 'ZXAMIPS(MNSI)', 0, '16198.00', 0.00, NULL, 16000000),
	(56705, 84, 1, '12565,12616,12649,12651', 'ZXAMIPS(FNSI)', 0, '20671.00', 0.00, NULL, 16000000),
	(56706, 84, 1, '12565,12617,12648,12650', 'ZXAMIPS(M)(SI)', 0, '17052.00', 0.00, NULL, 16000000),
	(56707, 84, 1, '12565,12617,12648,12651', 'ZXAMIPS(F)(SI)', 0, '20912.00', 0.00, NULL, 16000000),
	(56708, 84, 1, '12565,12617,12649,12650', 'ZXAMIPS(MNSI)', 0, '17223.00', 0.00, NULL, 16000000),
	(56709, 84, 1, '12565,12617,12649,12651', 'ZXAMIPS(FNSI)', 0, '21121.00', 0.00, NULL, 16000000),
	(56710, 84, 1, '12565,12618,12648,12650', 'ZXAMIPS(M)(SI)', 0, '18233.00', 0.00, NULL, 16000000),
	(56711, 84, 1, '12565,12618,12648,12651', 'ZXAMIPS(F)(SI)', 0, '21701.00', 0.00, NULL, 16000000),
	(56712, 84, 1, '12565,12618,12649,12650', 'ZXAMIPS(MNSI)', 0, '18415.00', 0.00, NULL, 16000000),
	(56713, 84, 1, '12565,12618,12649,12651', 'ZXAMIPS(FNSI)', 0, '21918.00', 0.00, NULL, 16000000),
	(56714, 84, 1, '12565,12619,12648,12650', 'ZXAMIPS(M)(SI)', 0, '19587.00', 0.00, NULL, 16000000),
	(56715, 84, 1, '12565,12619,12648,12651', 'ZXAMIPS(F)(SI)', 0, '23055.00', 0.00, NULL, 16000000),
	(56716, 84, 1, '12565,12619,12649,12650', 'ZXAMIPS(MNSI)', 0, '19783.00', 0.00, NULL, 16000000),
	(56717, 84, 1, '12565,12619,12649,12651', 'ZXAMIPS(FNSI)', 0, '23286.00', 0.00, NULL, 16000000),
	(56718, 84, 1, '12565,12620,12648,12650', 'ZXAMIPS(M)(SI)', 0, '21104.00', 0.00, NULL, 16000000),
	(56719, 84, 1, '12565,12620,12648,12651', 'ZXAMIPS(F)(SI)', 0, '25116.00', 0.00, NULL, 16000000),
	(56720, 84, 1, '12565,12620,12649,12650', 'ZXAMIPS(MNSI)', 0, '21315.00', 0.00, NULL, 16000000),
	(56721, 84, 1, '12565,12620,12649,12651', 'ZXAMIPS(FNSI)', 0, '25367.00', 0.00, NULL, 16000000),
	(56722, 84, 1, '12565,12621,12648,12650', 'ZXAMIPS(M)(SI)', 0, '22703.00', 0.00, NULL, 16000000),
	(56723, 84, 1, '12565,12621,12648,12651', 'ZXAMIPS(F)(SI)', 0, '27682.00', 0.00, NULL, 16000000),
	(56724, 84, 1, '12565,12621,12649,12650', 'ZXAMIPS(MNSI)', 0, '22930.00', 0.00, NULL, 16000000),
	(56725, 84, 1, '12565,12621,12649,12651', 'ZXAMIPS(FNSI)', 0, '27959.00', 0.00, NULL, 16000000),
	(56726, 84, 1, '12565,12622,12648,12650', 'ZXAMIPS(M)(SI)', 0, '24281.00', 0.00, NULL, 16000000),
	(56727, 84, 1, '12565,12622,12648,12651', 'ZXAMIPS(F)(SI)', 0, '30467.00', 0.00, NULL, 16000000),
	(56728, 84, 1, '12565,12622,12649,12650', 'ZXAMIPS(MNSI)', 0, '24524.00', 0.00, NULL, 16000000),
	(56729, 84, 1, '12565,12622,12649,12651', 'ZXAMIPS(FNSI)', 0, '30772.00', 0.00, NULL, 16000000),
	(56730, 84, 1, '12565,12623,12648,12650', 'ZXAMIPS(M)(SI)', 0, '25737.00', 0.00, NULL, 16000000),
	(56731, 84, 1, '12565,12623,12648,12651', 'ZXAMIPS(F)(SI)', 0, '33184.00', 0.00, NULL, 16000000),
	(56732, 84, 1, '12565,12623,12649,12650', 'ZXAMIPS(MNSI)', 0, '25994.00', 0.00, NULL, 16000000),
	(56733, 84, 1, '12565,12623,12649,12651', 'ZXAMIPS(FNSI)', 0, '33516.00', 0.00, NULL, 16000000),
	(56734, 84, 1, '12565,12624,12648,12650', 'ZXAMIPS(M)(SI)', 0, '26969.00', 0.00, NULL, 16000000),
	(56735, 84, 1, '12565,12624,12648,12651', 'ZXAMIPS(F)(SI)', 0, '35542.00', 0.00, NULL, 16000000),
	(56736, 84, 1, '12565,12624,12649,12650', 'ZXAMIPS(MNSI)', 0, '27239.00', 0.00, NULL, 16000000),
	(56737, 84, 1, '12565,12624,12649,12651', 'ZXAMIPS(FNSI)', 0, '35897.00', 0.00, NULL, 16000000),
	(56738, 84, 1, '12565,12625,12648,12650', 'ZXAMIPS(M)(SI)', 0, '27917.00', 0.00, NULL, 16000000),
	(56739, 84, 1, '12565,12625,12648,12651', 'ZXAMIPS(F)(SI)', 0, '37340.00', 0.00, NULL, 16000000),
	(56740, 84, 1, '12565,12625,12649,12650', 'ZXAMIPS(MNSI)', 0, '28196.00', 0.00, NULL, 16000000),
	(56741, 84, 1, '12565,12625,12649,12651', 'ZXAMIPS(FNSI)', 0, '37713.00', 0.00, NULL, 16000000),
	(56742, 84, 1, '12565,12626,12648,12650', 'ZXAMIPS(M)(SI)', 0, '28691.00', 0.00, NULL, 16000000),
	(56743, 84, 1, '12565,12626,12648,12651', 'ZXAMIPS(F)(SI)', 0, '38694.00', 0.00, NULL, 16000000),
	(56744, 84, 1, '12565,12626,12649,12650', 'ZXAMIPS(MNSI)', 0, '28978.00', 0.00, NULL, 16000000),
	(56745, 84, 1, '12565,12626,12649,12651', 'ZXAMIPS(FNSI)', 0, '39081.00', 0.00, NULL, 16000000),
	(56746, 84, 1, '12565,12627,12648,12650', 'ZXAMIPS(M)(SI)', 0, '29440.00', 0.00, NULL, 16000000),
	(56747, 84, 1, '12565,12627,12648,12651', 'ZXAMIPS(F)(SI)', 0, '39809.00', 0.00, NULL, 16000000),
	(56748, 84, 1, '12565,12627,12649,12650', 'ZXAMIPS(MNSI)', 0, '29734.00', 0.00, NULL, 16000000),
	(56749, 84, 1, '12565,12627,12649,12651', 'ZXAMIPS(FNSI)', 0, '40207.00', 0.00, NULL, 16000000),
	(56750, 84, 1, '12565,12628,12648,12650', 'ZXAMIPS(M)(SI)', 0, '30318.00', 0.00, NULL, 16000000),
	(56751, 84, 1, '12565,12628,12648,12651', 'ZXAMIPS(F)(SI)', 0, '40889.00', 0.00, NULL, 16000000),
	(56752, 84, 1, '12565,12628,12649,12650', 'ZXAMIPS(MNSI)', 0, '30621.00', 0.00, NULL, 16000000),
	(56753, 84, 1, '12565,12628,12649,12651', 'ZXAMIPS(FNSI)', 0, '41298.00', 0.00, NULL, 16000000),
	(56754, 84, 1, '12565,12629,12648,12650', 'ZXAMIPS(M)(SI)', 0, '31471.00', 0.00, NULL, 16000000),
	(56755, 84, 1, '12565,12629,12648,12651', 'ZXAMIPS(F)(SI)', 0, '42132.00', 0.00, NULL, 16000000),
	(56756, 84, 1, '12565,12629,12649,12650', 'ZXAMIPS(MNSI)', 0, '31786.00', 0.00, NULL, 16000000),
	(56757, 84, 1, '12565,12629,12649,12651', 'ZXAMIPS(FNSI)', 0, '42553.00', 0.00, NULL, 16000000),
	(56758, 84, 1, '12565,12630,12648,12650', 'ZXAMIPS(M)(SI)', 0, '33007.00', 0.00, NULL, 16000000),
	(56759, 84, 1, '12565,12630,12648,12651', 'ZXAMIPS(F)(SI)', 0, '43690.00', 0.00, NULL, 16000000),
	(56760, 84, 1, '12565,12630,12649,12650', 'ZXAMIPS(MNSI)', 0, '33337.00', 0.00, NULL, 16000000),
	(56761, 84, 1, '12565,12630,12649,12651', 'ZXAMIPS(FNSI)', 0, '44127.00', 0.00, NULL, 16000000),
	(56762, 84, 1, '12565,12631,12648,12650', 'ZXAMIPS(M)(SI)', 0, '34827.00', 0.00, NULL, 16000000),
	(56763, 84, 1, '12565,12631,12648,12651', 'ZXAMIPS(F)(SI)', 0, '45513.00', 0.00, NULL, 16000000),
	(56764, 84, 1, '12565,12631,12649,12650', 'ZXAMIPS(MNSI)', 0, '35175.00', 0.00, NULL, 16000000),
	(56765, 84, 1, '12565,12631,12649,12651', 'ZXAMIPS(FNSI)', 0, '45968.00', 0.00, NULL, 16000000),
	(56766, 84, 1, '12565,12632,12648,12650', 'ZXAMIPS(M)(SI)', 0, '36792.00', 0.00, NULL, 16000000),
	(56767, 84, 1, '12565,12632,12648,12651', 'ZXAMIPS(F)(SI)', 0, '47485.00', 0.00, NULL, 16000000),
	(56768, 84, 1, '12565,12632,12649,12650', 'ZXAMIPS(MNSI)', 0, '37160.00', 0.00, NULL, 16000000),
	(56769, 84, 1, '12565,12632,12649,12651', 'ZXAMIPS(FNSI)', 0, '47960.00', 0.00, NULL, 16000000),
	(56770, 84, 1, '12565,12633,12648,12650', 'ZXAMIPS(M)(SI)', 0, '38761.00', 0.00, NULL, 16000000),
	(56771, 84, 1, '12565,12633,12648,12651', 'ZXAMIPS(F)(SI)', 0, '49503.00', 0.00, NULL, 16000000),
	(56772, 84, 1, '12565,12633,12649,12650', 'ZXAMIPS(MNSI)', 0, '39149.00', 0.00, NULL, 16000000),
	(56773, 84, 1, '12565,12633,12649,12651', 'ZXAMIPS(FNSI)', 0, '49998.00', 0.00, NULL, 16000000),
	(56774, 84, 1, '12565,12634,12648,12650', 'ZXAMIPS(M)(SI)', 0, '40591.00', 0.00, NULL, 16000000),
	(56775, 84, 1, '12565,12634,12648,12651', 'ZXAMIPS(F)(SI)', 0, '51463.00', 0.00, NULL, 16000000),
	(56776, 84, 1, '12565,12634,12649,12650', 'ZXAMIPS(MNSI)', 0, '40997.00', 0.00, NULL, 16000000),
	(56777, 84, 1, '12565,12634,12649,12651', 'ZXAMIPS(FNSI)', 0, '51978.00', 0.00, NULL, 16000000),
	(56778, 84, 1, '12565,12635,12648,12650', 'ZXAMIPS(M)(SI)', 0, '42181.00', 0.00, NULL, 16000000),
	(56779, 84, 1, '12565,12635,12648,12651', 'ZXAMIPS(F)(SI)', 0, '53286.00', 0.00, NULL, 16000000),
	(56780, 84, 1, '12565,12635,12649,12650', 'ZXAMIPS(MNSI)', 0, '42603.00', 0.00, NULL, 16000000),
	(56781, 84, 1, '12565,12635,12649,12651', 'ZXAMIPS(FNSI)', 0, '53819.00', 0.00, NULL, 16000000),
	(56782, 84, 1, '12565,12636,12648,12650', 'ZXAMIPS(M)(SI)', 0, '43602.00', 0.00, NULL, 16000000),
	(56783, 84, 1, '12565,12636,12648,12651', 'ZXAMIPS(F)(SI)', 0, '55017.00', 0.00, NULL, 16000000),
	(56784, 84, 1, '12565,12636,12649,12650', 'ZXAMIPS(MNSI)', 0, '44038.00', 0.00, NULL, 16000000),
	(56785, 84, 1, '12565,12636,12649,12651', 'ZXAMIPS(FNSI)', 0, '55567.00', 0.00, NULL, 16000000),
	(56786, 84, 1, '12565,12637,12648,12650', 'ZXAMIPS(M)(SI)', 0, '44963.00', 0.00, NULL, 16000000),
	(56787, 84, 1, '12565,12637,12648,12651', 'ZXAMIPS(F)(SI)', 0, '56724.00', 0.00, NULL, 16000000),
	(56788, 84, 1, '12565,12637,12649,12650', 'ZXAMIPS(MNSI)', 0, '45413.00', 0.00, NULL, 16000000),
	(56789, 84, 1, '12565,12637,12649,12651', 'ZXAMIPS(FNSI)', 0, '57291.00', 0.00, NULL, 16000000),
	(56790, 84, 1, '12565,12638,12648,12650', 'ZXAMIPS(M)(SI)', 0, '46374.00', 0.00, NULL, 16000000),
	(56791, 84, 1, '12565,12638,12648,12651', 'ZXAMIPS(F)(SI)', 0, '58489.00', 0.00, NULL, 16000000),
	(56792, 84, 1, '12565,12638,12649,12650', 'ZXAMIPS(MNSI)', 0, '46838.00', 0.00, NULL, 16000000),
	(56793, 84, 1, '12565,12638,12649,12651', 'ZXAMIPS(FNSI)', 0, '59074.00', 0.00, NULL, 16000000),
	(56794, 84, 1, '12565,12639,12648,12650', 'ZXAMIPS(M)(SI)', 0, '47949.00', 0.00, NULL, 16000000),
	(56795, 84, 1, '12565,12639,12648,12651', 'ZXAMIPS(F)(SI)', 0, '60380.00', 0.00, NULL, 16000000),
	(56796, 84, 1, '12565,12639,12649,12650', 'ZXAMIPS(MNSI)', 0, '48428.00', 0.00, NULL, 16000000),
	(56797, 84, 1, '12565,12639,12649,12651', 'ZXAMIPS(FNSI)', 0, '60984.00', 0.00, NULL, 16000000),
	(56798, 84, 1, '12565,12640,12648,12650', 'ZXAMIPS(M)(SI)', 0, '49770.00', 0.00, NULL, 16000000),
	(56799, 84, 1, '12565,12640,12648,12651', 'ZXAMIPS(F)(SI)', 0, '62452.00', 0.00, NULL, 16000000),
	(56800, 84, 1, '12565,12640,12649,12650', 'ZXAMIPS(MNSI)', 0, '50268.00', 0.00, NULL, 16000000),
	(56801, 84, 1, '12565,12640,12649,12651', 'ZXAMIPS(FNSI)', 0, '63077.00', 0.00, NULL, 16000000),
	(56802, 84, 1, '12565,12641,12648,12650', 'ZXAMIPS(M)(SI)', 0, '51809.00', 0.00, NULL, 16000000),
	(56803, 84, 1, '12565,12641,12648,12651', 'ZXAMIPS(F)(SI)', 0, '64686.00', 0.00, NULL, 16000000),
	(56804, 84, 1, '12565,12641,12649,12650', 'ZXAMIPS(MNSI)', 0, '52327.00', 0.00, NULL, 16000000),
	(56805, 84, 1, '12565,12641,12649,12651', 'ZXAMIPS(FNSI)', 0, '65333.00', 0.00, NULL, 16000000),
	(56806, 84, 1, '12565,12642,12648,12650', 'ZXAMIPS(M)(SI)', 0, '54012.00', 0.00, NULL, 16000000),
	(56807, 84, 1, '12565,12642,12648,12651', 'ZXAMIPS(F)(SI)', 0, '67040.00', 0.00, NULL, 16000000),
	(56808, 84, 1, '12565,12642,12649,12650', 'ZXAMIPS(MNSI)', 0, '54552.00', 0.00, NULL, 16000000),
	(56809, 84, 1, '12565,12642,12649,12651', 'ZXAMIPS(FNSI)', 0, '67710.00', 0.00, NULL, 16000000),
	(56810, 84, 1, '12565,12643,12648,12650', 'ZXAMIPS(M)(SI)', 0, '56327.00', 0.00, NULL, 16000000),
	(56811, 84, 1, '12565,12643,12648,12651', 'ZXAMIPS(F)(SI)', 0, '69473.00', 0.00, NULL, 16000000),
	(56812, 84, 1, '12565,12643,12649,12650', 'ZXAMIPS(MNSI)', 0, '56890.00', 0.00, NULL, 16000000),
	(56813, 84, 1, '12565,12643,12649,12651', 'ZXAMIPS(FNSI)', 0, '70168.00', 0.00, NULL, 16000000),
	(56814, 84, 1, '12565,12644,12648,12650', 'ZXAMIPS(M)(SI)', 0, '58693.00', 0.00, NULL, 16000000),
	(56815, 84, 1, '12565,12644,12648,12651', 'ZXAMIPS(F)(SI)', 0, '71950.00', 0.00, NULL, 16000000),
	(56816, 84, 1, '12565,12644,12649,12650', 'ZXAMIPS(MNSI)', 0, '59280.00', 0.00, NULL, 16000000),
	(56817, 84, 1, '12565,12644,12649,12651', 'ZXAMIPS(FNSI)', 0, '72670.00', 0.00, NULL, 16000000),
	(56818, 84, 1, '12565,12645,12648,12650', 'ZXAMIPS(M)(SI)', 0, '61160.00', 0.00, NULL, 16000000),
	(56819, 84, 1, '12565,12645,12648,12651', 'ZXAMIPS(F)(SI)', 0, '74512.00', 0.00, NULL, 16000000),
	(56820, 84, 1, '12565,12645,12649,12650', 'ZXAMIPS(MNSI)', 0, '61772.00', 0.00, NULL, 16000000),
	(56821, 84, 1, '12565,12645,12649,12651', 'ZXAMIPS(FNSI)', 0, '75257.00', 0.00, NULL, 16000000),
	(56822, 84, 1, '12565,12646,12648,12650', 'ZXAMIPS(M)(SI)', 0, '63731.00', 0.00, NULL, 16000000),
	(56823, 84, 1, '12565,12646,12648,12651', 'ZXAMIPS(F)(SI)', 0, '77165.00', 0.00, NULL, 16000000),
	(56824, 84, 1, '12565,12646,12649,12650', 'ZXAMIPS(MNSI)', 0, '64368.00', 0.00, NULL, 16000000),
	(56825, 84, 1, '12565,12646,12649,12651', 'ZXAMIPS(FNSI)', 0, '77937.00', 0.00, NULL, 16000000),
	(56826, 84, 1, '12565,12647,12648,12650', 'ZXAMIPS(M)(SI)', 0, '66408.00', 0.00, NULL, 16000000),
	(56827, 84, 1, '12565,12647,12648,12651', 'ZXAMIPS(F)(SI)', 0, '79915.00', 0.00, NULL, 16000000),
	(56828, 84, 1, '12565,12647,12649,12650', 'ZXAMIPS(MNSI)', 0, '67072.00', 0.00, NULL, 16000000),
	(56829, 84, 1, '12565,12647,12649,12651', 'ZXAMIPS(FNSI)', 0, '80714.00', 0.00, NULL, 16000000),
	(56830, 84, 1, '12566,12567,12648,12650', 'ZXAMIPH(M)(SI)', 0, '25886.00', 0.00, NULL, 16000000),
	(56831, 84, 1, '12566,12567,12648,12651', 'ZXAMIPH(F)(SI)', 0, '25886.00', 0.00, NULL, 16000000),
	(56832, 84, 1, '12566,12567,12649,12650', 'ZXAMIPH(MNSI)', 0, '26145.00', 0.00, NULL, 16000000),
	(56833, 84, 1, '12566,12567,12649,12651', 'ZXAMIPH(FNSI)', 0, '26145.00', 0.00, NULL, 16000000),
	(56834, 84, 1, '12566,12568,12648,12650', 'ZXAMIPH(M)(SI)', 0, '14017.00', 0.00, NULL, 16000000),
	(56835, 84, 1, '12566,12568,12648,12651', 'ZXAMIPH(F)(SI)', 0, '14017.00', 0.00, NULL, 16000000),
	(56836, 84, 1, '12566,12568,12649,12650', 'ZXAMIPH(MNSI)', 0, '14157.00', 0.00, NULL, 16000000),
	(56837, 84, 1, '12566,12568,12649,12651', 'ZXAMIPH(FNSI)', 0, '14157.00', 0.00, NULL, 16000000),
	(56838, 84, 1, '12566,12569,12648,12650', 'ZXAMIPH(M)(SI)', 0, '14326.00', 0.00, NULL, 16000000),
	(56839, 84, 1, '12566,12569,12648,12651', 'ZXAMIPH(F)(SI)', 0, '14326.00', 0.00, NULL, 16000000),
	(56840, 84, 1, '12566,12569,12649,12650', 'ZXAMIPH(MNSI)', 0, '14469.00', 0.00, NULL, 16000000),
	(56841, 84, 1, '12566,12569,12649,12651', 'ZXAMIPH(FNSI)', 0, '14469.00', 0.00, NULL, 16000000),
	(56842, 84, 1, '12566,12570,12648,12650', 'ZXAMIPH(M)(SI)', 0, '15500.00', 0.00, NULL, 16000000),
	(56843, 84, 1, '12566,12570,12648,12651', 'ZXAMIPH(F)(SI)', 0, '15507.00', 0.00, NULL, 16000000),
	(56844, 84, 1, '12566,12570,12649,12650', 'ZXAMIPH(MNSI)', 0, '15655.00', 0.00, NULL, 16000000),
	(56845, 84, 1, '12566,12570,12649,12651', 'ZXAMIPH(FNSI)', 0, '15662.00', 0.00, NULL, 16000000),
	(56846, 84, 1, '12566,12571,12648,12650', 'ZXAMIPH(M)(SI)', 0, '14648.00', 0.00, NULL, 16000000),
	(56847, 84, 1, '12566,12571,12648,12651', 'ZXAMIPH(F)(SI)', 0, '14663.00', 0.00, NULL, 16000000),
	(56848, 84, 1, '12566,12571,12649,12650', 'ZXAMIPH(MNSI)', 0, '14794.00', 0.00, NULL, 16000000),
	(56849, 84, 1, '12566,12571,12649,12651', 'ZXAMIPH(FNSI)', 0, '14810.00', 0.00, NULL, 16000000),
	(56850, 84, 1, '12566,12572,12648,12650', 'ZXAMIPH(M)(SI)', 0, '12682.00', 0.00, NULL, 16000000),
	(56851, 84, 1, '12566,12572,12648,12651', 'ZXAMIPH(F)(SI)', 0, '12697.00', 0.00, NULL, 16000000),
	(56852, 84, 1, '12566,12572,12649,12650', 'ZXAMIPH(MNSI)', 0, '12809.00', 0.00, NULL, 16000000),
	(56853, 84, 1, '12566,12572,12649,12651', 'ZXAMIPH(FNSI)', 0, '12824.00', 0.00, NULL, 16000000),
	(56854, 84, 1, '12566,12573,12648,12650', 'ZXAMIPH(M)(SI)', 0, '10523.00', 0.00, NULL, 16000000),
	(56855, 84, 1, '12566,12573,12648,12651', 'ZXAMIPH(F)(SI)', 0, '10523.00', 0.00, NULL, 16000000),
	(56856, 84, 1, '12566,12573,12649,12650', 'ZXAMIPH(MNSI)', 0, '10628.00', 0.00, NULL, 16000000),
	(56857, 84, 1, '12566,12573,12649,12651', 'ZXAMIPH(FNSI)', 0, '10628.00', 0.00, NULL, 16000000),
	(56858, 84, 1, '12566,12574,12648,12650', 'ZXAMIPH(M)(SI)', 0, '8912.00', 0.00, NULL, 16000000),
	(56859, 84, 1, '12566,12574,12648,12651', 'ZXAMIPH(F)(SI)', 0, '8876.00', 0.00, NULL, 16000000),
	(56860, 84, 1, '12566,12574,12649,12650', 'ZXAMIPH(MNSI)', 0, '9001.00', 0.00, NULL, 16000000),
	(56861, 84, 1, '12566,12574,12649,12651', 'ZXAMIPH(FNSI)', 0, '8965.00', 0.00, NULL, 16000000),
	(56862, 84, 1, '12566,12575,12648,12650', 'ZXAMIPH(M)(SI)', 0, '7901.00', 0.00, NULL, 16000000),
	(56863, 84, 1, '12566,12575,12648,12651', 'ZXAMIPH(F)(SI)', 0, '7820.00', 0.00, NULL, 16000000),
	(56864, 84, 1, '12566,12575,12649,12650', 'ZXAMIPH(MNSI)', 0, '7980.00', 0.00, NULL, 16000000),
	(56865, 84, 1, '12566,12575,12649,12651', 'ZXAMIPH(FNSI)', 0, '7898.00', 0.00, NULL, 16000000),
	(56866, 84, 1, '12566,12576,12648,12650', 'ZXAMIPH(M)(SI)', 0, '7360.00', 0.00, NULL, 16000000),
	(56867, 84, 1, '12566,12576,12648,12651', 'ZXAMIPH(F)(SI)', 0, '7241.00', 0.00, NULL, 16000000),
	(56868, 84, 1, '12566,12576,12649,12650', 'ZXAMIPH(MNSI)', 0, '7434.00', 0.00, NULL, 16000000),
	(56869, 84, 1, '12566,12576,12649,12651', 'ZXAMIPH(FNSI)', 0, '7313.00', 0.00, NULL, 16000000),
	(56870, 84, 1, '12566,12577,12648,12650', 'ZXAMIPH(M)(SI)', 0, '7164.00', 0.00, NULL, 16000000),
	(56871, 84, 1, '12566,12577,12648,12651', 'ZXAMIPH(F)(SI)', 0, '7035.00', 0.00, NULL, 16000000),
	(56872, 84, 1, '12566,12577,12649,12650', 'ZXAMIPH(MNSI)', 0, '7236.00', 0.00, NULL, 16000000),
	(56873, 84, 1, '12566,12577,12649,12651', 'ZXAMIPH(FNSI)', 0, '7105.00', 0.00, NULL, 16000000),
	(56874, 84, 1, '12566,12578,12648,12650', 'ZXAMIPH(M)(SI)', 0, '7187.00', 0.00, NULL, 16000000),
	(56875, 84, 1, '12566,12578,12648,12651', 'ZXAMIPH(F)(SI)', 0, '7092.00', 0.00, NULL, 16000000),
	(56876, 84, 1, '12566,12578,12649,12650', 'ZXAMIPH(MNSI)', 0, '7259.00', 0.00, NULL, 16000000),
	(56877, 84, 1, '12566,12578,12649,12651', 'ZXAMIPH(FNSI)', 0, '7163.00', 0.00, NULL, 16000000),
	(56878, 84, 1, '12566,12579,12648,12650', 'ZXAMIPH(M)(SI)', 0, '7304.00', 0.00, NULL, 16000000),
	(56879, 84, 1, '12566,12579,12648,12651', 'ZXAMIPH(F)(SI)', 0, '7304.00', 0.00, NULL, 16000000),
	(56880, 84, 1, '12566,12579,12649,12650', 'ZXAMIPH(MNSI)', 0, '7377.00', 0.00, NULL, 16000000),
	(56881, 84, 1, '12566,12579,12649,12651', 'ZXAMIPH(FNSI)', 0, '7377.00', 0.00, NULL, 16000000),
	(56882, 84, 1, '12566,12580,12648,12650', 'ZXAMIPH(M)(SI)', 0, '7416.00', 0.00, NULL, 16000000),
	(56883, 84, 1, '12566,12580,12648,12651', 'ZXAMIPH(F)(SI)', 0, '7573.00', 0.00, NULL, 16000000),
	(56884, 84, 1, '12566,12580,12649,12650', 'ZXAMIPH(MNSI)', 0, '7490.00', 0.00, NULL, 16000000),
	(56885, 84, 1, '12566,12580,12649,12651', 'ZXAMIPH(FNSI)', 0, '7649.00', 0.00, NULL, 16000000),
	(56886, 84, 1, '12566,12581,12648,12650', 'ZXAMIPH(M)(SI)', 0, '7525.00', 0.00, NULL, 16000000),
	(56887, 84, 1, '12566,12581,12648,12651', 'ZXAMIPH(F)(SI)', 0, '7841.00', 0.00, NULL, 16000000),
	(56888, 84, 1, '12566,12581,12649,12650', 'ZXAMIPH(MNSI)', 0, '7600.00', 0.00, NULL, 16000000),
	(56889, 84, 1, '12566,12581,12649,12651', 'ZXAMIPH(FNSI)', 0, '7919.00', 0.00, NULL, 16000000),
	(56890, 84, 1, '12566,12582,12648,12650', 'ZXAMIPH(M)(SI)', 0, '7667.00', 0.00, NULL, 16000000),
	(56891, 84, 1, '12566,12582,12648,12651', 'ZXAMIPH(F)(SI)', 0, '8060.00', 0.00, NULL, 16000000),
	(56892, 84, 1, '12566,12582,12649,12650', 'ZXAMIPH(MNSI)', 0, '7744.00', 0.00, NULL, 16000000),
	(56893, 84, 1, '12566,12582,12649,12651', 'ZXAMIPH(FNSI)', 0, '8141.00', 0.00, NULL, 16000000),
	(56894, 84, 1, '12566,12583,12648,12650', 'ZXAMIPH(M)(SI)', 0, '7874.00', 0.00, NULL, 16000000),
	(56895, 84, 1, '12566,12583,12648,12651', 'ZXAMIPH(F)(SI)', 0, '8188.00', 0.00, NULL, 16000000),
	(56896, 84, 1, '12566,12583,12649,12650', 'ZXAMIPH(MNSI)', 0, '7953.00', 0.00, NULL, 16000000),
	(56897, 84, 1, '12566,12583,12649,12651', 'ZXAMIPH(FNSI)', 0, '8270.00', 0.00, NULL, 16000000),
	(56898, 84, 1, '12566,12584,12648,12650', 'ZXAMIPH(M)(SI)', 0, '8171.00', 0.00, NULL, 16000000),
	(56899, 84, 1, '12566,12584,12648,12651', 'ZXAMIPH(F)(SI)', 0, '8171.00', 0.00, NULL, 16000000),
	(56900, 84, 1, '12566,12584,12649,12650', 'ZXAMIPH(MNSI)', 0, '8253.00', 0.00, NULL, 16000000),
	(56901, 84, 1, '12566,12584,12649,12651', 'ZXAMIPH(FNSI)', 0, '8253.00', 0.00, NULL, 16000000),
	(56902, 84, 1, '12566,12585,12648,12650', 'ZXAMIPH(M)(SI)', 0, '8583.00', 0.00, NULL, 16000000),
	(56903, 84, 1, '12566,12585,12648,12651', 'ZXAMIPH(F)(SI)', 0, '7996.00', 0.00, NULL, 16000000),
	(56904, 84, 1, '12566,12585,12649,12650', 'ZXAMIPH(MNSI)', 0, '8669.00', 0.00, NULL, 16000000),
	(56905, 84, 1, '12566,12585,12649,12651', 'ZXAMIPH(FNSI)', 0, '8076.00', 0.00, NULL, 16000000),
	(56906, 84, 1, '12566,12586,12648,12650', 'ZXAMIPH(M)(SI)', 0, '9059.00', 0.00, NULL, 16000000),
	(56907, 84, 1, '12566,12586,12648,12651', 'ZXAMIPH(F)(SI)', 0, '7744.00', 0.00, NULL, 16000000),
	(56908, 84, 1, '12566,12586,12649,12650', 'ZXAMIPH(MNSI)', 0, '9150.00', 0.00, NULL, 16000000),
	(56909, 84, 1, '12566,12586,12649,12651', 'ZXAMIPH(FNSI)', 0, '7821.00', 0.00, NULL, 16000000),
	(56910, 84, 1, '12566,12587,12648,12650', 'ZXAMIPH(M)(SI)', 0, '9539.00', 0.00, NULL, 16000000),
	(56911, 84, 1, '12566,12587,12648,12651', 'ZXAMIPH(F)(SI)', 0, '7527.00', 0.00, NULL, 16000000),
	(56912, 84, 1, '12566,12587,12649,12650', 'ZXAMIPH(MNSI)', 0, '9634.00', 0.00, NULL, 16000000),
	(56913, 84, 1, '12566,12587,12649,12651', 'ZXAMIPH(FNSI)', 0, '7602.00', 0.00, NULL, 16000000),
	(56914, 84, 1, '12566,12588,12648,12650', 'ZXAMIPH(M)(SI)', 0, '9956.00', 0.00, NULL, 16000000),
	(56915, 84, 1, '12566,12588,12648,12651', 'ZXAMIPH(F)(SI)', 0, '7455.00', 0.00, NULL, 16000000),
	(56916, 84, 1, '12566,12588,12649,12650', 'ZXAMIPH(MNSI)', 0, '10056.00', 0.00, NULL, 16000000),
	(56917, 84, 1, '12566,12588,12649,12651', 'ZXAMIPH(FNSI)', 0, '7530.00', 0.00, NULL, 16000000),
	(56918, 84, 1, '12566,12589,12648,12650', 'ZXAMIPH(M)(SI)', 0, '10252.00', 0.00, NULL, 16000000),
	(56919, 84, 1, '12566,12589,12648,12651', 'ZXAMIPH(F)(SI)', 0, '7640.00', 0.00, NULL, 16000000),
	(56920, 84, 1, '12566,12589,12649,12650', 'ZXAMIPH(MNSI)', 0, '10355.00', 0.00, NULL, 16000000),
	(56921, 84, 1, '12566,12589,12649,12651', 'ZXAMIPH(FNSI)', 0, '7716.00', 0.00, NULL, 16000000),
	(56922, 84, 1, '12566,12590,12648,12650', 'ZXAMIPH(M)(SI)', 0, '10384.00', 0.00, NULL, 16000000),
	(56923, 84, 1, '12566,12590,12648,12651', 'ZXAMIPH(F)(SI)', 0, '8155.00', 0.00, NULL, 16000000),
	(56924, 84, 1, '12566,12590,12649,12650', 'ZXAMIPH(MNSI)', 0, '10488.00', 0.00, NULL, 16000000),
	(56925, 84, 1, '12566,12590,12649,12651', 'ZXAMIPH(FNSI)', 0, '8237.00', 0.00, NULL, 16000000),
	(56926, 84, 1, '12566,12591,12648,12650', 'ZXAMIPH(M)(SI)', 0, '10391.00', 0.00, NULL, 16000000),
	(56927, 84, 1, '12566,12591,12648,12651', 'ZXAMIPH(F)(SI)', 0, '8919.00', 0.00, NULL, 16000000),
	(56928, 84, 1, '12566,12591,12649,12650', 'ZXAMIPH(MNSI)', 0, '10495.00', 0.00, NULL, 16000000),
	(56929, 84, 1, '12566,12591,12649,12651', 'ZXAMIPH(FNSI)', 0, '9008.00', 0.00, NULL, 16000000),
	(56930, 84, 1, '12566,12592,12648,12650', 'ZXAMIPH(M)(SI)', 0, '10330.00', 0.00, NULL, 16000000),
	(56931, 84, 1, '12566,12592,12648,12651', 'ZXAMIPH(F)(SI)', 0, '9815.00', 0.00, NULL, 16000000),
	(56932, 84, 1, '12566,12592,12649,12650', 'ZXAMIPH(MNSI)', 0, '10433.00', 0.00, NULL, 16000000),
	(56933, 84, 1, '12566,12592,12649,12651', 'ZXAMIPH(FNSI)', 0, '9913.00', 0.00, NULL, 16000000),
	(56934, 84, 1, '12566,12593,12648,12650', 'ZXAMIPH(M)(SI)', 0, '10263.00', 0.00, NULL, 16000000),
	(56935, 84, 1, '12566,12593,12648,12651', 'ZXAMIPH(F)(SI)', 0, '10724.00', 0.00, NULL, 16000000),
	(56936, 84, 1, '12566,12593,12649,12650', 'ZXAMIPH(MNSI)', 0, '10366.00', 0.00, NULL, 16000000),
	(56937, 84, 1, '12566,12593,12649,12651', 'ZXAMIPH(FNSI)', 0, '10831.00', 0.00, NULL, 16000000),
	(56938, 84, 1, '12566,12594,12648,12650', 'ZXAMIPH(M)(SI)', 0, '10247.00', 0.00, NULL, 16000000),
	(56939, 84, 1, '12566,12594,12648,12651', 'ZXAMIPH(F)(SI)', 0, '11529.00', 0.00, NULL, 16000000),
	(56940, 84, 1, '12566,12594,12649,12650', 'ZXAMIPH(MNSI)', 0, '10349.00', 0.00, NULL, 16000000),
	(56941, 84, 1, '12566,12594,12649,12651', 'ZXAMIPH(FNSI)', 0, '11644.00', 0.00, NULL, 16000000),
	(56942, 84, 1, '12566,12595,12648,12650', 'ZXAMIPH(M)(SI)', 0, '10329.00', 0.00, NULL, 16000000),
	(56943, 84, 1, '12566,12595,12648,12651', 'ZXAMIPH(F)(SI)', 0, '12146.00', 0.00, NULL, 16000000),
	(56944, 84, 1, '12566,12595,12649,12650', 'ZXAMIPH(MNSI)', 0, '10432.00', 0.00, NULL, 16000000),
	(56945, 84, 1, '12566,12595,12649,12651', 'ZXAMIPH(FNSI)', 0, '12267.00', 0.00, NULL, 16000000),
	(56946, 84, 1, '12566,12596,12648,12650', 'ZXAMIPH(M)(SI)', 0, '10497.00', 0.00, NULL, 16000000),
	(56947, 84, 1, '12566,12596,12648,12651', 'ZXAMIPH(F)(SI)', 0, '12615.00', 0.00, NULL, 16000000),
	(56948, 84, 1, '12566,12596,12649,12650', 'ZXAMIPH(MNSI)', 0, '10602.00', 0.00, NULL, 16000000),
	(56949, 84, 1, '12566,12596,12649,12651', 'ZXAMIPH(FNSI)', 0, '12741.00', 0.00, NULL, 16000000),
	(56950, 84, 1, '12566,12597,12648,12650', 'ZXAMIPH(M)(SI)', 0, '10734.00', 0.00, NULL, 16000000),
	(56951, 84, 1, '12566,12597,12648,12651', 'ZXAMIPH(F)(SI)', 0, '13017.00', 0.00, NULL, 16000000),
	(56952, 84, 1, '12566,12597,12649,12650', 'ZXAMIPH(MNSI)', 0, '10841.00', 0.00, NULL, 16000000),
	(56953, 84, 1, '12566,12597,12649,12651', 'ZXAMIPH(FNSI)', 0, '13147.00', 0.00, NULL, 16000000),
	(56954, 84, 1, '12566,12598,12648,12650', 'ZXAMIPH(M)(SI)', 0, '11014.00', 0.00, NULL, 16000000),
	(56955, 84, 1, '12566,12598,12648,12651', 'ZXAMIPH(F)(SI)', 0, '13430.00', 0.00, NULL, 16000000),
	(56956, 84, 1, '12566,12598,12649,12650', 'ZXAMIPH(MNSI)', 0, '11124.00', 0.00, NULL, 16000000),
	(56957, 84, 1, '12566,12598,12649,12651', 'ZXAMIPH(FNSI)', 0, '13564.00', 0.00, NULL, 16000000),
	(56958, 84, 1, '12566,12599,12648,12650', 'ZXAMIPH(M)(SI)', 0, '11320.00', 0.00, NULL, 16000000),
	(56959, 84, 1, '12566,12599,12648,12651', 'ZXAMIPH(F)(SI)', 0, '13930.00', 0.00, NULL, 16000000),
	(56960, 84, 1, '12566,12599,12649,12650', 'ZXAMIPH(MNSI)', 0, '11433.00', 0.00, NULL, 16000000),
	(56961, 84, 1, '12566,12599,12649,12651', 'ZXAMIPH(FNSI)', 0, '14069.00', 0.00, NULL, 16000000),
	(56962, 84, 1, '12566,12600,12648,12650', 'ZXAMIPH(M)(SI)', 0, '11629.00', 0.00, NULL, 16000000),
	(56963, 84, 1, '12566,12600,12648,12651', 'ZXAMIPH(F)(SI)', 0, '14566.00', 0.00, NULL, 16000000),
	(56964, 84, 1, '12566,12600,12649,12650', 'ZXAMIPH(MNSI)', 0, '11745.00', 0.00, NULL, 16000000),
	(56965, 84, 1, '12566,12600,12649,12651', 'ZXAMIPH(FNSI)', 0, '14712.00', 0.00, NULL, 16000000),
	(56966, 84, 1, '12566,12601,12648,12650', 'ZXAMIPH(M)(SI)', 0, '11938.00', 0.00, NULL, 16000000),
	(56967, 84, 1, '12566,12601,12648,12651', 'ZXAMIPH(F)(SI)', 0, '15278.00', 0.00, NULL, 16000000),
	(56968, 84, 1, '12566,12601,12649,12650', 'ZXAMIPH(MNSI)', 0, '12057.00', 0.00, NULL, 16000000),
	(56969, 84, 1, '12566,12601,12649,12651', 'ZXAMIPH(FNSI)', 0, '15431.00', 0.00, NULL, 16000000),
	(56970, 84, 1, '12566,12602,12648,12650', 'ZXAMIPH(M)(SI)', 0, '12245.00', 0.00, NULL, 16000000),
	(56971, 84, 1, '12566,12602,12648,12651', 'ZXAMIPH(F)(SI)', 0, '15971.00', 0.00, NULL, 16000000),
	(56972, 84, 1, '12566,12602,12649,12650', 'ZXAMIPH(MNSI)', 0, '12367.00', 0.00, NULL, 16000000),
	(56973, 84, 1, '12566,12602,12649,12651', 'ZXAMIPH(FNSI)', 0, '16131.00', 0.00, NULL, 16000000),
	(56974, 84, 1, '12566,12603,12648,12650', 'ZXAMIPH(M)(SI)', 0, '12550.00', 0.00, NULL, 16000000),
	(56975, 84, 1, '12566,12603,12648,12651', 'ZXAMIPH(F)(SI)', 0, '16562.00', 0.00, NULL, 16000000),
	(56976, 84, 1, '12566,12603,12649,12650', 'ZXAMIPH(MNSI)', 0, '12676.00', 0.00, NULL, 16000000),
	(56977, 84, 1, '12566,12603,12649,12651', 'ZXAMIPH(FNSI)', 0, '16728.00', 0.00, NULL, 16000000),
	(56978, 84, 1, '12566,12604,12648,12650', 'ZXAMIPH(M)(SI)', 0, '12854.00', 0.00, NULL, 16000000),
	(56979, 84, 1, '12566,12604,12648,12651', 'ZXAMIPH(F)(SI)', 0, '16954.00', 0.00, NULL, 16000000),
	(56980, 84, 1, '12566,12604,12649,12650', 'ZXAMIPH(MNSI)', 0, '12983.00', 0.00, NULL, 16000000),
	(56981, 84, 1, '12566,12604,12649,12651', 'ZXAMIPH(FNSI)', 0, '17124.00', 0.00, NULL, 16000000),
	(56982, 84, 1, '12566,12605,12648,12650', 'ZXAMIPH(M)(SI)', 0, '13150.00', 0.00, NULL, 16000000),
	(56983, 84, 1, '12566,12605,12648,12651', 'ZXAMIPH(F)(SI)', 0, '17100.00', 0.00, NULL, 16000000),
	(56984, 84, 1, '12566,12605,12649,12650', 'ZXAMIPH(MNSI)', 0, '13282.00', 0.00, NULL, 16000000),
	(56985, 84, 1, '12566,12605,12649,12651', 'ZXAMIPH(FNSI)', 0, '17271.00', 0.00, NULL, 16000000),
	(56986, 84, 1, '12566,12606,12648,12650', 'ZXAMIPH(M)(SI)', 0, '13441.00', 0.00, NULL, 16000000),
	(56987, 84, 1, '12566,12606,12648,12651', 'ZXAMIPH(F)(SI)', 0, '17095.00', 0.00, NULL, 16000000),
	(56988, 84, 1, '12566,12606,12649,12650', 'ZXAMIPH(MNSI)', 0, '13575.00', 0.00, NULL, 16000000),
	(56989, 84, 1, '12566,12606,12649,12651', 'ZXAMIPH(FNSI)', 0, '17266.00', 0.00, NULL, 16000000),
	(56990, 84, 1, '12566,12607,12648,12650', 'ZXAMIPH(M)(SI)', 0, '13724.00', 0.00, NULL, 16000000),
	(56991, 84, 1, '12566,12607,12648,12651', 'ZXAMIPH(F)(SI)', 0, '17077.00', 0.00, NULL, 16000000),
	(56992, 84, 1, '12566,12607,12649,12650', 'ZXAMIPH(MNSI)', 0, '13861.00', 0.00, NULL, 16000000),
	(56993, 84, 1, '12566,12607,12649,12651', 'ZXAMIPH(FNSI)', 0, '17248.00', 0.00, NULL, 16000000),
	(56994, 84, 1, '12566,12608,12648,12650', 'ZXAMIPH(M)(SI)', 0, '14000.00', 0.00, NULL, 16000000),
	(56995, 84, 1, '12566,12608,12648,12651', 'ZXAMIPH(F)(SI)', 0, '17185.00', 0.00, NULL, 16000000),
	(56996, 84, 1, '12566,12608,12649,12650', 'ZXAMIPH(MNSI)', 0, '14140.00', 0.00, NULL, 16000000),
	(56997, 84, 1, '12566,12608,12649,12651', 'ZXAMIPH(FNSI)', 0, '17357.00', 0.00, NULL, 16000000),
	(56998, 84, 1, '12566,12609,12648,12650', 'ZXAMIPH(M)(SI)', 0, '14267.00', 0.00, NULL, 16000000),
	(56999, 84, 1, '12566,12609,12648,12651', 'ZXAMIPH(F)(SI)', 0, '17549.00', 0.00, NULL, 16000000),
	(57000, 84, 1, '12566,12609,12649,12650', 'ZXAMIPH(MNSI)', 0, '14410.00', 0.00, NULL, 16000000),
	(57001, 84, 1, '12566,12609,12649,12651', 'ZXAMIPH(FNSI)', 0, '17724.00', 0.00, NULL, 16000000),
	(57002, 84, 1, '12566,12610,12648,12650', 'ZXAMIPH(M)(SI)', 0, '14532.00', 0.00, NULL, 16000000),
	(57003, 84, 1, '12566,12610,12648,12651', 'ZXAMIPH(F)(SI)', 0, '18263.00', 0.00, NULL, 16000000),
	(57004, 84, 1, '12566,12610,12649,12650', 'ZXAMIPH(MNSI)', 0, '14677.00', 0.00, NULL, 16000000),
	(57005, 84, 1, '12566,12610,12649,12651', 'ZXAMIPH(FNSI)', 0, '18446.00', 0.00, NULL, 16000000),
	(57006, 84, 1, '12566,12611,12648,12650', 'ZXAMIPH(M)(SI)', 0, '14821.00', 0.00, NULL, 16000000),
	(57007, 84, 1, '12566,12611,12648,12651', 'ZXAMIPH(F)(SI)', 0, '19223.00', 0.00, NULL, 16000000),
	(57008, 84, 1, '12566,12611,12649,12650', 'ZXAMIPH(MNSI)', 0, '14969.00', 0.00, NULL, 16000000),
	(57009, 84, 1, '12566,12611,12649,12651', 'ZXAMIPH(FNSI)', 0, '19415.00', 0.00, NULL, 16000000),
	(57010, 84, 1, '12566,12612,12648,12650', 'ZXAMIPH(M)(SI)', 0, '15173.00', 0.00, NULL, 16000000),
	(57011, 84, 1, '12566,12612,12648,12651', 'ZXAMIPH(F)(SI)', 0, '20276.00', 0.00, NULL, 16000000),
	(57012, 84, 1, '12566,12612,12649,12650', 'ZXAMIPH(MNSI)', 0, '15325.00', 0.00, NULL, 16000000),
	(57013, 84, 1, '12566,12612,12649,12651', 'ZXAMIPH(FNSI)', 0, '20479.00', 0.00, NULL, 16000000),
	(57014, 84, 1, '12566,12613,12648,12650', 'ZXAMIPH(M)(SI)', 0, '15621.00', 0.00, NULL, 16000000),
	(57015, 84, 1, '12566,12613,12648,12651', 'ZXAMIPH(F)(SI)', 0, '21275.00', 0.00, NULL, 16000000),
	(57016, 84, 1, '12566,12613,12649,12650', 'ZXAMIPH(MNSI)', 0, '15777.00', 0.00, NULL, 16000000),
	(57017, 84, 1, '12566,12613,12649,12651', 'ZXAMIPH(FNSI)', 0, '21488.00', 0.00, NULL, 16000000),
	(57018, 84, 1, '12566,12614,12648,12650', 'ZXAMIPH(M)(SI)', 0, '16200.00', 0.00, NULL, 16000000),
	(57019, 84, 1, '12566,12614,12648,12651', 'ZXAMIPH(F)(SI)', 0, '22067.00', 0.00, NULL, 16000000),
	(57020, 84, 1, '12566,12614,12649,12650', 'ZXAMIPH(MNSI)', 0, '16362.00', 0.00, NULL, 16000000),
	(57021, 84, 1, '12566,12614,12649,12651', 'ZXAMIPH(FNSI)', 0, '22288.00', 0.00, NULL, 16000000),
	(57022, 84, 1, '12566,12615,12648,12650', 'ZXAMIPH(M)(SI)', 0, '16939.00', 0.00, NULL, 16000000),
	(57023, 84, 1, '12566,12615,12648,12651', 'ZXAMIPH(F)(SI)', 0, '22567.00', 0.00, NULL, 16000000),
	(57024, 84, 1, '12566,12615,12649,12650', 'ZXAMIPH(MNSI)', 0, '17108.00', 0.00, NULL, 16000000),
	(57025, 84, 1, '12566,12615,12649,12651', 'ZXAMIPH(FNSI)', 0, '22793.00', 0.00, NULL, 16000000),
	(57026, 84, 1, '12566,12616,12648,12650', 'ZXAMIPH(M)(SI)', 0, '17852.00', 0.00, NULL, 16000000),
	(57027, 84, 1, '12566,12616,12648,12651', 'ZXAMIPH(F)(SI)', 0, '22957.00', 0.00, NULL, 16000000),
	(57028, 84, 1, '12566,12616,12649,12650', 'ZXAMIPH(MNSI)', 0, '18031.00', 0.00, NULL, 16000000),
	(57029, 84, 1, '12566,12616,12649,12651', 'ZXAMIPH(FNSI)', 0, '23187.00', 0.00, NULL, 16000000),
	(57030, 84, 1, '12566,12617,12648,12650', 'ZXAMIPH(M)(SI)', 0, '18943.00', 0.00, NULL, 16000000),
	(57031, 84, 1, '12566,12617,12648,12651', 'ZXAMIPH(F)(SI)', 0, '23478.00', 0.00, NULL, 16000000),
	(57032, 84, 1, '12566,12617,12649,12650', 'ZXAMIPH(MNSI)', 0, '19132.00', 0.00, NULL, 16000000),
	(57033, 84, 1, '12566,12617,12649,12651', 'ZXAMIPH(FNSI)', 0, '23713.00', 0.00, NULL, 16000000),
	(57034, 84, 1, '12566,12618,12648,12650', 'ZXAMIPH(M)(SI)', 0, '20217.00', 0.00, NULL, 16000000),
	(57035, 84, 1, '12566,12618,12648,12651', 'ZXAMIPH(F)(SI)', 0, '24378.00', 0.00, NULL, 16000000),
	(57036, 84, 1, '12566,12618,12649,12650', 'ZXAMIPH(MNSI)', 0, '20419.00', 0.00, NULL, 16000000),
	(57037, 84, 1, '12566,12618,12649,12651', 'ZXAMIPH(FNSI)', 0, '24622.00', 0.00, NULL, 16000000),
	(57038, 84, 1, '12566,12619,12648,12650', 'ZXAMIPH(M)(SI)', 0, '21679.00', 0.00, NULL, 16000000),
	(57039, 84, 1, '12566,12619,12648,12651', 'ZXAMIPH(F)(SI)', 0, '25899.00', 0.00, NULL, 16000000),
	(57040, 84, 1, '12566,12619,12649,12650', 'ZXAMIPH(MNSI)', 0, '21896.00', 0.00, NULL, 16000000),
	(57041, 84, 1, '12566,12619,12649,12651', 'ZXAMIPH(FNSI)', 0, '26158.00', 0.00, NULL, 16000000),
	(57042, 84, 1, '12566,12620,12648,12650', 'ZXAMIPH(M)(SI)', 0, '23315.00', 0.00, NULL, 16000000),
	(57043, 84, 1, '12566,12620,12648,12651', 'ZXAMIPH(F)(SI)', 0, '28194.00', 0.00, NULL, 16000000),
	(57044, 84, 1, '12566,12620,12649,12650', 'ZXAMIPH(MNSI)', 0, '23548.00', 0.00, NULL, 16000000),
	(57045, 84, 1, '12566,12620,12649,12651', 'ZXAMIPH(FNSI)', 0, '28476.00', 0.00, NULL, 16000000),
	(57046, 84, 1, '12566,12621,12648,12650', 'ZXAMIPH(M)(SI)', 0, '25044.00', 0.00, NULL, 16000000),
	(57047, 84, 1, '12566,12621,12648,12651', 'ZXAMIPH(F)(SI)', 0, '31041.00', 0.00, NULL, 16000000),
	(57048, 84, 1, '12566,12621,12649,12650', 'ZXAMIPH(MNSI)', 0, '25294.00', 0.00, NULL, 16000000),
	(57049, 84, 1, '12566,12621,12649,12651', 'ZXAMIPH(FNSI)', 0, '31351.00', 0.00, NULL, 16000000),
	(57050, 84, 1, '12566,12622,12648,12650', 'ZXAMIPH(M)(SI)', 0, '26758.00', 0.00, NULL, 16000000),
	(57051, 84, 1, '12566,12622,12648,12651', 'ZXAMIPH(F)(SI)', 0, '34127.00', 0.00, NULL, 16000000),
	(57052, 84, 1, '12566,12622,12649,12650', 'ZXAMIPH(MNSI)', 0, '27026.00', 0.00, NULL, 16000000),
	(57053, 84, 1, '12566,12622,12649,12651', 'ZXAMIPH(FNSI)', 0, '34468.00', 0.00, NULL, 16000000),
	(57054, 84, 1, '12566,12623,12648,12650', 'ZXAMIPH(M)(SI)', 0, '28357.00', 0.00, NULL, 16000000),
	(57055, 84, 1, '12566,12623,12648,12651', 'ZXAMIPH(F)(SI)', 0, '37138.00', 0.00, NULL, 16000000),
	(57056, 84, 1, '12566,12623,12649,12650', 'ZXAMIPH(MNSI)', 0, '28641.00', 0.00, NULL, 16000000),
	(57057, 84, 1, '12566,12623,12649,12651', 'ZXAMIPH(FNSI)', 0, '37509.00', 0.00, NULL, 16000000),
	(57058, 84, 1, '12566,12624,12648,12650', 'ZXAMIPH(M)(SI)', 0, '29738.00', 0.00, NULL, 16000000),
	(57059, 84, 1, '12566,12624,12648,12651', 'ZXAMIPH(F)(SI)', 0, '39757.00', 0.00, NULL, 16000000),
	(57060, 84, 1, '12566,12624,12649,12650', 'ZXAMIPH(MNSI)', 0, '30035.00', 0.00, NULL, 16000000),
	(57061, 84, 1, '12566,12624,12649,12651', 'ZXAMIPH(FNSI)', 0, '40155.00', 0.00, NULL, 16000000),
	(57062, 84, 1, '12566,12625,12648,12650', 'ZXAMIPH(M)(SI)', 0, '30838.00', 0.00, NULL, 16000000),
	(57063, 84, 1, '12566,12625,12648,12651', 'ZXAMIPH(F)(SI)', 0, '41759.00', 0.00, NULL, 16000000),
	(57064, 84, 1, '12566,12625,12649,12650', 'ZXAMIPH(MNSI)', 0, '31146.00', 0.00, NULL, 16000000),
	(57065, 84, 1, '12566,12625,12649,12651', 'ZXAMIPH(FNSI)', 0, '42177.00', 0.00, NULL, 16000000),
	(57066, 84, 1, '12566,12626,12648,12650', 'ZXAMIPH(M)(SI)', 0, '31769.00', 0.00, NULL, 16000000),
	(57067, 84, 1, '12566,12626,12648,12651', 'ZXAMIPH(F)(SI)', 0, '43275.00', 0.00, NULL, 16000000),
	(57068, 84, 1, '12566,12626,12649,12650', 'ZXAMIPH(MNSI)', 0, '32087.00', 0.00, NULL, 16000000),
	(57069, 84, 1, '12566,12626,12649,12651', 'ZXAMIPH(FNSI)', 0, '43708.00', 0.00, NULL, 16000000),
	(57070, 84, 1, '12566,12627,12648,12650', 'ZXAMIPH(M)(SI)', 0, '32682.00', 0.00, NULL, 16000000),
	(57071, 84, 1, '12566,12627,12648,12651', 'ZXAMIPH(F)(SI)', 0, '44525.00', 0.00, NULL, 16000000),
	(57072, 84, 1, '12566,12627,12649,12650', 'ZXAMIPH(MNSI)', 0, '33009.00', 0.00, NULL, 16000000),
	(57073, 84, 1, '12566,12627,12649,12651', 'ZXAMIPH(FNSI)', 0, '44970.00', 0.00, NULL, 16000000),
	(57074, 84, 1, '12566,12628,12648,12650', 'ZXAMIPH(M)(SI)', 0, '33733.00', 0.00, NULL, 16000000),
	(57075, 84, 1, '12566,12628,12648,12651', 'ZXAMIPH(F)(SI)', 0, '45727.00', 0.00, NULL, 16000000),
	(57076, 84, 1, '12566,12628,12649,12650', 'ZXAMIPH(MNSI)', 0, '34070.00', 0.00, NULL, 16000000),
	(57077, 84, 1, '12566,12628,12649,12651', 'ZXAMIPH(FNSI)', 0, '46184.00', 0.00, NULL, 16000000),
	(57078, 84, 1, '12566,12629,12648,12650', 'ZXAMIPH(M)(SI)', 0, '35071.00', 0.00, NULL, 16000000),
	(57079, 84, 1, '12566,12629,12648,12651', 'ZXAMIPH(F)(SI)', 0, '47099.00', 0.00, NULL, 16000000),
	(57080, 84, 1, '12566,12629,12649,12650', 'ZXAMIPH(MNSI)', 0, '35422.00', 0.00, NULL, 16000000),
	(57081, 84, 1, '12566,12629,12649,12651', 'ZXAMIPH(FNSI)', 0, '47570.00', 0.00, NULL, 16000000),
	(57082, 84, 1, '12566,12630,12648,12650', 'ZXAMIPH(M)(SI)', 0, '36805.00', 0.00, NULL, 16000000),
	(57083, 84, 1, '12566,12630,12648,12651', 'ZXAMIPH(F)(SI)', 0, '48805.00', 0.00, NULL, 16000000),
	(57084, 84, 1, '12566,12630,12649,12650', 'ZXAMIPH(MNSI)', 0, '37173.00', 0.00, NULL, 16000000),
	(57085, 84, 1, '12566,12630,12649,12651', 'ZXAMIPH(FNSI)', 0, '49293.00', 0.00, NULL, 16000000),
	(57086, 84, 1, '12566,12631,12648,12650', 'ZXAMIPH(M)(SI)', 0, '38826.00', 0.00, NULL, 16000000),
	(57087, 84, 1, '12566,12631,12648,12651', 'ZXAMIPH(F)(SI)', 0, '50787.00', 0.00, NULL, 16000000),
	(57088, 84, 1, '12566,12631,12649,12650', 'ZXAMIPH(MNSI)', 0, '39214.00', 0.00, NULL, 16000000),
	(57089, 84, 1, '12566,12631,12649,12651', 'ZXAMIPH(FNSI)', 0, '51295.00', 0.00, NULL, 16000000),
	(57090, 84, 1, '12566,12632,12648,12650', 'ZXAMIPH(M)(SI)', 0, '40990.00', 0.00, NULL, 16000000),
	(57091, 84, 1, '12566,12632,12648,12651', 'ZXAMIPH(F)(SI)', 0, '52928.00', 0.00, NULL, 16000000),
	(57092, 84, 1, '12566,12632,12649,12650', 'ZXAMIPH(MNSI)', 0, '41400.00', 0.00, NULL, 16000000),
	(57093, 84, 1, '12566,12632,12649,12651', 'ZXAMIPH(FNSI)', 0, '53457.00', 0.00, NULL, 16000000),
	(57094, 84, 1, '12566,12633,12648,12650', 'ZXAMIPH(M)(SI)', 0, '43141.00', 0.00, NULL, 16000000),
	(57095, 84, 1, '12566,12633,12648,12651', 'ZXAMIPH(F)(SI)', 0, '55115.00', 0.00, NULL, 16000000),
	(57096, 84, 1, '12566,12633,12649,12650', 'ZXAMIPH(MNSI)', 0, '43572.00', 0.00, NULL, 16000000),
	(57097, 84, 1, '12566,12633,12649,12651', 'ZXAMIPH(FNSI)', 0, '55666.00', 0.00, NULL, 16000000),
	(57098, 84, 1, '12566,12634,12648,12650', 'ZXAMIPH(M)(SI)', 0, '45131.00', 0.00, NULL, 16000000),
	(57099, 84, 1, '12566,12634,12648,12651', 'ZXAMIPH(F)(SI)', 0, '57231.00', 0.00, NULL, 16000000),
	(57100, 84, 1, '12566,12634,12649,12650', 'ZXAMIPH(MNSI)', 0, '45582.00', 0.00, NULL, 16000000),
	(57101, 84, 1, '12566,12634,12649,12651', 'ZXAMIPH(FNSI)', 0, '57803.00', 0.00, NULL, 16000000),
	(57102, 84, 1, '12566,12635,12648,12650', 'ZXAMIPH(M)(SI)', 0, '46850.00', 0.00, NULL, 16000000),
	(57103, 84, 1, '12566,12635,12648,12651', 'ZXAMIPH(F)(SI)', 0, '59196.00', 0.00, NULL, 16000000),
	(57104, 84, 1, '12566,12635,12649,12650', 'ZXAMIPH(MNSI)', 0, '47319.00', 0.00, NULL, 16000000),
	(57105, 84, 1, '12566,12635,12649,12651', 'ZXAMIPH(FNSI)', 0, '59788.00', 0.00, NULL, 16000000),
	(57106, 84, 1, '12566,12636,12648,12650', 'ZXAMIPH(M)(SI)', 0, '48380.00', 0.00, NULL, 16000000),
	(57107, 84, 1, '12566,12636,12648,12651', 'ZXAMIPH(F)(SI)', 0, '61052.00', 0.00, NULL, 16000000),
	(57108, 84, 1, '12566,12636,12649,12650', 'ZXAMIPH(MNSI)', 0, '48864.00', 0.00, NULL, 16000000),
	(57109, 84, 1, '12566,12636,12649,12651', 'ZXAMIPH(FNSI)', 0, '61663.00', 0.00, NULL, 16000000),
	(57110, 84, 1, '12566,12637,12648,12650', 'ZXAMIPH(M)(SI)', 0, '49835.00', 0.00, NULL, 16000000),
	(57111, 84, 1, '12566,12637,12648,12651', 'ZXAMIPH(F)(SI)', 0, '62876.00', 0.00, NULL, 16000000),
	(57112, 84, 1, '12566,12637,12649,12650', 'ZXAMIPH(MNSI)', 0, '50333.00', 0.00, NULL, 16000000),
	(57113, 84, 1, '12566,12637,12649,12651', 'ZXAMIPH(FNSI)', 0, '63505.00', 0.00, NULL, 16000000),
	(57114, 84, 1, '12566,12638,12648,12650', 'ZXAMIPH(M)(SI)', 0, '51338.00', 0.00, NULL, 16000000),
	(57115, 84, 1, '12566,12638,12648,12651', 'ZXAMIPH(F)(SI)', 0, '64747.00', 0.00, NULL, 16000000),
	(57116, 84, 1, '12566,12638,12649,12650', 'ZXAMIPH(MNSI)', 0, '51851.00', 0.00, NULL, 16000000),
	(57117, 84, 1, '12566,12638,12649,12651', 'ZXAMIPH(FNSI)', 0, '65394.00', 0.00, NULL, 16000000),
	(57118, 84, 1, '12566,12639,12648,12650', 'ZXAMIPH(M)(SI)', 0, '53010.00', 0.00, NULL, 16000000),
	(57119, 84, 1, '12566,12639,12648,12651', 'ZXAMIPH(F)(SI)', 0, '66739.00', 0.00, NULL, 16000000),
	(57120, 84, 1, '12566,12639,12649,12650', 'ZXAMIPH(MNSI)', 0, '53540.00', 0.00, NULL, 16000000),
	(57121, 84, 1, '12566,12639,12649,12651', 'ZXAMIPH(FNSI)', 0, '67406.00', 0.00, NULL, 16000000),
	(57122, 84, 1, '12566,12640,12648,12650', 'ZXAMIPH(M)(SI)', 0, '54943.00', 0.00, NULL, 16000000),
	(57123, 84, 1, '12566,12640,12648,12651', 'ZXAMIPH(F)(SI)', 0, '68911.00', 0.00, NULL, 16000000),
	(57124, 84, 1, '12566,12640,12649,12650', 'ZXAMIPH(MNSI)', 0, '55492.00', 0.00, NULL, 16000000),
	(57125, 84, 1, '12566,12640,12649,12651', 'ZXAMIPH(FNSI)', 0, '69600.00', 0.00, NULL, 16000000),
	(57126, 84, 1, '12566,12641,12648,12650', 'ZXAMIPH(M)(SI)', 0, '57110.00', 0.00, NULL, 16000000),
	(57127, 84, 1, '12566,12641,12648,12651', 'ZXAMIPH(F)(SI)', 0, '71243.00', 0.00, NULL, 16000000),
	(57128, 84, 1, '12566,12641,12649,12650', 'ZXAMIPH(MNSI)', 0, '57681.00', 0.00, NULL, 16000000),
	(57129, 84, 1, '12566,12641,12649,12651', 'ZXAMIPH(FNSI)', 0, '71955.00', 0.00, NULL, 16000000),
	(57130, 84, 1, '12566,12642,12648,12650', 'ZXAMIPH(M)(SI)', 0, '59449.00', 0.00, NULL, 16000000),
	(57131, 84, 1, '12566,12642,12648,12651', 'ZXAMIPH(F)(SI)', 0, '73693.00', 0.00, NULL, 16000000),
	(57132, 84, 1, '12566,12642,12649,12650', 'ZXAMIPH(MNSI)', 0, '60043.00', 0.00, NULL, 16000000),
	(57133, 84, 1, '12566,12642,12649,12651', 'ZXAMIPH(FNSI)', 0, '74430.00', 0.00, NULL, 16000000),
	(57134, 84, 1, '12566,12643,12648,12650', 'ZXAMIPH(M)(SI)', 0, '61906.00', 0.00, NULL, 16000000),
	(57135, 84, 1, '12566,12643,12648,12651', 'ZXAMIPH(F)(SI)', 0, '76225.00', 0.00, NULL, 16000000),
	(57136, 84, 1, '12566,12643,12649,12650', 'ZXAMIPH(MNSI)', 0, '62525.00', 0.00, NULL, 16000000),
	(57137, 84, 1, '12566,12643,12649,12651', 'ZXAMIPH(FNSI)', 0, '76987.00', 0.00, NULL, 16000000),
	(57138, 84, 1, '12566,12644,12648,12650', 'ZXAMIPH(M)(SI)', 0, '64419.00', 0.00, NULL, 16000000),
	(57139, 84, 1, '12566,12644,12648,12651', 'ZXAMIPH(F)(SI)', 0, '78796.00', 0.00, NULL, 16000000),
	(57140, 84, 1, '12566,12644,12649,12650', 'ZXAMIPH(MNSI)', 0, '65063.00', 0.00, NULL, 16000000),
	(57141, 84, 1, '12566,12644,12649,12651', 'ZXAMIPH(FNSI)', 0, '79584.00', 0.00, NULL, 16000000),
	(57142, 84, 1, '12566,12645,12648,12650', 'ZXAMIPH(M)(SI)', 0, '67036.00', 0.00, NULL, 16000000),
	(57143, 84, 1, '12566,12645,12648,12651', 'ZXAMIPH(F)(SI)', 0, '81454.00', 0.00, NULL, 16000000),
	(57144, 84, 1, '12566,12645,12649,12650', 'ZXAMIPH(MNSI)', 0, '67706.00', 0.00, NULL, 16000000),
	(57145, 84, 1, '12566,12645,12649,12651', 'ZXAMIPH(FNSI)', 0, '82269.00', 0.00, NULL, 16000000),
	(57146, 84, 1, '12566,12646,12648,12650', 'ZXAMIPH(M)(SI)', 0, '69758.00', 0.00, NULL, 16000000),
	(57147, 84, 1, '12566,12646,12648,12651', 'ZXAMIPH(F)(SI)', 0, '84200.00', 0.00, NULL, 16000000),
	(57148, 84, 1, '12566,12646,12649,12650', 'ZXAMIPH(MNSI)', 0, '70456.00', 0.00, NULL, 16000000),
	(57149, 84, 1, '12566,12646,12649,12651', 'ZXAMIPH(FNSI)', 0, '85042.00', 0.00, NULL, 16000000),
	(57150, 84, 1, '12566,12647,12648,12650', 'ZXAMIPH(M)(SI)', 0, '72591.00', 0.00, NULL, 16000000),
	(57151, 84, 1, '12566,12647,12648,12651', 'ZXAMIPH(F)(SI)', 0, '87041.00', 0.00, NULL, 16000000),
	(57152, 84, 1, '12566,12647,12649,12650', 'ZXAMIPH(MNSI)', 0, '73317.00', 0.00, NULL, 16000000),
	(57153, 84, 1, '12566,12647,12649,12651', 'ZXAMIPH(FNSI)', 0, '87911.00', 0.00, NULL, 16000000),
	(57274, 55, 1, '12734,12746', '4227', 0, '705.00', 0.00, 1.00, 0),
	(57275, 55, 1, '12735,12746', '4227', 0, '216.00', 0.00, 1.00, 0),
	(57276, 55, 1, '12736,12746', '4227', 0, '145.00', 0.00, 1.00, 0),
	(57277, 55, 1, '12737,12746', '4227', 0, '136.00', 0.00, 1.00, 3000000),
	(57278, 55, 1, '12738,12746', '4227', 0, '193.00', 0.00, 1.00, 0),
	(57279, 55, 1, '12739,12746', '4227', 0, '293.00', 0.00, 1.00, 0),
	(57280, 55, 1, '12740,12746', '4227', 0, '394.00', 0.00, 1.00, 0),
	(57281, 55, 1, '12741,12746', '4227', 0, '491.00', 0.00, 1.00, 0),
	(57282, 55, 1, '12742,12746', '4227', 0, '636.00', 0.00, 1.00, 0),
	(57283, 55, 1, '12743,12746', '4227', 0, '912.00', 0.00, 1.00, 0),
	(57284, 55, 1, '12744,12746', '4227', 0, '1211.00', 0.00, 1.00, 0),
	(57285, 55, 1, '12745,12746', '4227', 0, '1574.00', 0.00, 1.00, 0),
	(57286, 55, 1, '12734,12747', '4227', 0, '1486.00', 0.00, 1.00, 0),
	(57287, 55, 1, '12735,12747', '4227', 0, '450.00', 0.00, 1.00, 0),
	(57288, 55, 1, '12736,12747', '4227', 0, '302.00', 0.00, 1.00, 0),
	(57289, 55, 1, '12737,12747', '4227', 0, '289.00', 0.00, 1.00, 0),
	(57290, 55, 1, '12738,12747', '4227', 0, '408.00', 0.00, 1.00, 0),
	(57291, 55, 1, '12739,12747', '4227', 0, '616.00', 0.00, 1.00, 0),
	(57292, 55, 1, '12740,12747', '4227', 0, '879.00', 0.00, 1.00, 0),
	(57293, 55, 1, '12741,12747', '4227', 0, '1191.00', 0.00, 1.00, 0),
	(57294, 55, 1, '12742,12747', '4227', 0, '1745.00', 0.00, 1.00, 0),
	(57295, 55, 1, '12743,12747', '4227', 0, '2715.00', 0.00, 1.00, 0),
	(57296, 55, 1, '12744,12747', '4227', 0, '3557.00', 0.00, 1.00, 0),
	(57297, 55, 1, '12745,12747', '4227', 0, '4574.00', 0.00, 1.00, 0),
	(58528, 77, 1, '13020', '44433', 0, '44.00', 0.00, NULL, 300000),
	(59427, 81, 1, '13189,13195,13211', 'ZAAMIPB(SI)(2018)', 0, '796.00', 0.00, 0.00, 0),
	(59428, 81, 1, '13189,13195,13212', 'ZAAMIPB(NSI)(2018)', 0, '1659.00', 0.00, 0.00, 0),
	(59429, 81, 1, '13189,13196,13211', 'ZAAMIPB(SI)(2018)', 0, '282.00', 0.00, 0.00, 0),
	(59430, 81, 1, '13189,13196,13212', 'ZAAMIPB(NSI)(2018)', 0, '581.00', 0.00, 0.00, 0),
	(59431, 81, 1, '13189,13197,13211', 'ZAAMIPB(SI)(2018)', 0, '136.00', 0.00, 0.00, 0),
	(59432, 81, 1, '13189,13197,13212', 'ZAAMIPB(NSI)(2018)', 0, '278.00', 0.00, 0.00, 0),
	(59433, 81, 1, '13189,13198,13211', 'ZAAMIPB(SI)(2018)', 0, '110.00', 0.00, 0.00, 0),
	(59434, 81, 1, '13189,13198,13212', 'ZAAMIPB(NSI)(2018)', 0, '242.00', 0.00, 0.00, 0),
	(59435, 81, 1, '13189,13199,13211', 'ZAAMIPB(SI)(2018)', 0, '192.00', 0.00, 0.00, 0),
	(59436, 81, 1, '13189,13199,13212', 'ZAAMIPB(NSI)(2018)', 0, '386.00', 0.00, 0.00, 0),
	(59437, 81, 1, '13189,13200,13211', 'ZAAMIPB(SI)(2018)', 0, '275.00', 0.00, 0.00, 0),
	(59438, 81, 1, '13189,13200,13212', 'ZAAMIPB(NSI)(2018)', 0, '558.00', 0.00, 0.00, 0),
	(59439, 81, 1, '13189,13201,13211', 'ZAAMIPB(SI)(2018)', 0, '378.00', 0.00, 0.00, 0),
	(59440, 81, 1, '13189,13201,13212', 'ZAAMIPB(NSI)(2018)', 0, '817.00', 0.00, 0.00, 0),
	(59441, 81, 1, '13189,13202,13211', 'ZAAMIPB(SI)(2018)', 0, '515.00', 0.00, 0.00, 0),
	(59442, 81, 1, '13189,13202,13212', 'ZAAMIPB(NSI)(2018)', 0, '1241.00', 0.00, 0.00, 0),
	(59443, 81, 1, '13189,13203,13211', 'ZAAMIPB(SI)(2018)', 0, '655.00', 0.00, 0.00, 0),
	(59444, 81, 1, '13189,13203,13212', 'ZAAMIPB(NSI)(2018)', 0, '1790.00', 0.00, 0.00, 0),
	(59445, 81, 1, '13189,13204,13211', 'ZAAMIPB(SI)(2018)', 0, '933.00', 0.00, 0.00, 0),
	(59446, 81, 1, '13189,13204,13212', 'ZAAMIPB(NSI)(2018)', 0, '2789.00', 0.00, 0.00, 0),
	(59447, 81, 1, '13189,13205,13211', 'ZAAMIPB(SI)(2018)', 0, '1257.00', 0.00, 0.00, 0),
	(59448, 81, 1, '13189,13205,13212', 'ZAAMIPB(NSI)(2018)', 0, '3812.00', 0.00, 0.00, 0),
	(59449, 81, 1, '13189,13206,13211', 'ZAAMIPB(SI)(2018)', 0, '1699.00', 0.00, 0.00, 0),
	(59450, 81, 1, '13189,13206,13212', 'ZAAMIPB(NSI)(2018)', 0, '4983.00', 0.00, 0.00, 0),
	(59451, 81, 1, '13189,13207,13211', 'ZAAMIPB(SI)(2018)', 0, '2706.00', 0.00, 0.00, 0),
	(59452, 81, 1, '13189,13207,13212', 'ZAAMIPB(NSI)(2018)', 0, '7768.00', 0.00, 0.00, 0),
	(59453, 81, 1, '13189,13208,13211', 'ZAAMIPB(SI)(2018)', 0, '3119.00', 0.00, 0.00, 0),
	(59454, 81, 1, '13189,13208,13212', 'ZAAMIPB(NSI)(2018)', 0, '8820.00', 0.00, 0.00, 0),
	(59455, 81, 1, '13189,13209,13211', 'ZAAMIPB(SI)(2018)', 0, '4246.00', 0.00, 0.00, 0),
	(59456, 81, 1, '13189,13209,13212', 'ZAAMIPB(NSI)(2018)', 0, '11868.00', 0.00, 0.00, 0),
	(59457, 81, 1, '13189,13210,13211', 'ZAAMIPB(SI)(2018)', 0, '5430.00', 0.00, 0.00, 0),
	(59458, 81, 1, '13189,13210,13212', 'ZAAMIPB(NSI)(2018)', 0, '14922.00', 0.00, 0.00, 0),
	(59459, 81, 1, '13190,13195,13211', 'ZAAMIPS(SI)(2018)', 0, '867.00', 0.00, 1.00, 0),
	(59460, 81, 1, '13190,13195,13212', 'ZAAMIPS(NSI)(2018)', 0, '1730.00', 0.00, 1.00, 0),
	(59461, 81, 1, '13190,13196,13211', 'ZAAMIPS(SI)(2018)', 0, '353.00', 0.00, 1.00, 0),
	(59462, 81, 1, '13190,13196,13212', 'ZAAMIPS(NSI)(2018)', 0, '652.00', 0.00, 1.00, 0),
	(59463, 81, 1, '13190,13197,13211', 'ZAAMIPS(SI)(2018)', 0, '207.00', 0.00, 1.00, 0),
	(59464, 81, 1, '13190,13197,13212', 'ZAAMIPS(NSI)(2018)', 0, '349.00', 0.00, 1.00, 0),
	(59465, 81, 1, '13190,13198,13211', 'ZAAMIPS(SI)(2018)', 0, '186.00', 0.00, 1.00, 0),
	(59466, 81, 1, '13190,13198,13212', 'ZAAMIPS(NSI)(2018)', 0, '313.00', 0.00, 1.00, 0),
	(59467, 81, 1, '13190,13199,13211', 'ZAAMIPS(SI)(2018)', 0, '263.00', 0.00, 1.00, 0),
	(59468, 81, 1, '13190,13199,13212', 'ZAAMIPS(NSI)(2018)', 0, '457.00', 0.00, 1.00, 0),
	(59469, 81, 1, '13190,13200,13211', 'ZAAMIPS(SI)(2018)', 0, '346.00', 0.00, 1.00, 0),
	(59470, 81, 1, '13190,13200,13212', 'ZAAMIPS(NSI)(2018)', 0, '629.00', 0.00, 1.00, 0),
	(59471, 81, 1, '13190,13201,13211', 'ZAAMIPS(SI)(2018)', 0, '449.00', 0.00, 1.00, 0),
	(59472, 81, 1, '13190,13201,13212', 'ZAAMIPS(NSI)(2018)', 0, '888.00', 0.00, 1.00, 0),
	(59473, 81, 1, '13190,13202,13211', 'ZAAMIPS(SI)(2018)', 0, '585.00', 0.00, 1.00, 0),
	(59474, 81, 1, '13190,13202,13212', 'ZAAMIPS(NSI)(2018)', 0, '1312.00', 0.00, 1.00, 0),
	(59475, 81, 1, '13190,13203,13211', 'ZAAMIPS(SI)(2018)', 0, '726.00', 0.00, 1.00, 0),
	(59476, 81, 1, '13190,13203,13212', 'ZAAMIPS(NSI)(2018)', 0, '1861.00', 0.00, 1.00, 0),
	(59477, 81, 1, '13190,13204,13211', 'ZAAMIPS(SI)(2018)', 0, '1005.00', 0.00, 1.00, 0),
	(59478, 81, 1, '13190,13204,13212', 'ZAAMIPS(NSI)(2018)', 0, '2860.00', 0.00, 1.00, 0),
	(59479, 81, 1, '13190,13205,13211', 'ZAAMIPS(SI)(2018)', 0, '1328.00', 0.00, 1.00, 0),
	(59480, 81, 1, '13190,13205,13212', 'ZAAMIPS(NSI)(2018)', 0, '3883.00', 0.00, 1.00, 0),
	(59481, 81, 1, '13190,13206,13211', 'ZAAMIPS(SI)(2018)', 0, '1770.00', 0.00, 1.00, 0),
	(59482, 81, 1, '13190,13206,13212', 'ZAAMIPS(NSI)(2018)', 0, '5055.00', 0.00, 1.00, 0),
	(59483, 81, 1, '13190,13207,13211', 'ZAAMIPS(SI)(2018)', 0, '2789.00', 0.00, 1.00, 0),
	(59484, 81, 1, '13190,13207,13212', 'ZAAMIPS(NSI)(2018)', 0, '7850.00', 0.00, 1.00, 0),
	(59485, 81, 1, '13190,13208,13211', 'ZAAMIPS(SI)(2018)', 0, '3190.00', 0.00, 1.00, 0),
	(59486, 81, 1, '13190,13208,13212', 'ZAAMIPS(NSI)(2018)', 0, '8891.00', 0.00, 1.00, 0),
	(59487, 81, 1, '13190,13209,13211', 'ZAAMIPS(SI)(2018)', 0, '4317.00', 0.00, 1.00, 0),
	(59488, 81, 1, '13190,13209,13212', 'ZAAMIPS(NSI)(2018)', 0, '11939.00', 0.00, 1.00, 0),
	(59489, 81, 1, '13190,13210,13211', 'ZAAMIPS(SI)(2018)', 0, '5501.00', 0.00, 1.00, 0),
	(59490, 81, 1, '13190,13210,13212', 'ZAAMIPS(NSI)(2018)', 0, '14993.00', 0.00, 1.00, 0),
	(59491, 81, 1, '13191,13195,13211', 'ZAAMIPU(SI)(2018)', 0, '962.00', 0.00, 0.00, 0),
	(59492, 81, 1, '13191,13195,13212', 'ZAAMIPU(NSI)(2018)', 0, '1842.00', 0.00, 0.00, 0),
	(59493, 81, 1, '13191,13196,13211', 'ZAAMIPU(SI)(2018)', 0, '437.00', 0.00, 0.00, 0),
	(59494, 81, 1, '13191,13196,13212', 'ZAAMIPU(NSI)(2018)', 0, '742.00', 0.00, 0.00, 0),
	(59495, 81, 1, '13191,13197,13211', 'ZAAMIPU(SI)(2018)', 0, '289.00', 0.00, 0.00, 0),
	(59496, 81, 1, '13191,13197,13212', 'ZAAMIPU(NSI)(2018)', 0, '433.00', 0.00, 0.00, 0),
	(59497, 81, 1, '13191,13198,13211', 'ZAAMIPU(SI)(2018)', 0, '267.00', 0.00, 0.00, 0),
	(59498, 81, 1, '13191,13198,13212', 'ZAAMIPU(NSI)(2018)', 0, '397.00', 0.00, 0.00, 0),
	(59499, 81, 1, '13191,13199,13211', 'ZAAMIPU(SI)(2018)', 0, '346.00', 0.00, 0.00, 0),
	(59500, 81, 1, '13191,13199,13212', 'ZAAMIPU(NSI)(2018)', 0, '545.00', 0.00, 0.00, 0),
	(59501, 81, 1, '13191,13200,13211', 'ZAAMIPU(SI)(2018)', 0, '430.00', 0.00, 0.00, 0),
	(59502, 81, 1, '13191,13200,13212', 'ZAAMIPU(NSI)(2018)', 0, '719.00', 0.00, 0.00, 0),
	(59503, 81, 1, '13191,13201,13211', 'ZAAMIPU(SI)(2018)', 0, '535.00', 0.00, 0.00, 0),
	(59504, 81, 1, '13191,13201,13212', 'ZAAMIPU(NSI)(2018)', 0, '983.00', 0.00, 0.00, 0),
	(59505, 81, 1, '13191,13202,13211', 'ZAAMIPU(SI)(2018)', 0, '675.00', 0.00, 0.00, 0),
	(59506, 81, 1, '13191,13202,13212', 'ZAAMIPU(NSI)(2018)', 0, '1416.00', 0.00, 0.00, 0),
	(59507, 81, 1, '13191,13203,13211', 'ZAAMIPU(SI)(2018)', 0, '818.00', 0.00, 0.00, 0),
	(59508, 81, 1, '13191,13203,13212', 'ZAAMIPU(NSI)(2018)', 0, '1976.00', 0.00, 0.00, 0),
	(59509, 81, 1, '13191,13204,13211', 'ZAAMIPU(SI)(2018)', 0, '1102.00', 0.00, 0.00, 0),
	(59510, 81, 1, '13191,13204,13212', 'ZAAMIPU(NSI)(2018)', 0, '2995.00', 0.00, 0.00, 0),
	(59511, 81, 1, '13191,13205,13211', 'ZAAMIPU(SI)(2018)', 0, '1432.00', 0.00, 0.00, 0),
	(59512, 81, 1, '13191,13205,13212', 'ZAAMIPU(NSI)(2018)', 0, '4038.00', 0.00, 0.00, 0),
	(59513, 81, 1, '13191,13206,13211', 'ZAAMIPU(SI)(2018)', 0, '1883.00', 0.00, 0.00, 0),
	(59514, 81, 1, '13191,13206,13212', 'ZAAMIPU(NSI)(2018)', 0, '5233.00', 0.00, 0.00, 0),
	(59515, 81, 1, '13191,13207,13211', 'ZAAMIPU(SI)(2018)', 0, '2933.00', 0.00, 0.00, 0),
	(59516, 81, 1, '13191,13207,13212', 'ZAAMIPU(NSI)(2018)', 0, '8096.00', 0.00, 0.00, 0),
	(59517, 81, 1, '13191,13208,13211', 'ZAAMIPU(SI)(2018)', 0, '3331.00', 0.00, 0.00, 0),
	(59518, 81, 1, '13191,13208,13212', 'ZAAMIPU(NSI)(2018)', 0, '9146.00', 0.00, 0.00, 0),
	(59519, 81, 1, '13191,13209,13211', 'ZAAMIPU(SI)(2018)', 0, '4481.00', 0.00, 0.00, 0),
	(59520, 81, 1, '13191,13209,13212', 'ZAAMIPU(NSI)(2018)', 0, '12255.00', 0.00, 0.00, 0),
	(59521, 81, 1, '13191,13210,13211', 'ZAAMIPU(SI)(2018)', 0, '5688.00', 0.00, 0.00, 0),
	(59522, 81, 1, '13191,13210,13212', 'ZAAMIPU(NSI)(2018)', 0, '15370.00', 0.00, 0.00, 0),
	(59523, 81, 1, '13192,13195,13211', 'ZAAMIPT(SI)(2018)', 0, '887.00', 0.00, 0.00, 0),
	(59524, 81, 1, '13192,13195,13212', 'ZAAMIPT(NSI)(2018)', 0, '1771.00', 0.00, 0.00, 0),
	(59525, 81, 1, '13192,13196,13211', 'ZAAMIPT(SI)(2018)', 0, '360.00', 0.00, 0.00, 0),
	(59526, 81, 1, '13192,13196,13212', 'ZAAMIPT(NSI)(2018)', 0, '666.00', 0.00, 0.00, 0),
	(59527, 81, 1, '13192,13197,13211', 'ZAAMIPT(SI)(2018)', 0, '210.00', 0.00, 0.00, 0),
	(59528, 81, 1, '13192,13197,13212', 'ZAAMIPT(NSI)(2018)', 0, '356.00', 0.00, 0.00, 0),
	(59529, 81, 1, '13192,13198,13211', 'ZAAMIPT(SI)(2018)', 0, '189.00', 0.00, 0.00, 0),
	(59530, 81, 1, '13192,13198,13212', 'ZAAMIPT(NSI)(2018)', 0, '319.00', 0.00, 0.00, 0),
	(59531, 81, 1, '13192,13199,13211', 'ZAAMIPT(SI)(2018)', 0, '268.00', 0.00, 0.00, 0),
	(59532, 81, 1, '13192,13199,13212', 'ZAAMIPT(NSI)(2018)', 0, '466.00', 0.00, 0.00, 0),
	(59533, 81, 1, '13192,13200,13211', 'ZAAMIPT(SI)(2018)', 0, '353.00', 0.00, 0.00, 0),
	(59534, 81, 1, '13192,13200,13212', 'ZAAMIPT(NSI)(2018)', 0, '643.00', 0.00, 0.00, 0),
	(59535, 81, 1, '13192,13201,13211', 'ZAAMIPT(SI)(2018)', 0, '458.00', 0.00, 0.00, 0),
	(59536, 81, 1, '13192,13201,13212', 'ZAAMIPT(NSI)(2018)', 0, '908.00', 0.00, 0.00, 0),
	(59537, 81, 1, '13192,13202,13211', 'ZAAMIPT(SI)(2018)', 0, '598.00', 0.00, 0.00, 0),
	(59538, 81, 1, '13192,13202,13212', 'ZAAMIPT(NSI)(2018)', 0, '1343.00', 0.00, 0.00, 0),
	(59539, 81, 1, '13192,13203,13211', 'ZAAMIPT(SI)(2018)', 0, '742.00', 0.00, 0.00, 0),
	(59540, 81, 1, '13192,13203,13212', 'ZAAMIPT(NSI)(2018)', 0, '1906.00', 0.00, 0.00, 0),
	(59541, 81, 1, '13192,13204,13211', 'ZAAMIPT(SI)(2018)', 0, '1027.00', 0.00, 0.00, 0),
	(59542, 81, 1, '13192,13204,13212', 'ZAAMIPT(NSI)(2018)', 0, '2930.00', 0.00, 0.00, 0),
	(59543, 81, 1, '13192,13205,13211', 'ZAAMIPT(SI)(2018)', 0, '1359.00', 0.00, 0.00, 0),
	(59544, 81, 1, '13192,13205,13212', 'ZAAMIPT(NSI)(2018)', 0, '3978.00', 0.00, 0.00, 0),
	(59545, 81, 1, '13192,13206,13211', 'ZAAMIPT(SI)(2018)', 0, '1812.00', 0.00, 0.00, 0),
	(59546, 81, 1, '13192,13206,13212', 'ZAAMIPT(NSI)(2018)', 0, '5178.00', 0.00, 0.00, 0),
	(59547, 81, 1, '13192,13207,13211', 'ZAAMIPT(SI)(2018)', 0, '2855.00', 0.00, 0.00, 0),
	(59548, 81, 1, '13192,13207,13212', 'ZAAMIPT(NSI)(2018)', 0, '8044.00', 0.00, 0.00, 0),
	(59549, 81, 1, '13192,13208,13211', 'ZAAMIPT(SI)(2018)', 0, '3268.00', 0.00, 0.00, 0),
	(59550, 81, 1, '13192,13208,13212', 'ZAAMIPT(NSI)(2018)', 0, '9111.00', 0.00, 0.00, 0),
	(59551, 81, 1, '13192,13209,13211', 'ZAAMIPT(SI)(2018)', 0, '4423.00', 0.00, 0.00, 0),
	(59552, 81, 1, '13192,13209,13212', 'ZAAMIPT(NSI)(2018)', 0, '12236.00', 0.00, 0.00, 0),
	(59553, 81, 1, '13192,13210,13211', 'ZAAMIPT(SI)(2018)', 0, '5637.00', 0.00, 0.00, 0),
	(59554, 81, 1, '13192,13210,13212', 'ZAAMIPT(NSI)(2018)', 0, '15366.00', 0.00, 0.00, 0),
	(59555, 81, 1, '13193,13195,13211', 'ZAAMIPH(SI)(2018)', 0, '1045.00', 0.00, 0.00, 0),
	(59556, 81, 1, '13193,13195,13212', 'ZAAMIPH(NSI)(2018)', 0, '1929.00', 0.00, 0.00, 0),
	(59557, 81, 1, '13193,13196,13211', 'ZAAMIPH(SI)(2018)', 0, '518.00', 0.00, 0.00, 0),
	(59558, 81, 1, '13193,13196,13212', 'ZAAMIPH(NSI)(2018)', 0, '825.00', 0.00, 0.00, 0),
	(59559, 81, 1, '13193,13197,13211', 'ZAAMIPH(SI)(2018)', 0, '368.00', 0.00, 0.00, 0),
	(59560, 81, 1, '13193,13197,13212', 'ZAAMIPH(NSI)(2018)', 0, '515.00', 0.00, 0.00, 0),
	(59561, 81, 1, '13193,13198,13211', 'ZAAMIPH(SI)(2018)', 0, '347.00', 0.00, 0.00, 0),
	(59562, 81, 1, '13193,13198,13212', 'ZAAMIPH(NSI)(2018)', 0, '477.00', 0.00, 0.00, 0),
	(59563, 81, 1, '13193,13199,13211', 'ZAAMIPH(SI)(2018)', 0, '426.00', 0.00, 0.00, 0),
	(59564, 81, 1, '13193,13199,13212', 'ZAAMIPH(NSI)(2018)', 0, '625.00', 0.00, 0.00, 0),
	(59565, 81, 1, '13193,13200,13211', 'ZAAMIPH(SI)(2018)', 0, '511.00', 0.00, 0.00, 0),
	(59566, 81, 1, '13193,13200,13212', 'ZAAMIPH(NSI)(2018)', 0, '801.00', 0.00, 0.00, 0),
	(59567, 81, 1, '13193,13201,13211', 'ZAAMIPH(SI)(2018)', 0, '616.00', 0.00, 0.00, 0),
	(59568, 81, 1, '13193,13201,13212', 'ZAAMIPH(NSI)(2018)', 0, '1066.00', 0.00, 0.00, 0),
	(59569, 81, 1, '13193,13202,13211', 'ZAAMIPH(SI)(2018)', 0, '756.00', 0.00, 0.00, 0),
	(59570, 81, 1, '13193,13202,13212', 'ZAAMIPH(NSI)(2018)', 0, '1501.00', 0.00, 0.00, 0),
	(59571, 81, 1, '13193,13203,13211', 'ZAAMIPH(SI)(2018)', 0, '900.00', 0.00, 0.00, 0),
	(59572, 81, 1, '13193,13203,13212', 'ZAAMIPH(NSI)(2018)', 0, '2065.00', 0.00, 0.00, 0),
	(59573, 81, 1, '13193,13204,13211', 'ZAAMIPH(SI)(2018)', 0, '1185.00', 0.00, 0.00, 0),
	(59574, 81, 1, '13193,13204,13212', 'ZAAMIPH(NSI)(2018)', 0, '3088.00', 0.00, 0.00, 0),
	(59575, 81, 1, '13193,13205,13211', 'ZAAMIPH(SI)(2018)', 0, '1517.00', 0.00, 0.00, 0),
	(59576, 81, 1, '13193,13205,13212', 'ZAAMIPH(NSI)(2018)', 0, '4136.00', 0.00, 0.00, 0),
	(59577, 81, 1, '13193,13206,13211', 'ZAAMIPH(SI)(2018)', 0, '1970.00', 0.00, 0.00, 0),
	(59578, 81, 1, '13193,13206,13212', 'ZAAMIPH(NSI)(2018)', 0, '5336.00', 0.00, 0.00, 0),
	(59579, 81, 1, '13193,13207,13211', 'ZAAMIPH(SI)(2018)', 0, '3037.00', 0.00, 0.00, 0),
	(59580, 81, 1, '13193,13207,13212', 'ZAAMIPH(NSI)(2018)', 0, '8226.00', 0.00, 0.00, 0),
	(59581, 81, 1, '13193,13208,13211', 'ZAAMIPH(SI)(2018)', 0, '3426.00', 0.00, 0.00, 0),
	(59582, 81, 1, '13193,13208,13212', 'ZAAMIPH(NSI)(2018)', 0, '9269.00', 0.00, 0.00, 0),
	(59583, 81, 1, '13193,13209,13211', 'ZAAMIPH(SI)(2018)', 0, '4581.00', 0.00, 0.00, 0),
	(59584, 81, 1, '13193,13209,13212', 'ZAAMIPH(NSI)(2018)', 0, '12395.00', 0.00, 0.00, 0),
	(59585, 81, 1, '13193,13210,13211', 'ZAAMIPH(SI)(2018)', 0, '5795.00', 0.00, 0.00, 0),
	(59586, 81, 1, '13193,13210,13212', 'ZAAMIPH(NSI)(2018)', 0, '15525.00', 0.00, 0.00, 0),
	(59587, 81, 1, '13194,13195,13211', 'ZAAMIPE(SI)(2018)', 0, '1262.00', 0.00, 0.00, 0),
	(59588, 81, 1, '13194,13195,13212', 'ZAAMIPE(NSI)(2018)', 0, '2211.00', 0.00, 0.00, 0),
	(59589, 81, 1, '13194,13196,13211', 'ZAAMIPE(SI)(2018)', 0, '696.00', 0.00, 0.00, 0),
	(59590, 81, 1, '13194,13196,13212', 'ZAAMIPE(NSI)(2018)', 0, '1025.00', 0.00, 0.00, 0),
	(59591, 81, 1, '13194,13197,13211', 'ZAAMIPE(SI)(2018)', 0, '536.00', 0.00, 0.00, 0),
	(59592, 81, 1, '13194,13197,13212', 'ZAAMIPE(NSI)(2018)', 0, '692.00', 0.00, 0.00, 0),
	(59593, 81, 1, '13194,13198,13211', 'ZAAMIPE(SI)(2018)', 0, '513.00', 0.00, 0.00, 0),
	(59594, 81, 1, '13194,13198,13212', 'ZAAMIPE(NSI)(2018)', 0, '652.00', 0.00, 0.00, 0),
	(59595, 81, 1, '13194,13199,13211', 'ZAAMIPE(SI)(2018)', 0, '597.00', 0.00, 0.00, 0),
	(59596, 81, 1, '13194,13199,13212', 'ZAAMIPE(NSI)(2018)', 0, '811.00', 0.00, 0.00, 0),
	(59597, 81, 1, '13194,13200,13211', 'ZAAMIPE(SI)(2018)', 0, '689.00', 0.00, 0.00, 0),
	(59598, 81, 1, '13194,13200,13212', 'ZAAMIPE(NSI)(2018)', 0, '1000.00', 0.00, 0.00, 0),
	(59599, 81, 1, '13194,13201,13211', 'ZAAMIPE(SI)(2018)', 0, '802.00', 0.00, 0.00, 0),
	(59600, 81, 1, '13194,13201,13212', 'ZAAMIPE(NSI)(2018)', 0, '1285.00', 0.00, 0.00, 0),
	(59601, 81, 1, '13194,13202,13211', 'ZAAMIPE(SI)(2018)', 0, '952.00', 0.00, 0.00, 0),
	(59602, 81, 1, '13194,13202,13212', 'ZAAMIPE(NSI)(2018)', 0, '1751.00', 0.00, 0.00, 0),
	(59603, 81, 1, '13194,13203,13211', 'ZAAMIPE(SI)(2018)', 0, '1107.00', 0.00, 0.00, 0),
	(59604, 81, 1, '13194,13203,13212', 'ZAAMIPE(NSI)(2018)', 0, '2355.00', 0.00, 0.00, 0),
	(59605, 81, 1, '13194,13204,13211', 'ZAAMIPE(SI)(2018)', 0, '1413.00', 0.00, 0.00, 0),
	(59606, 81, 1, '13194,13204,13212', 'ZAAMIPE(NSI)(2018)', 0, '3455.00', 0.00, 0.00, 0),
	(59607, 81, 1, '13194,13205,13211', 'ZAAMIPE(SI)(2018)', 0, '1769.00', 0.00, 0.00, 0),
	(59608, 81, 1, '13194,13205,13212', 'ZAAMIPE(NSI)(2018)', 0, '4579.00', 0.00, 0.00, 0),
	(59609, 81, 1, '13194,13206,13211', 'ZAAMIPE(SI)(2018)', 0, '2255.00', 0.00, 0.00, 0),
	(59610, 81, 1, '13194,13206,13212', 'ZAAMIPE(NSI)(2018)', 0, '5868.00', 0.00, 0.00, 0),
	(59611, 81, 1, '13194,13207,13211', 'ZAAMIPE(SI)(2018)', 0, '3421.00', 0.00, 0.00, 0),
	(59612, 81, 1, '13194,13207,13212', 'ZAAMIPE(NSI)(2018)', 0, '8990.00', 0.00, 0.00, 0),
	(59613, 81, 1, '13194,13208,13211', 'ZAAMIPE(SI)(2018)', 0, '3817.00', 0.00, 0.00, 0),
	(59614, 81, 1, '13194,13208,13212', 'ZAAMIPE(NSI)(2018)', 0, '10088.00', 0.00, 0.00, 0),
	(59615, 81, 1, '13194,13209,13211', 'ZAAMIPE(SI)(2018)', 0, '5057.00', 0.00, 0.00, 0),
	(59616, 81, 1, '13194,13209,13212', 'ZAAMIPE(NSI)(2018)', 0, '13441.00', 0.00, 0.00, 0),
	(59617, 81, 1, '13194,13210,13211', 'ZAAMIPE(SI)(2018)', 0, '6359.00', 0.00, 0.00, 0),
	(59618, 81, 1, '13194,13210,13212', 'ZAAMIPE(NSI)(2018)', 0, '16800.00', 0.00, 0.00, 0),
	(59781, 86, 1, '13258,13260,13275', '0231000584', 0, '997', 0.00, 0.00, 200000),
	(59782, 86, 1, '13258,13260,13276', '0231000585', 0, '997||1882', 0.00, 0.00, 0),
	(59783, 86, 1, '13258,13261,13275', '0231000584', 0, '636', 0.00, 0.00, 200000),
	(59784, 86, 1, '13258,13261,13276', '0231000585', 0, '636||1200', 0.00, 0.00, 0),
	(59785, 86, 1, '13258,13262,13275', '0231000584', 0, '679', 0.00, 0.00, 200000),
	(59786, 86, 1, '13258,13262,13276', '0231000585', 0, '679||1282', 0.00, 0.00, 0),
	(59787, 86, 1, '13258,13263,13275', '0231000584', 0, '723', 0.00, 0.00, 200000),
	(59788, 86, 1, '13258,13263,13276', '0231000585', 0, '723||1364', 0.00, 0.00, 0),
	(59789, 86, 1, '13258,13264,13275', '0231000584', 0, '867', 0.00, 0.00, 200000),
	(59790, 86, 1, '13258,13264,13276', '0231000585', 0, '867||1636', 0.00, 0.00, 0),
	(59791, 86, 1, '13258,13265,13275', '0231000584', 0, '980', 0.00, 0.00, 200000),
	(59792, 86, 1, '13258,13265,13276', '0231000585', 0, '980||1850', 0.00, 0.00, 0),
	(59793, 86, 1, '13258,13266,13275', '0231000584', 0, '1101', 0.00, 0.00, 200000),
	(59794, 86, 1, '13258,13266,13276', '0231000585', 0, '1101||2078', 0.00, 0.00, 0),
	(59795, 86, 1, '13258,13267,13275', '0231000584', 0, '1257', 0.00, 0.00, 200000),
	(59796, 86, 1, '13258,13267,13276', '0231000585', 0, '1257||2372', 0.00, 0.00, 0),
	(59797, 86, 1, '13258,13268,13275', '0231000584', 0, '1473', 0.00, 0.00, 200000),
	(59798, 86, 1, '13258,13268,13276', '0231000585', 0, '1473||2781', 0.00, 0.00, 0),
	(59799, 86, 1, '13258,13269,13275', '0231000584', 0, '1733', 0.00, 0.00, 200000),
	(59800, 86, 1, '13258,13269,13276', '0231000585', 0, '1733||3272', 0.00, 0.00, 0),
	(59801, 86, 1, '13258,13270,13275', '0231000584', 0, '2037', 0.00, 0.00, 200000),
	(59802, 86, 1, '13258,13270,13276', '0231000585', 0, '2037||3845', 0.00, 0.00, 0),
	(59803, 86, 1, '13258,13271,13275', '0231000584', 0, '2600', 0.00, 0.00, 200000),
	(59804, 86, 1, '13258,13271,13276', '0231000585', 0, '2600||4908', 0.00, 0.00, 0),
	(59805, 86, 1, '13258,13272,13275', '0231000584', 0, '3120', 0.00, 0.00, 200000),
	(59806, 86, 1, '13258,13272,13276', '0231000585', 0, '3120||5890', 0.00, 0.00, 0),
	(59807, 86, 1, '13258,13273,13275', '0231000584', 0, '3900', 0.00, 0.00, 200000),
	(59808, 86, 1, '13258,13273,13276', '0231000585', 0, '3900||7362', 0.00, 0.00, 0),
	(59809, 86, 1, '13258,13274,13275', '0231000584', 0, '4766', 0.00, 0.00, 200000),
	(59810, 86, 1, '13258,13274,13276', '0231000585', 0, '4766||8999', 0.00, 0.00, 0),
	(59811, 86, 1, '13259,13260,13275', '0231000586', 0, '1910', 0.00, 0.00, 500000),
	(59812, 86, 1, '13259,13260,13276', '0231000587', 0, '1910||5092', 0.00, 0.00, 0),
	(59813, 86, 1, '13259,13261,13275', '0231000586', 0, '1218', 0.00, 0.00, 500000),
	(59814, 86, 1, '13259,13261,13276', '0231000587', 0, '1218||3249', 0.00, 0.00, 0),
	(59815, 86, 1, '13259,13262,13275', '0231000586', 0, '1301', 0.00, 0.00, 500000),
	(59816, 86, 1, '13259,13262,13276', '0231000587', 0, '1301||3470', 0.00, 0.00, 0),
	(59817, 86, 1, '13259,13263,13275', '0231000586', 0, '1384', 0.00, 0.00, 500000),
	(59818, 86, 1, '13259,13263,13276', '0231000587', 0, '1384||3692', 0.00, 0.00, 0),
	(59819, 86, 1, '13259,13264,13275', '0231000586', 0, '1661', 0.00, 0.00, 500000),
	(59820, 86, 1, '13259,13264,13276', '0231000587', 0, '1661||4428', 0.00, 0.00, 0),
	(59821, 86, 1, '13259,13265,13275', '0231000586', 0, '1878', 0.00, 0.00, 500000),
	(59822, 86, 1, '13259,13265,13276', '0231000587', 0, '1878||5006', 0.00, 0.00, 0),
	(59823, 86, 1, '13259,13266,13275', '0231000586', 0, '2109', 0.00, 0.00, 500000),
	(59824, 86, 1, '13259,13266,13276', '0231000587', 0, '2109||5623', 0.00, 0.00, 0),
	(59825, 86, 1, '13259,13267,13275', '0231000586', 0, '2408', 0.00, 0.00, 500000),
	(59826, 86, 1, '13259,13267,13276', '0231000587', 0, '2408||6420', 0.00, 0.00, 0),
	(59827, 86, 1, '13259,13268,13275', '0231000586', 0, '2823', 0.00, 0.00, 500000),
	(59828, 86, 1, '13259,13268,13276', '0231000587', 0, '2823||7527', 0.00, 0.00, 0),
	(59829, 86, 1, '13259,13269,13275', '0231000586', 0, '3321', 0.00, 0.00, 500000),
	(59830, 86, 1, '13259,13269,13276', '0231000587', 0, '3321||8855', 0.00, 0.00, 0),
	(59831, 86, 1, '13259,13270,13275', '0231000586', 0, '3902', 0.00, 0.00, 500000),
	(59832, 86, 1, '13259,13270,13276', '0231000587', 0, '3902||10405', 0.00, 0.00, 0),
	(59833, 86, 1, '13259,13271,13275', '0231000586', 0, '4982', 0.00, 0.00, 500000),
	(59834, 86, 1, '13259,13271,13276', '0231000587', 0, '4982||13283', 0.00, 0.00, 0),
	(59835, 86, 1, '13259,13272,13275', '0231000586', 0, '5978', 0.00, 0.00, 500000),
	(59836, 86, 1, '13259,13272,13276', '0231000587', 0, '5978||15939', 0.00, 0.00, 0),
	(59837, 86, 1, '13259,13273,13275', '0231000586', 0, '7472', 0.00, 0.00, 500000),
	(59838, 86, 1, '13259,13273,13276', '0231000587', 0, '7472||19924', 0.00, 0.00, 0),
	(59839, 86, 1, '13259,13274,13275', '0231000586', 0, '9133', 0.00, 0.00, 500000),
	(59840, 86, 1, '13259,13274,13276', '0231000587', 0, '9133||24352', 0.00, 0.00, 0),
	(60249, 89, 1, '13367,13370,13387', '0231000594', 0, '653', 0.00, 0.00, 1000000),
	(60250, 89, 1, '13367,13370,13388', '0231000595', 0, '1325', 0.00, 0.00, 1000000),
	(60251, 89, 1, '13367,13371,13387', '0231000594', 0, '247', 0.00, 0.00, 1000000),
	(60252, 89, 1, '13367,13371,13388', '0231000595', 0, '489', 0.00, 0.00, 1000000),
	(60253, 89, 1, '13367,13372,13387', '0231000594', 0, '198', 0.00, 0.00, 1000000),
	(60254, 89, 1, '13367,13372,13388', '0231000595', 0, '381', 0.00, 0.00, 1000000),
	(60255, 89, 1, '13367,13373,13387', '0231000594', 0, '159', 0.00, 0.00, 1000000),
	(60256, 89, 1, '13367,13373,13388', '0231000595', 0, '303', 0.00, 0.00, 1000000),
	(60257, 89, 1, '13367,13374,13387', '0231000594', 0, '204', 0.00, 0.00, 1000000),
	(60258, 89, 1, '13367,13374,13388', '0231000595', 0, '387', 0.00, 0.00, 1000000),
	(60259, 89, 1, '13367,13375,13387', '0231000594', 0, '278', 0.00, 0.00, 1000000),
	(60260, 89, 1, '13367,13375,13388', '0231000595', 0, '530', 0.00, 0.00, 1000000),
	(60261, 89, 1, '13367,13376,13387', '0231000594', 0, '367', 0.00, 0.00, 1000000),
	(60262, 89, 1, '13367,13376,13388', '0231000595', 0, '735', 0.00, 0.00, 1000000),
	(60263, 89, 1, '13367,13377,13387', '0231000594', 0, '482', 0.00, 0.00, 1000000),
	(60264, 89, 1, '13367,13377,13388', '0231000595', 0, '1051', 0.00, 0.00, 1000000),
	(60265, 89, 1, '13367,13378,13387', '0231000594', 0, '621', 0.00, 0.00, 1000000),
	(60266, 89, 1, '13367,13378,13388', '0231000595', 0, '1474', 0.00, 0.00, 1000000),
	(60267, 89, 1, '13367,13379,13387', '0231000594', 0, '911', 0.00, 0.00, 1000000),
	(60268, 89, 1, '13367,13379,13388', '0231000595', 0, '2343', 0.00, 0.00, 1000000),
	(60269, 89, 1, '13367,13380,13387', '0231000594', 0, '1195', 0.00, 0.00, 1000000),
	(60270, 89, 1, '13367,13380,13388', '0231000595', 0, '3125', 0.00, 0.00, 1000000),
	(60271, 89, 1, '13367,13381,13387', '0231000594', 0, '1569', 0.00, 0.00, 1000000),
	(60272, 89, 1, '13367,13381,13388', '0231000595', 0, '4072', 0.00, 0.00, 1000000),
	(60273, 89, 1, '13367,13382,13387', '0231000594', 0, '2178', 0.00, 0.00, 1000000),
	(60274, 89, 1, '13367,13382,13388', '0231000595', 0, '5637', 0.00, 0.00, 1000000),
	(60275, 89, 1, '13367,13383,13387', '0231000594', 0, '2945', 0.00, 0.00, 1000000),
	(60276, 89, 1, '13367,13383,13388', '0231000595', 0, '7552', 0.00, 0.00, 1000000),
	(60277, 89, 1, '13367,13384,13387', '0231000594', 0, '3889', 0.00, 0.00, 1000000),
	(60278, 89, 1, '13367,13384,13388', '0231000595', 0, '9905', 0.00, 0.00, 1000000),
	(60279, 89, 1, '13367,13385,13387', '0231000594', 0, '5046', 0.00, 0.00, 1000000),
	(60280, 89, 1, '13367,13385,13388', '0231000595', 0, '12740', 0.00, 0.00, 1000000),
	(60281, 89, 1, '13367,13386,13387', '0231000594', 0, '6509', 0.00, 0.00, 1000000),
	(60282, 89, 1, '13367,13386,13388', '0231000595', 0, '16335', 0.00, 0.00, 1000000),
	(60283, 89, 1, '13368,13370,13387', '0231000596', 0, '746', 0.00, 0.00, 3000000),
	(60284, 89, 1, '13368,13370,13388', '0231000597', 0, '1547', 0.00, 0.00, 3000000),
	(60285, 89, 1, '13368,13371,13387', '0231000596', 0, '273', 0.00, 0.00, 3000000),
	(60286, 89, 1, '13368,13371,13388', '0231000597', 0, '561', 0.00, 0.00, 3000000),
	(60287, 89, 1, '13368,13372,13387', '0231000596', 0, '214', 0.00, 0.00, 3000000),
	(60288, 89, 1, '13368,13372,13388', '0231000597', 0, '435', 0.00, 0.00, 3000000),
	(60289, 89, 1, '13368,13373,13387', '0231000596', 0, '169', 0.00, 0.00, 3000000),
	(60290, 89, 1, '13368,13373,13388', '0231000597', 0, '340', 0.00, 0.00, 3000000),
	(60291, 89, 1, '13368,13374,13387', '0231000596', 0, '215', 0.00, 0.00, 3000000),
	(60292, 89, 1, '13368,13374,13388', '0231000597', 0, '435', 0.00, 0.00, 3000000),
	(60293, 89, 1, '13368,13375,13387', '0231000596', 0, '295', 0.00, 0.00, 3000000),
	(60294, 89, 1, '13368,13375,13388', '0231000597', 0, '592', 0.00, 0.00, 3000000),
	(60295, 89, 1, '13368,13376,13387', '0231000596', 0, '382', 0.00, 0.00, 3000000),
	(60296, 89, 1, '13368,13376,13388', '0231000597', 0, '810', 0.00, 0.00, 3000000),
	(60297, 89, 1, '13368,13377,13387', '0231000596', 0, '495', 0.00, 0.00, 3000000),
	(60298, 89, 1, '13368,13377,13388', '0231000597', 0, '1148', 0.00, 0.00, 3000000),
	(60299, 89, 1, '13368,13378,13387', '0231000596', 0, '634', 0.00, 0.00, 3000000),
	(60300, 89, 1, '13368,13378,13388', '0231000597', 0, '1594', 0.00, 0.00, 3000000),
	(60301, 89, 1, '13368,13379,13387', '0231000596', 0, '931', 0.00, 0.00, 3000000),
	(60302, 89, 1, '13368,13379,13388', '0231000597', 0, '2508', 0.00, 0.00, 3000000),
	(60303, 89, 1, '13368,13380,13387', '0231000596', 0, '1220', 0.00, 0.00, 3000000),
	(60304, 89, 1, '13368,13380,13388', '0231000597', 0, '3315', 0.00, 0.00, 3000000),
	(60305, 89, 1, '13368,13381,13387', '0231000596', 0, '1602', 0.00, 0.00, 3000000),
	(60306, 89, 1, '13368,13381,13388', '0231000597', 0, '4292', 0.00, 0.00, 3000000),
	(60307, 89, 1, '13368,13382,13387', '0231000596', 0, '2223', 0.00, 0.00, 3000000),
	(60308, 89, 1, '13368,13382,13388', '0231000597', 0, '5915', 0.00, 0.00, 3000000),
	(60309, 89, 1, '13368,13383,13387', '0231000596', 0, '3005', 0.00, 0.00, 3000000),
	(60310, 89, 1, '13368,13383,13388', '0231000597', 0, '7852', 0.00, 0.00, 3000000),
	(60311, 89, 1, '13368,13384,13387', '0231000596', 0, '3969', 0.00, 0.00, 3000000),
	(60312, 89, 1, '13368,13384,13388', '0231000597', 0, '10206', 0.00, 0.00, 3000000),
	(60313, 89, 1, '13368,13385,13387', '0231000596', 0, '5149', 0.00, 0.00, 3000000),
	(60314, 89, 1, '13368,13385,13388', '0231000597', 0, '12989', 0.00, 0.00, 3000000),
	(60315, 89, 1, '13368,13386,13387', '0231000596', 0, '6642', 0.00, 0.00, 3000000),
	(60316, 89, 1, '13368,13386,13388', '0231000597', 0, '16535', 0.00, 0.00, 3000000),
	(60317, 89, 1, '13369,13370,13387', '0231000598', 0, '851', 0.00, 0.00, 6660000),
	(60318, 89, 1, '13369,13370,13388', '0231000599', 0, '1784', 0.00, 0.00, 6660000),
	(60319, 89, 1, '13369,13371,13387', '0231000598', 0, '312', 0.00, 0.00, 6660000),
	(60320, 89, 1, '13369,13371,13388', '0231000599', 0, '641', 0.00, 0.00, 6660000),
	(60321, 89, 1, '13369,13372,13387', '0231000598', 0, '242', 0.00, 0.00, 6660000),
	(60322, 89, 1, '13369,13372,13388', '0231000599', 0, '494', 0.00, 0.00, 6660000),
	(60323, 89, 1, '13369,13373,13387', '0231000598', 0, '185', 0.00, 0.00, 6660000),
	(60324, 89, 1, '13369,13373,13388', '0231000599', 0, '383', 0.00, 0.00, 6660000),
	(60325, 89, 1, '13369,13374,13387', '0231000598', 0, '235', 0.00, 0.00, 6660000),
	(60326, 89, 1, '13369,13374,13388', '0231000599', 0, '489', 0.00, 0.00, 6660000),
	(60327, 89, 1, '13369,13375,13387', '0231000598', 0, '317', 0.00, 0.00, 6660000),
	(60328, 89, 1, '13369,13375,13388', '0231000599', 0, '662', 0.00, 0.00, 6660000),
	(60329, 89, 1, '13369,13376,13387', '0231000598', 0, '407', 0.00, 0.00, 6660000),
	(60330, 89, 1, '13369,13376,13388', '0231000599', 0, '900', 0.00, 0.00, 6660000),
	(60331, 89, 1, '13369,13377,13387', '0231000598', 0, '525', 0.00, 0.00, 6660000),
	(60332, 89, 1, '13369,13377,13388', '0231000599', 0, '1265', 0.00, 0.00, 6660000),
	(60333, 89, 1, '13369,13378,13387', '0231000598', 0, '668', 0.00, 0.00, 6660000),
	(60334, 89, 1, '13369,13378,13388', '0231000599', 0, '1746', 0.00, 0.00, 6660000),
	(60335, 89, 1, '13369,13379,13387', '0231000598', 0, '969', 0.00, 0.00, 6660000),
	(60336, 89, 1, '13369,13379,13388', '0231000599', 0, '2729', 0.00, 0.00, 6660000),
	(60337, 89, 1, '13369,13380,13387', '0231000598', 0, '1258', 0.00, 0.00, 6660000),
	(60338, 89, 1, '13369,13380,13388', '0231000599', 0, '3589', 0.00, 0.00, 6660000),
	(60339, 89, 1, '13369,13381,13387', '0231000598', 0, '1651', 0.00, 0.00, 6660000),
	(60340, 89, 1, '13369,13381,13388', '0231000599', 0, '4631', 0.00, 0.00, 6660000),
	(60341, 89, 1, '13369,13382,13387', '0231000598', 0, '2292', 0.00, 0.00, 6660000),
	(60342, 89, 1, '13369,13382,13388', '0231000599', 0, '6369', 0.00, 0.00, 6660000),
	(60343, 89, 1, '13369,13383,13387', '0231000598', 0, '3097', 0.00, 0.00, 6660000),
	(60344, 89, 1, '13369,13383,13388', '0231000599', 0, '8409', 0.00, 0.00, 6660000),
	(60345, 89, 1, '13369,13384,13387', '0231000598', 0, '4092', 0.00, 0.00, 6660000),
	(60346, 89, 1, '13369,13384,13388', '0231000599', 0, '10877', 0.00, 0.00, 6660000),
	(60347, 89, 1, '13369,13385,13387', '0231000598', 0, '5309', 0.00, 0.00, 6660000),
	(60348, 89, 1, '13369,13385,13388', '0231000599', 0, '13760', 0.00, 0.00, 6660000),
	(60349, 89, 1, '13369,13386,13387', '0231000598', 0, '6848', 0.00, 0.00, 6660000),
	(60350, 89, 1, '13369,13386,13388', '0231000599', 0, '17443', 0.00, 0.00, 6660000),
	(60351, 51, 1, '13389,13391', 'CIINFAP1', 0, '230.00', 0.00, 0.00, 50000),
	(60352, 51, 1, '13389,13392', 'CICHDAP1', 0, '190.00', 0.00, 0.00, 50000),
	(60353, 51, 1, '13390,13391', 'CIINFAP2', 0, '350.00', 0.00, 0.00, 100000),
	(60354, 51, 1, '13390,13392', 'CICHDAP2', 0, '310.00', 0.00, 0.00, 100000);
/*!40000 ALTER TABLE `product_option_value` ENABLE KEYS */;

-- 导出  表 cms.product_recurring 结构
CREATE TABLE IF NOT EXISTS `product_recurring` (
  `recurring_id` int(11) NOT NULL AUTO_INCREMENT,
  `product_id` int(11) NOT NULL,
  `fee` decimal(10,4) NOT NULL,
  `frequency` enum('day','week','semi_month','month','year') NOT NULL,
  `duration` int(10) unsigned NOT NULL,
  `cycle` int(10) unsigned NOT NULL,
  `name` varchar(255) NOT NULL,
  `status` tinyint(4) NOT NULL,
  `sort_order` int(11) NOT NULL,
  PRIMARY KEY (`recurring_id`)
) ENGINE=InnoDB AUTO_INCREMENT=119 DEFAULT CHARSET=utf8;

-- 正在导出表  cms.product_recurring 的数据：~4 rows (大约)
/*!40000 ALTER TABLE `product_recurring` DISABLE KEYS */;
INSERT INTO `product_recurring` (`recurring_id`, `product_id`, `fee`, `frequency`, `duration`, `cycle`, `name`, `status`, `sort_order`) VALUES
	(107, 84, 1.1000, 'month', 12, 1, '分12期', 1, 2),
	(113, 55, 1.0000, 'month', 12, 1, '分12期', 1, 1),
	(117, 81, 1.1000, 'month', 12, 1, '分12期', 1, 1),
	(118, 51, 1.1000, 'month', 12, 1, '分12期', 1, 1);
/*!40000 ALTER TABLE `product_recurring` ENABLE KEYS */;

-- 导出  表 cms.product_related 结构
CREATE TABLE IF NOT EXISTS `product_related` (
  `product_id` int(11) NOT NULL,
  `related_id` int(11) NOT NULL,
  PRIMARY KEY (`product_id`,`related_id`)
) ENGINE=InnoDB DEFAULT CHARSET=utf8;

-- 正在导出表  cms.product_related 的数据：~0 rows (大约)
/*!40000 ALTER TABLE `product_related` DISABLE KEYS */;
/*!40000 ALTER TABLE `product_related` ENABLE KEYS */;

-- 导出  表 cms.product_reward 结构
CREATE TABLE IF NOT EXISTS `product_reward` (
  `product_reward_id` int(11) NOT NULL AUTO_INCREMENT,
  `product_id` int(11) NOT NULL DEFAULT '0',
  `customer_group_id` int(11) NOT NULL DEFAULT '0',
  `points` int(8) NOT NULL DEFAULT '0',
  PRIMARY KEY (`product_reward_id`)
) ENGINE=InnoDB AUTO_INCREMENT=12 DEFAULT CHARSET=utf8;

-- 正在导出表  cms.product_reward 的数据：~0 rows (大约)
/*!40000 ALTER TABLE `product_reward` DISABLE KEYS */;
/*!40000 ALTER TABLE `product_reward` ENABLE KEYS */;

-- 导出  表 cms.product_special 结构
CREATE TABLE IF NOT EXISTS `product_special` (
  `product_special_id` int(11) NOT NULL AUTO_INCREMENT,
  `product_id` int(11) NOT NULL,
  `customer_group_id` int(11) NOT NULL,
  `priority` int(5) NOT NULL DEFAULT '1',
  `price` decimal(15,4) NOT NULL DEFAULT '0.0000',
  `date_start` date NOT NULL DEFAULT '0000-00-00',
  `date_end` date NOT NULL DEFAULT '0000-00-00',
  PRIMARY KEY (`product_special_id`),
  KEY `product_id` (`product_id`)
) ENGINE=InnoDB DEFAULT CHARSET=utf8 COLLATE=utf8_bin;

-- 正在导出表  cms.product_special 的数据：~0 rows (大约)
/*!40000 ALTER TABLE `product_special` DISABLE KEYS */;
/*!40000 ALTER TABLE `product_special` ENABLE KEYS */;

-- 导出  表 cms.product_to_category 结构
CREATE TABLE IF NOT EXISTS `product_to_category` (
  `product_id` int(11) NOT NULL,
  `category_id` int(11) NOT NULL,
  PRIMARY KEY (`product_id`,`category_id`),
  KEY `category_id` (`category_id`)
) ENGINE=InnoDB DEFAULT CHARSET=utf8;

-- 正在导出表  cms.product_to_category 的数据：~46 rows (大约)
/*!40000 ALTER TABLE `product_to_category` DISABLE KEYS */;
INSERT INTO `product_to_category` (`product_id`, `category_id`) VALUES
	(51, 59),
	(56, 59),
	(59, 59),
	(61, 59),
	(62, 59),
	(64, 59),
	(65, 59),
	(69, 59),
	(76, 59),
	(81, 59),
	(86, 59),
	(89, 59),
	(58, 60),
	(68, 60),
	(74, 60),
	(77, 60),
	(87, 60),
	(52, 61),
	(53, 61),
	(80, 61),
	(88, 61),
	(57, 62),
	(67, 62),
	(51, 63),
	(55, 63),
	(60, 63),
	(66, 63),
	(68, 63),
	(84, 63),
	(85, 63),
	(89, 63),
	(55, 66),
	(69, 66),
	(81, 66),
	(84, 66),
	(86, 66),
	(89, 66),
	(51, 67),
	(74, 67),
	(79, 67),
	(86, 67);
/*!40000 ALTER TABLE `product_to_category` ENABLE KEYS */;

-- 导出  表 cms.product_to_download 结构
CREATE TABLE IF NOT EXISTS `product_to_download` (
  `product_id` int(11) NOT NULL,
  `download_id` int(11) NOT NULL,
  PRIMARY KEY (`product_id`,`download_id`)
) ENGINE=InnoDB DEFAULT CHARSET=utf8;

-- 正在导出表  cms.product_to_download 的数据：~0 rows (大约)
/*!40000 ALTER TABLE `product_to_download` DISABLE KEYS */;
/*!40000 ALTER TABLE `product_to_download` ENABLE KEYS */;

-- 导出  表 cms.review 结构
CREATE TABLE IF NOT EXISTS `review` (
  `review_id` int(11) NOT NULL AUTO_INCREMENT,
  `product_id` int(11) NOT NULL,
  `customer_id` int(11) NOT NULL,
  `author` varchar(64) NOT NULL,
  `text` text NOT NULL,
  `rating` int(1) NOT NULL,
  `status` tinyint(1) NOT NULL DEFAULT '0',
  `date_added` datetime NOT NULL,
  `date_modified` datetime NOT NULL,
  PRIMARY KEY (`review_id`),
  KEY `product_id` (`product_id`)
) ENGINE=InnoDB DEFAULT CHARSET=utf8;

-- 正在导出表  cms.review 的数据：~0 rows (大约)
/*!40000 ALTER TABLE `review` DISABLE KEYS */;
/*!40000 ALTER TABLE `review` ENABLE KEYS */;

-- 导出  表 cms.setting 结构
CREATE TABLE IF NOT EXISTS `setting` (
  `setting_id` int(11) NOT NULL AUTO_INCREMENT,
  `code` varchar(32) NOT NULL,
  `key` varchar(64) NOT NULL,
  `value` text NOT NULL,
  `serialized` tinyint(1) NOT NULL,
  PRIMARY KEY (`setting_id`)
) ENGINE=InnoDB DEFAULT CHARSET=utf8 COMMENT='系统设置';

-- 正在导出表  cms.setting 的数据：~0 rows (大约)
/*!40000 ALTER TABLE `setting` DISABLE KEYS */;
/*!40000 ALTER TABLE `setting` ENABLE KEYS */;

-- 导出  表 cms.sms_log 结构
CREATE TABLE IF NOT EXISTS `sms_log` (
  `id` int(11) NOT NULL AUTO_INCREMENT COMMENT '表id',
  `mobile` varchar(11) DEFAULT '' COMMENT '手机号',
  `session_id` varchar(128) DEFAULT '' COMMENT 'session_id',
  `code` varchar(10) DEFAULT '' COMMENT '验证码',
  `status` int(1) NOT NULL DEFAULT '0' COMMENT '发送状态,1:发送成功未使用,0:失败 2 已用',
  `msg` varchar(255) DEFAULT NULL COMMENT '短信内容',
  `scene` int(1) DEFAULT '0' COMMENT '发送场景,1:用户注册,2:找回密码,3:客户下保,4:客户支付,5:身份验证',
  `error_msg` text COMMENT '发送短信异常内容',
  `create_time` int(11) DEFAULT '0' COMMENT '发送时间',
  `used_time` int(11) DEFAULT NULL COMMENT '使用时间',
  PRIMARY KEY (`id`)
) ENGINE=InnoDB AUTO_INCREMENT=206 DEFAULT CHARSET=utf8;

-- 正在导出表  cms.sms_log 的数据：~205 rows (大约)
/*!40000 ALTER TABLE `sms_log` DISABLE KEYS */;
INSERT INTO `sms_log` (`id`, `mobile`, `session_id`, `code`, `status`, `msg`, `scene`, `error_msg`, `create_time`, `used_time`) VALUES
	(1, '13760182994', '13760182994', '1Jed', 1, '【超值保】尊敬的客户，您的验证码为：1Jed ', 1, NULL, 1530187508, NULL),
	(2, '13688982873', '13688982873', 'A2lB', 1, '【超值保】尊敬的客户，您的验证码为：A2lB ', 1, NULL, 1530185440, NULL),
	(3, '13688982873', '', 'tl13', 1, '【超值保】尊敬的客户，您的验证码为：tl13 ', 1, NULL, 1530186559, NULL),
	(4, '13688982873', '', 'U3FG', 1, '【超值保】尊敬的客户，您的验证码为：U3FG ', 1, NULL, 1530186669, NULL),
	(5, '13688982873', '', 'SVD1', 1, '【超值保】尊敬的客户，您的验证码为：SVD1 ', 1, NULL, 1530186759, NULL),
	(6, '13688982873', '', 'edjR', 1, '【超值保】尊敬的客户，您的验证码为：edjR ', 1, NULL, 1530186795, NULL),
	(7, '13688982873', '', 'P2dA', 1, '【超值保】尊敬的客户，您的验证码为：P2dA ', 1, NULL, 1530186851, NULL),
	(8, '13688982873', '', '6Wpk', 1, '【超值保】尊敬的客户，您的验证码为：6Wpk ', 1, NULL, 1530187193, NULL),
	(9, '13688982873', '', 'Cvh8', 1, '【超值保】尊敬的客户，您的验证码为：Cvh8 ', 1, NULL, 1530187261, NULL),
	(10, '13688982873', '', 'B6Hx', 1, '【超值保】尊敬的客户，您的验证码为：B6Hx ', 1, NULL, 1530187324, NULL),
	(11, '13688982873', '', 'LHwp', 1, '【超值保】尊敬的客户，您的验证码为：LHwp ', 1, NULL, 1530187508, NULL),
	(12, '13688982873', '', 'YpVG', 1, '【超值保】尊敬的客户，您的验证码为：YpVG ', 1, NULL, 1530188457, NULL),
	(13, '13688982873', '', 'ojat', 1, '【超值保】尊敬的客户，您的验证码为：ojat ', 1, NULL, 1530188587, NULL),
	(14, '13688982873', '', '0rVG', 1, '【超值保】尊敬的客户，您的验证码为：0rVG ', 1, NULL, 1530188762, NULL),
	(15, '13688982873', '', 'tfSd', 1, '【超值保】尊敬的客户，您的验证码为：tfSd ', 1, NULL, 1530188832, NULL),
	(16, '13688982873', '', 'apq6', 1, '【超值保】尊敬的客户，您的验证码为：apq6 ', 1, NULL, 1530188938, NULL),
	(17, '13688982873', '', 'xzMv', 1, '【超值保】尊敬的客户，您的验证码为：xzMv ', 1, NULL, 1530252714, NULL),
	(18, '13688982873', '', 'zWzl', 1, '【超值保】尊敬的客户，您的验证码为：zWzl ', 1, NULL, 1530252923, NULL),
	(19, '13688982873', '', 'aOvl', 1, '【超值保】尊敬的客户，您的验证码为：aOvl ', 1, NULL, 1530253687, NULL),
	(20, '13688982873', '', 'OznM', 1, '【超值保】尊敬的客户，您的验证码为：OznM ', 1, NULL, 1530270992, NULL),
	(21, '13688982873', '', 'yRyQ', 1, '【超值保】尊敬的客户，您的验证码为：yRyQ ', 1, NULL, 1530273744, NULL),
	(22, '13688982873', '', 'Z9g6', 1, '【超值保】尊敬的客户，您的验证码为：Z9g6 ', 1, NULL, 1530328519, NULL),
	(23, '13688982873', '', '2VE1', 1, '【超值保】尊敬的客户，您的验证码为：2VE1 ', 1, NULL, 1530338882, NULL),
	(24, '13688982873', '', 'w3Uo', 1, '【超值保】尊敬的客户，您的验证码为：w3Uo ', 1, NULL, 1530339043, NULL),
	(25, '18689482206', '', 'jlBb', 1, '【超值保】尊敬的客户，您的验证码为：jlBb ', 1, NULL, 1530342763, NULL),
	(26, '18689482206', '', 'KlON', 1, '【超值保】尊敬的客户，您的验证码为：KlON ', 1, NULL, 1530342764, NULL),
	(27, '18689482206', '', 'OnNs', 1, '【超值保】尊敬的客户，您的验证码为：OnNs ', 1, NULL, 1530342766, NULL),
	(28, '18689482206', '', 'tTTD', 1, '【超值保】尊敬的客户，您的验证码为：tTTD ', 1, NULL, 1530342766, NULL),
	(29, '18689482206', '', 'axE8', 1, '【超值保】尊敬的客户，您的验证码为：axE8 ', 1, NULL, 1530342767, NULL),
	(30, '13688982873', '', 'kRTX', 1, '【超值保】尊敬的客户，您的验证码为：kRTX ', 1, NULL, 1530344970, NULL),
	(31, '13760182994', '', 'FtMX', 1, '【超值保】尊敬的客户，您的验证码为：FtMX ', 1, NULL, 1530358324, NULL),
	(32, '13688982873', '', 'EalV', 1, '【超值保】尊敬的客户，您的验证码为：EalV ', 1, NULL, 1530525890, NULL),
	(33, '13688982873', '', 'ZiHl', 1, '【超值保】尊敬的客户，您的验证码为：ZiHl ', 1, NULL, 1530525909, NULL),
	(34, '13688982873', '', 'kbbu', 1, '【超值保】尊敬的客户，您的验证码为：kbbu ', 1, NULL, 1530526261, NULL),
	(35, '13688982873', '', 'WvTG', 1, '【超值保】尊敬的客户，您的验证码为：WvTG ', 1, NULL, 1530526288, NULL),
	(36, '13688982873', '', 'bIUY', 1, '【超值保】尊敬的客户，您的验证码为：bIUY ', 1, NULL, 1530526439, NULL),
	(37, '13688982873', '', 'pzO_', 1, '【超值保】尊敬的客户，您的验证码为：pzO_ ', 1, NULL, 1530526508, NULL),
	(38, '13688982873', '', 'm_J6', 1, '【超值保】尊敬的客户，您的验证码为：m_J6 ', 1, NULL, 1530526571, NULL),
	(39, '13688982873', '', 'teNe', 1, '【超值保】尊敬的客户，您的验证码为：teNe ', 1, NULL, 1530527006, NULL),
	(40, '13688982873', '', 'l7lp', 1, '【超值保】尊敬的客户，您的验证码为：l7lp ', 1, NULL, 1530527076, NULL),
	(41, '13688982873', '', 'xf56', 1, '【超值保】尊敬的客户，您的验证码为：xf56 ', 1, NULL, 1530527081, NULL),
	(42, '13688982873', '', '4txc', 1, '【超值保】尊敬的客户，您的验证码为：4txc ', 1, NULL, 1530527084, NULL),
	(43, '13688982873', '', '29at', 1, '【超值保】尊敬的客户，您的验证码为：29at ', 1, NULL, 1530527100, NULL),
	(44, '13688982873', '', 'yth6', 1, '【超值保】尊敬的客户，您的验证码为：yth6 ', 1, NULL, 1530781999, NULL),
	(45, '13688982873', '', '2ggb', 1, '【超值保】尊敬的客户，您的验证码为：2ggb ', 1, NULL, 1530782481, NULL),
	(46, '13688982873', '', '3a81', 1, '【超值保】尊敬的客户，您的验证码为：3a81 ', 1, NULL, 1530782546, NULL),
	(47, '13688982873', '', 'r59r', 1, '【超值保】尊敬的客户，您的验证码为：r59r ', 1, NULL, 1530782570, NULL),
	(48, '13688982873', '', 'k6eu', 1, '【超值保】尊敬的客户，您的验证码为：k6eu ', 1, NULL, 1530786125, NULL),
	(49, '13688982873', '', 'qbyz', 1, '【超值保】尊敬的客户，您的验证码为：qbyz ', 1, NULL, 1530786406, NULL),
	(50, '13688982873', '', 'f6yn', 1, '【超值保】尊敬的客户，您的验证码为：f6yn ', 1, NULL, 1530786880, NULL),
	(51, '13688982873', '', '5g2k', 1, '【超值保】尊敬的客户，您的验证码为：5g2k ', 1, NULL, 1530842259, NULL),
	(52, '13688982873', '', '7wsk', 1, '【超值保】尊敬的客户，您的验证码为：7wsk ', 1, NULL, 1530843371, NULL),
	(53, '13688982873', '', '0m6p', 1, '【超值保】尊敬的客户，您的验证码为：0m6p ', 1, NULL, 1530843433, NULL),
	(54, '18689482206', '', 'gojt', 1, '【超值保】尊敬的客户，您的验证码为：gojt ', 1, NULL, 1530843588, NULL),
	(55, '13760182994', '', '7812', 1, '【超值保】尊敬的客户，您的验证码为：7812 ', 1, NULL, 1530863939, NULL),
	(56, '13688982873', '', '5550', 1, '【超值保】尊敬的客户，您的验证码为：5550 ', 1, NULL, 1530863944, NULL),
	(57, '13688982873', '', '8083', 1, '【超值保】尊敬的客户，您的验证码为：8083 ', 1, NULL, 1530865282, NULL),
	(58, '13688982873', '', '6665', 1, '【超值保】尊敬的客户，您的验证码为：6665 ', 1, NULL, 1530868816, NULL),
	(59, '13631660246', '', 'FFFF', 1, '【超值保】尊敬的客户，您投保的保单：201-1-593-18-0000031140-00 续保日期为 07 月 1 日，为避免您的保障失效，建议立即续保！', 0, NULL, 1530869189, NULL),
	(60, '13631660246', '', 'FFFF', 1, '【超值保】尊敬的客户，您投保的保单：201-1-593-18-0000031140-00 续保日期为 07 月 1 日，为避免您的保障失效，建议立即续保！', 0, NULL, 1530869376, NULL),
	(61, '18666368804', '', 'FFFF', 1, '【超值保】尊敬的客户，您投保的保单：HK25N242271800000014 续保日期为 07 月 1 日，为避免您的保障失效，建议立即续保！', 0, NULL, 1530869376, NULL),
	(62, '13543638410', '', 'FFFF', 1, '【超值保】尊敬的客户，您投保的保单：HK25N242271800000015 续保日期为 07 月 1 日，为避免您的保障失效，建议立即续保！', 0, NULL, 1530869376, NULL),
	(63, '18621823380', '', 'FFFF', 1, '【超值保】尊敬的客户，您投保的保单：HK25N242271800000025 续保日期为 07 月 1 日，为避免您的保障失效，建议立即续保！', 0, NULL, 1530869376, NULL),
	(64, '18689482206', '', '2866', 1, '【超值保】尊敬的客户，您的验证码为：2866 ', 1, NULL, 1530869425, NULL),
	(65, '15549493154', '', '2883', 1, '【超值保】尊敬的客户，您的验证码为：2883 ', 1, NULL, 1530871377, NULL),
	(66, '13688982873', '', '7380', 1, '【超值保】尊敬的客户，您的验证码为：7380 ', 1, NULL, 1530871627, NULL),
	(67, '13688982873', '', '2477', 1, '【超值保】尊敬的客户，您的验证码为：2477 ', 1, NULL, 1530875414, NULL),
	(68, '13688982873', '', '3562', 1, '【超值保】尊敬的客户，您的验证码为：3562 ', 1, NULL, 1530875617, NULL),
	(69, '13688982873', '', '7300', 1, '【超值保】尊敬的客户，您的验证码为：7300 ', 1, NULL, 1530875709, NULL),
	(70, '13688982873', '', '5219', 1, '【超值保】尊敬的客户，您的验证码为：5219 ', 1, NULL, 1530875919, NULL),
	(71, '13688982873', '', '6239', 1, '【超值保】尊敬的客户，您的验证码为：6239 ', 1, NULL, 1530876684, NULL),
	(72, '13688982873', '', '7887', 1, '【超值保】尊敬的客户，您的验证码为：7887 ', 1, NULL, 1531102281, NULL),
	(73, '13688982873', '', '1280', 1, '【超值保】尊敬的客户，您的验证码为：1280 ', 1, NULL, 1531105229, NULL),
	(74, '13688982873', '', '7069', 1, '【超值保】尊敬的客户，您的验证码为：7069 ', 1, NULL, 1531105352, NULL),
	(75, '13688982873', '', '5629', 1, '【超值保】尊敬的客户，您的验证码为：5629 ', 1, NULL, 1531107465, NULL),
	(76, '13688982873', '', '2044', 1, '【超值保】尊敬的客户，您的验证码为：2044 ', 1, NULL, 1531116442, NULL),
	(77, '13688982873', '', '5740', 1, '【超值保】尊敬的客户，您的验证码为：5740 ', 1, NULL, 1531116652, NULL),
	(78, '13688982873', '', '1490', 1, '【超值保】尊敬的客户，您的验证码为：1490 ', 1, NULL, 1531116795, NULL),
	(79, '13688982873', '', '5476', 1, '【超值保】尊敬的客户，您的验证码为：5476 ', 1, NULL, 1531116890, NULL),
	(80, '13688982873', '', '9421', 1, '【超值保】尊敬的客户，您的验证码为：9421 ', 1, NULL, 1531119338, NULL),
	(81, '13688982873', '', '4640', 1, '【超值保】尊敬的客户，您的验证码为：4640 ', 1, NULL, 1531119448, NULL),
	(82, '13688982873', '', '5393', 1, '【超值保】尊敬的客户，您的验证码为：5393 ', 1, NULL, 1531120125, NULL),
	(83, '13688982873', '', '7257', 1, '【超值保】尊敬的客户，您的验证码为：7257 ', 1, NULL, 1531121760, NULL),
	(84, '13688982873', '', '5758', 1, '【超值保】尊敬的客户，您的验证码为：5758 ', 1, NULL, 1531122100, NULL),
	(85, '13688982873', '', '7011', 1, '【超值保】尊敬的客户，您的验证码为：7011 ', 1, NULL, 1531124006, NULL),
	(86, '13688982873', '', '6726', 1, '【超值保】尊敬的客户，您的验证码为：6726 ', 1, NULL, 1531124205, NULL),
	(87, '13688982873', '', '2237', 1, '【超值保】尊敬的客户，您的验证码为：2237 ', 1, NULL, 1531124446, NULL),
	(88, '13688982873', '', '9750', 1, '【超值保】尊敬的客户，您的验证码为：9750 ', 1, NULL, 1531124802, NULL),
	(89, '13688982873', '', '8347', 1, '【超值保】尊敬的客户，您的验证码为：8347 ', 1, NULL, 1531126417, NULL),
	(90, '13688982873', '', '9833', 1, '【超值保】尊敬的客户，您的验证码为：9833 ', 1, NULL, 1531133267, NULL),
	(91, '13688982873', '', '1244', 1, '【超值保】尊敬的客户，您的验证码为：1244 ', 1, NULL, 1531135462, NULL),
	(92, '13688982873', '', '7556', 1, '【超值保】尊敬的客户，您的验证码为：7556 ', 1, NULL, 1531186612, NULL),
	(93, '13688982873', '', '6693', 1, '【超值保】尊敬的客户，您的验证码为：6693 ', 1, NULL, 1531194097, NULL),
	(94, '13688982873', '', '6099', 1, '【超值保】尊敬的客户，您的验证码为：6099 ', 1, NULL, 1531194285, NULL),
	(95, '18689482206', '', '7645', 1, '【超值保】尊敬的客户，您的验证码为：7645 ', 1, NULL, 1531226777, NULL),
	(96, '18689482206', '', '8803', 1, '【超值保】尊敬的客户，您的验证码为：8803 ', 1, NULL, 1531226928, NULL),
	(97, '13688982873', '', '1309', 1, '【超值保】尊敬的客户，您的验证码为：1309 ', 1, NULL, 1531296226, NULL),
	(98, '13688982873', '', '3617', 1, '【超值保】尊敬的客户，您的验证码为：3617 ', 1, NULL, 1531362828, NULL),
	(99, '13688982873', '', '2166', 1, '【超值保】尊敬的客户，您的验证码为：2166 ', 1, NULL, 1531365647, NULL),
	(100, '13688982873', '', '5897', 1, '【超值保】尊敬的客户，您的验证码为：5897 ', 1, NULL, 1531365728, NULL),
	(101, '13688982873', '', '6489', 1, '【超值保】尊敬的客户，您的验证码为：6489 ', 1, NULL, 1531365779, NULL),
	(102, '13688982873', '', '3560', 1, '【超值保】尊敬的客户，您的验证码为：3560 ', 1, NULL, 1531366119, NULL),
	(103, '13688982873', '', '3705', 1, '【超值保】尊敬的客户，您的验证码为：3705 ', 1, NULL, 1531366292, NULL),
	(104, '13688982873', '', '6768', 1, '【超值保】尊敬的客户，您的验证码为：6768 ', 1, NULL, 1531375756, NULL),
	(105, '13688982873', '', '9999', 1, '【超值保】尊敬的客户，您的验证码为：9999 ', 1, NULL, 1531376591, NULL),
	(106, '13688982873', '', '8010', 1, '【超值保】尊敬的客户，您的验证码为：8010 ', 1, NULL, 1531380421, NULL),
	(107, '13688982873', '', '5837', 1, '【超值保】尊敬的客户，您的验证码为：5837 ', 1, NULL, 1531380734, NULL),
	(108, '13688982873', '', '6478', 1, '【超值保】尊敬的客户，您的验证码为：6478 ', 1, NULL, 1531380837, NULL),
	(109, '13688982873', '', '6368', 1, '【超值保】尊敬的客户，您的验证码为：6368 ', 1, NULL, 1531381257, NULL),
	(110, '13688982873', '', '5356', 1, '【超值保】尊敬的客户，您的验证码为：5356 ', 1, NULL, 1531381519, NULL),
	(111, '13688982873', '', '7407', 1, '【超值保】尊敬的客户，您的验证码为：7407 ', 1, NULL, 1531382330, NULL),
	(112, '13688982873', '', '3897', 1, '【超值保】尊敬的客户，您的验证码为：3897 ', 1, NULL, 1531382403, NULL),
	(113, '13688982873', '', '9246', 1, '【超值保】尊敬的客户，您的验证码为：9246 ', 1, NULL, 1531382468, NULL),
	(114, '13688982873', '', '9276', 1, '【超值保】尊敬的客户，您的验证码为：9276 ', 1, NULL, 1531382575, NULL),
	(115, '13688982873', '', '5192', 1, '【超值保】尊敬的客户，您的验证码为：5192 ', 1, NULL, 1531382601, NULL),
	(116, '13688982873', '', '7820', 1, '【超值保】尊敬的客户，您的验证码为：7820 ', 1, NULL, 1531382663, NULL),
	(117, '13688982873', '', '8355', 1, '【超值保】尊敬的客户，您的验证码为：8355 ', 1, NULL, 1531382689, NULL),
	(118, '13688982873', '', '2688', 1, '【超值保】尊敬的客户，您的验证码为：2688 ', 1, NULL, 1531382765, NULL),
	(119, '13688982873', '', '2400', 1, '【超值保】尊敬的客户，您的验证码为：2400 ', 1, NULL, 1531469262, NULL),
	(120, '13688982873', '', '3771', 1, '【超值保】尊敬的客户，您的验证码为：3771 ', 1, NULL, 1531474529, NULL),
	(121, '13760182994', '', '5320', 1, '【超值保】尊敬的客户，您的验证码为：5320 ', 1, NULL, 1531479492, NULL),
	(122, '13688982873', '', '7738', 1, '【超值保】尊敬的客户，您的验证码为：7738 ', 1, NULL, 1531547933, NULL),
	(123, '13688982873', '', '5724', 1, '【超值保】尊敬的客户，您的验证码为：5724 ', 1, NULL, 1531549292, NULL),
	(124, '13688982873', '', '3785', 1, '【超值保】尊敬的客户，您的验证码为：3785 ', 1, NULL, 1531712403, NULL),
	(125, '13688982873', '', '2034', 1, '【超值保】尊敬的客户，您的验证码为：2034 ', 1, NULL, 1531742911, NULL),
	(126, '13688982873', '', '4153', 1, '【超值保】尊敬的客户，您的验证码为：4153 ', 1, NULL, 1531792134, NULL),
	(127, '13688982873', '', '4425', 1, '【超值保】尊敬的客户，您的验证码为：4425 ', 1, NULL, 1531793273, NULL),
	(128, '13688982873', '', '5785', 1, '【超值保】尊敬的客户，您的验证码为：5785 ', 1, NULL, 1531793413, NULL),
	(129, '13688982873', '', '1839', 1, '【超值保】尊敬的客户，您的验证码为：1839 ', 1, NULL, 1531797655, NULL),
	(130, '13688982873', '', '6505', 1, '【超值保】尊敬的客户，您的验证码为：6505 ', 1, NULL, 1531797815, NULL),
	(131, '13688982873', '', '2138', 1, '【超值保】尊敬的客户，您的验证码为：2138 ', 1, NULL, 1531799176, NULL),
	(132, '13688982873', '', '7724', 1, '【超值保】尊敬的客户，您的验证码为：7724 ', 1, NULL, 1531807933, NULL),
	(133, '13688982873', '', '2396', 1, '【超值保】尊敬的客户，您的验证码为：2396 ', 1, NULL, 1531810604, NULL),
	(134, '13688982873', '', '6065', 1, '【超值保】尊敬的客户，您的验证码为：6065 ', 1, NULL, 1531845503, NULL),
	(135, '13688982873', '', '9774', 1, '【超值保】尊敬的客户，您的验证码为：9774 ', 1, NULL, 1532589649, NULL),
	(136, '13688982873', '', '7584', 1, '【超值保】尊敬的客户，您的验证码为：7584 ', 1, NULL, 1532589695, NULL),
	(137, '13688982873', '', '6184', 1, '【超值保】尊敬的客户，您的验证码为：6184 ', 1, NULL, 1533108527, NULL),
	(138, '13688982873', '', '5624', 1, '【超值保】尊敬的客户，您的验证码为：5624 ', 1, NULL, 1533108594, NULL),
	(139, '13688982873', '', '1676', 1, '【超值保】尊敬的客户，您的验证码为：1676 ', 1, NULL, 1533116057, NULL),
	(140, '13631660246', '', 'FFFF', 1, '【超值保】尊敬的客户，您投保的保单：201-1-593-18-0000031140-00 续保日期为 08 月 1 日，为避免您的保障失效，建议立即续保！', 0, NULL, 1533179643, NULL),
	(141, '18028711395', '', 'FFFF', 1, '【超值保】尊敬的客户，您投保的保单：201-1-593-18-0000031149-00 续保日期为 08 月 1 日，为避免您的保障失效，建议立即续保！', 0, NULL, 1533179644, NULL),
	(142, '18666368804', '', 'FFFF', 1, '【超值保】尊敬的客户，您投保的保单：HK25N242271800000014 续保日期为 08 月 1 日，为避免您的保障失效，建议立即续保！', 0, NULL, 1533179647, NULL),
	(143, '13543638410', '', 'FFFF', 1, '【超值保】尊敬的客户，您投保的保单：HK25N242271800000015 续保日期为 08 月 1 日，为避免您的保障失效，建议立即续保！', 0, NULL, 1533179647, NULL),
	(144, '13810766960', '', 'FFFF', 1, '【超值保】尊敬的客户，您投保的保单：HK25N242271800000022 续保日期为 08 月 1 日，为避免您的保障失效，建议立即续保！', 0, NULL, 1533179649, NULL),
	(145, '13810766960', '', 'FFFF', 1, '【超值保】尊敬的客户，您投保的保单：201-1-593-18-0000031285-00 续保日期为 08 月 1 日，为避免您的保障失效，建议立即续保！', 0, NULL, 1533179649, NULL),
	(146, '13430986092', '', 'FFFF', 1, '【超值保】尊敬的客户，您投保的保单：201-1-593-18-0000031359-00 续保日期为 08 月 1 日，为避免您的保障失效，建议立即续保！', 0, NULL, 1533179650, NULL),
	(147, '13760182994', '', 'FFFF', 1, '【超值保】尊敬的客户，您投保的保单：HK25N242271800000024 续保日期为 08 月 1 日，为避免您的保障失效，建议立即续保！', 0, NULL, 1533179651, NULL),
	(148, '18621823380', '', 'FFFF', 1, '【超值保】尊敬的客户，您投保的保单：HK25N242271800000025 续保日期为 08 月 1 日，为避免您的保障失效，建议立即续保！', 0, NULL, 1533179651, NULL),
	(149, '15813564331', '', 'FFFF', 1, '【超值保】尊敬的客户，您投保的保单：HK25N242271800000026 续保日期为 08 月 1 日，为避免您的保障失效，建议立即续保！', 0, NULL, 1533179651, NULL),
	(150, '15013653108', '', 'FFFF', 1, '【超值保】尊敬的客户，您投保的保单：HK25N242271800000040 续保日期为 08 月 1 日，为避免您的保障失效，建议立即续保！', 0, NULL, 1533179652, NULL),
	(151, '13760872001', '', 'FFFF', 1, '【超值保】尊敬的客户，您投保的保单： 续保日期为 08 月 1 日，为避免您的保障失效，建议立即续保！', 0, NULL, 1533179656, NULL),
	(152, '15549493154', '', 'FFFF', 1, '【超值保】尊敬的客户，您投保的保单：HK25N242271800000064 续保日期为 08 月 1 日，为避免您的保障失效，建议立即续保！', 0, NULL, 1533179656, NULL),
	(153, '15813564331', '', 'FFFF', 1, '【超值保】尊敬的客户，您投保的保单： 续保日期为 08 月 1 日，为避免您的保障失效，建议立即续保！', 0, NULL, 1533179656, NULL),
	(154, '18770407492', '', 'FFFF', 1, '【超值保】尊敬的客户，您投保的保单：201-1-593-18-0000039608-00 续保日期为 08 月 1 日，为避免您的保障失效，建议立即续保！', 0, NULL, 1533179657, NULL),
	(155, '13717351106', '', 'FFFF', 1, '【超值保】尊敬的客户，您投保的保单：201-1-593-18-0000039607-00 续保日期为 08 月 1 日，为避免您的保障失效，建议立即续保！', 0, NULL, 1533179657, NULL),
	(156, '15916777286', '', 'FFFF', 1, '【超值保】尊敬的客户，您投保的保单：201-1-593-18-0000039621-00 续保日期为 08 月 1 日，为避免您的保障失效，建议立即续保！', 0, NULL, 1533179657, NULL),
	(157, '13428527539', '', 'FFFF', 1, '【超值保】尊敬的客户，您投保的保单：201-1-593-18-0000039694-00 续保日期为 08 月 1 日，为避免您的保障失效，建议立即续保！', 0, NULL, 1533179658, NULL),
	(158, '13728391863', '', 'FFFF', 1, '【超值保】尊敬的客户，您投保的保单：201-1-593-18-0000040317-00 续保日期为 08 月 1 日，为避免您的保障失效，建议立即续保！', 0, NULL, 1533179659, NULL),
	(159, '13798724667', '', 'FFFF', 1, '【超值保】尊敬的客户，您投保的保单：201-1-593-18-0000040362-00 续保日期为 08 月 1 日，为避免您的保障失效，建议立即续保！', 0, NULL, 1533179659, NULL),
	(160, '18929192791', '', 'FFFF', 1, '【超值保】尊敬的客户，您投保的保单：201-1-593-18-0000040319-00 续保日期为 08 月 1 日，为避免您的保障失效，建议立即续保！', 0, NULL, 1533179659, NULL),
	(161, '18826974518', '', 'FFFF', 1, '【超值保】尊敬的客户，您投保的保单：201-1-593-18-0000040320-00 续保日期为 08 月 1 日，为避免您的保障失效，建议立即续保！', 0, NULL, 1533179659, NULL),
	(162, '13712885200', '', 'FFFF', 1, '【超值保】尊敬的客户，您投保的保单：201-1-593-18-0000040321-00 续保日期为 08 月 1 日，为避免您的保障失效，建议立即续保！', 0, NULL, 1533179659, NULL),
	(163, '13729577725', '', 'FFFF', 1, '【超值保】尊敬的客户，您投保的保单：201-1-593-18-0000040322-00 续保日期为 08 月 1 日，为避免您的保障失效，建议立即续保！', 0, NULL, 1533179659, NULL),
	(164, '15916716780', '', 'FFFF', 1, '【超值保】尊敬的客户，您投保的保单：201-1-593-18-0000040324-00 续保日期为 08 月 1 日，为避免您的保障失效，建议立即续保！', 0, NULL, 1533179659, NULL),
	(165, '13538598348', '', 'FFFF', 1, '【超值保】尊敬的客户，您投保的保单：201-1-593-18-0000040327-00 续保日期为 08 月 1 日，为避免您的保障失效，建议立即续保！', 0, NULL, 1533179659, NULL),
	(166, '13556431606', '', 'FFFF', 1, '【超值保】尊敬的客户，您投保的保单：201-1-593-18-0000040328-00 续保日期为 08 月 1 日，为避免您的保障失效，建议立即续保！', 0, NULL, 1533179659, NULL),
	(167, '13719535224', '', 'FFFF', 1, '【超值保】尊敬的客户，您投保的保单：201-1-593-18-0000040329-00 续保日期为 08 月 1 日，为避免您的保障失效，建议立即续保！', 0, NULL, 1533179659, NULL),
	(168, '13798185549', '', 'FFFF', 1, '【超值保】尊敬的客户，您投保的保单：201-1-593-18-0000040361-00 续保日期为 08 月 1 日，为避免您的保障失效，建议立即续保！', 0, NULL, 1533179659, NULL),
	(169, '13631660246', '', 'FFFF', 1, '【超值保】尊敬的客户 许冬慧 ，您投保的保单：201-1-593-18-0000031140-00 续保日期为 08 月 1 日，为避免您的保障失效，建议立即续保！', 0, NULL, 1533262710, NULL),
	(170, '18028711395', '', 'FFFF', 1, '【超值保】尊敬的客户 文泽波 ，您投保的保单：201-1-593-18-0000031149-00 续保日期为 08 月 1 日，为避免您的保障失效，建议立即续保！', 0, NULL, 1533262710, NULL),
	(171, '18666368804', '', 'FFFF', 1, '【超值保】尊敬的客户 雷荣俊 ，您投保的保单：HK25N242271800000014 续保日期为 08 月 1 日，为避免您的保障失效，建议立即续保！', 0, NULL, 1533262710, NULL),
	(172, '13543638410', '', 'FFFF', 1, '【超值保】尊敬的客户 邓志佳 ，您投保的保单：HK25N242271800000015 续保日期为 08 月 1 日，为避免您的保障失效，建议立即续保！', 0, NULL, 1533262710, NULL),
	(173, '13810766960', '', 'FFFF', 1, '【超值保】尊敬的客户 陈卉丹 ，您投保的保单：HK25N242271800000022 续保日期为 08 月 1 日，为避免您的保障失效，建议立即续保！', 0, NULL, 1533262710, NULL),
	(174, '13810766960', '', 'FFFF', 1, '【超值保】尊敬的客户 陈卉丹 ，您投保的保单：201-1-593-18-0000031285-00 续保日期为 08 月 1 日，为避免您的保障失效，建议立即续保！', 0, NULL, 1533262710, NULL),
	(175, '13430986092', '', 'FFFF', 1, '【超值保】尊敬的客户 李佳美 ，您投保的保单：201-1-593-18-0000031359-00 续保日期为 08 月 1 日，为避免您的保障失效，建议立即续保！', 0, NULL, 1533262710, NULL),
	(176, '13760182994', '', 'FFFF', 1, '【超值保】尊敬的客户 全喜明 ，您投保的保单：HK25N242271800000024 续保日期为 08 月 1 日，为避免您的保障失效，建议立即续保！', 0, NULL, 1533262710, NULL),
	(177, '18621823380', '', 'FFFF', 1, '【超值保】尊敬的客户 李国际 ，您投保的保单：HK25N242271800000025 续保日期为 08 月 1 日，为避免您的保障失效，建议立即续保！', 0, NULL, 1533262710, NULL),
	(178, '15013653108', '', 'FFFF', 1, '【超值保】尊敬的客户 吴开鸿 ，您投保的保单：HK25N242271800000040 续保日期为 08 月 1 日，为避免您的保障失效，建议立即续保！', 0, NULL, 1533262711, NULL),
	(179, '13760872001', '', 'FFFF', 1, '【超值保】尊敬的客户 卢喜涛 ，您投保的保单： 续保日期为 08 月 1 日，为避免您的保障失效，建议立即续保！', 0, NULL, 1533262711, NULL),
	(180, '15549493154', '', 'FFFF', 1, '【超值保】尊敬的客户 tristy ，您投保的保单：HK25N242271800000064 续保日期为 08 月 1 日，为避免您的保障失效，建议立即续保！', 0, NULL, 1533262711, NULL),
	(181, '18770407492', '', 'FFFF', 1, '【超值保】尊敬的客户 曾锦锋 ，您投保的保单：201-1-593-18-0000039608-00 续保日期为 08 月 1 日，为避免您的保障失效，建议立即续保！', 0, NULL, 1533262712, NULL),
	(182, '13717351106', '', 'FFFF', 1, '【超值保】尊敬的客户 杜锐 ，您投保的保单：201-1-593-18-0000039607-00 续保日期为 08 月 1 日，为避免您的保障失效，建议立即续保！', 0, NULL, 1533262712, NULL),
	(183, '15916777286', '', 'FFFF', 1, '【超值保】尊敬的客户 陈力 ，您投保的保单：201-1-593-18-0000039621-00 续保日期为 08 月 1 日，为避免您的保障失效，建议立即续保！', 0, NULL, 1533262712, NULL),
	(184, '13428527539', '', 'FFFF', 1, '【超值保】尊敬的客户 李舒萍 ，您投保的保单：201-1-593-18-0000039694-00 续保日期为 08 月 1 日，为避免您的保障失效，建议立即续保！', 0, NULL, 1533262712, NULL),
	(185, '13728391863', '', 'FFFF', 1, '【超值保】尊敬的客户 陈泳仪 ，您投保的保单：201-1-593-18-0000040317-00 续保日期为 08 月 1 日，为避免您的保障失效，建议立即续保！', 0, NULL, 1533262712, NULL),
	(186, '13798724667', '', 'FFFF', 1, '【超值保】尊敬的客户 林宝枝 ，您投保的保单：201-1-593-18-0000040362-00 续保日期为 08 月 1 日，为避免您的保障失效，建议立即续保！', 0, NULL, 1533262712, NULL),
	(187, '18929192791', '', 'FFFF', 1, '【超值保】尊敬的客户 叶爱兰 ，您投保的保单：201-1-593-18-0000040319-00 续保日期为 08 月 1 日，为避免您的保障失效，建议立即续保！', 0, NULL, 1533262712, NULL),
	(188, '18826974518', '', 'FFFF', 1, '【超值保】尊敬的客户 邹时波 ，您投保的保单：201-1-593-18-0000040320-00 续保日期为 08 月 1 日，为避免您的保障失效，建议立即续保！', 0, NULL, 1533262712, NULL),
	(189, '13712885200', '', 'FFFF', 1, '【超值保】尊敬的客户 刘淑贞 ，您投保的保单：201-1-593-18-0000040321-00 续保日期为 08 月 1 日，为避免您的保障失效，建议立即续保！', 0, NULL, 1533262712, NULL),
	(190, '13729577725', '', 'FFFF', 1, '【超值保】尊敬的客户 吴会思 ，您投保的保单：201-1-593-18-0000040322-00 续保日期为 08 月 1 日，为避免您的保障失效，建议立即续保！', 0, NULL, 1533262712, NULL),
	(191, '15916716780', '', 'FFFF', 1, '【超值保】尊敬的客户 康丽萍 ，您投保的保单：201-1-593-18-0000040324-00 续保日期为 08 月 1 日，为避免您的保障失效，建议立即续保！', 0, NULL, 1533262712, NULL),
	(192, '13538598348', '', 'FFFF', 1, '【超值保】尊敬的客户 黄钰莹 ，您投保的保单：201-1-593-18-0000040327-00 续保日期为 08 月 1 日，为避免您的保障失效，建议立即续保！', 0, NULL, 1533262712, NULL),
	(193, '13556431606', '', 'FFFF', 1, '【超值保】尊敬的客户 连苑滨 ，您投保的保单：201-1-593-18-0000040328-00 续保日期为 08 月 1 日，为避免您的保障失效，建议立即续保！', 0, NULL, 1533262712, NULL),
	(194, '13719535224', '', 'FFFF', 1, '【超值保】尊敬的客户 吴会植 ，您投保的保单：201-1-593-18-0000040329-00 续保日期为 08 月 1 日，为避免您的保障失效，建议立即续保！', 0, NULL, 1533262713, NULL),
	(195, '13798185549', '', 'FFFF', 1, '【超值保】尊敬的客户 陈再花 ，您投保的保单：201-1-593-18-0000040361-00 续保日期为 08 月 1 日，为避免您的保障失效，建议立即续保！', 0, NULL, 1533262713, NULL),
	(196, '18689482206', '', '3155', 1, '【超值保】尊敬的客户，您的验证码为：3155 ', 1, NULL, 1533282571, NULL),
	(197, '13688982873', '', '9416', 1, '【超值保】尊敬的客户，您的验证码为：9416 ', 1, NULL, 1533282753, NULL),
	(198, '13688982873', '', '2126', 1, '【超值保】尊敬的客户，您的验证码为：2126 ', 1, NULL, 1533282871, NULL),
	(199, '18689482206', '', '5726', 1, '【超值保】尊敬的客户，您的验证码为：5726 ', 1, NULL, 1533282936, NULL),
	(200, '13688982873', '', '6280', 1, '【超值保】尊敬的客户，您的验证码为：6280 ', 1, NULL, 1533283695, NULL),
	(201, '13688982873', '', '5098', 1, '【超值保】尊敬的客户，您的验证码为：5098 ', 1, NULL, 1533290333, NULL),
	(202, '13688982873', '', '2542', 1, '【超值保】尊敬的客户，您的验证码为：2542 ', 1, NULL, 1533290981, NULL),
	(203, '13688982873', '', '2575', 1, '【超值保】尊敬的客户，您的验证码为：2575 ', 1, NULL, 1533293609, NULL),
	(204, '13688982873', '', '3180', 1, '【超值保】尊敬的客户，您的验证码为：3180 ', 1, NULL, 1533343539, NULL),
	(205, '18689482206', '', '6636', 1, '【超值保】尊敬的客户，您的验证码为：6636 ', 1, NULL, 1533523364, NULL);
/*!40000 ALTER TABLE `sms_log` ENABLE KEYS */;

-- 导出  表 cms.user 结构
CREATE TABLE IF NOT EXISTS `user` (
  `id` int(11) NOT NULL AUTO_INCREMENT,
  `username` varchar(255) CHARACTER SET utf8 COLLATE utf8_unicode_ci NOT NULL,
  `auth_key` varchar(32) CHARACTER SET utf8 COLLATE utf8_unicode_ci NOT NULL,
  `password_hash` varchar(255) CHARACTER SET utf8 COLLATE utf8_unicode_ci NOT NULL,
  `password_reset_token` varchar(255) CHARACTER SET utf8 COLLATE utf8_unicode_ci DEFAULT NULL,
  `email` varchar(255) CHARACTER SET utf8 COLLATE utf8_unicode_ci NOT NULL,
  `role` smallint(6) NOT NULL DEFAULT '10' COMMENT '角色等级',
  `photo` varchar(255) CHARACTER SET utf8 COLLATE utf8_unicode_ci DEFAULT '10' COMMENT '头像',
  `type` smallint(6) NOT NULL DEFAULT '1' COMMENT '1,员工,2',
  `data_source` json DEFAULT NULL,
  `status` smallint(6) NOT NULL DEFAULT '10',
  `is_manager` enum('Y','N') CHARACTER SET utf8 COLLATE utf8_unicode_ci NOT NULL DEFAULT 'N',
  `created_at` int(11) NOT NULL,
  `updated_at` int(11) NOT NULL,
  PRIMARY KEY (`id`),
  UNIQUE KEY `username` (`username`),
  UNIQUE KEY `email` (`email`),
  UNIQUE KEY `password_reset_token` (`password_reset_token`)
) ENGINE=InnoDB AUTO_INCREMENT=7 DEFAULT CHARSET=utf8 COLLATE=utf8_unicode_ci COMMENT='用户表';

-- 正在导出表  cms.user 的数据：~3 rows (大约)
/*!40000 ALTER TABLE `user` DISABLE KEYS */;
INSERT INTO `user` (`id`, `username`, `auth_key`, `password_hash`, `password_reset_token`, `email`, `role`, `photo`, `type`, `data_source`, `status`, `is_manager`, `created_at`, `updated_at`) VALUES
	(1, 'admin', 'Vuny-1VG8M8Jvu7aSKy5DHzw5', '$2y$13$VVNtpwiod3Oif9kp87yw7uuYVWtlWhWclm4BGxUORo5/gVFRNnvkq', NULL, 'admin@qq.com', 10, '10', 1, NULL, 10, 'Y', 1464162019, 1464162019),
	(2, 'quanzi', 'SA2aw8wvoIYMMoqWGL4tVPh2OOs4HMRA', '$2y$13$ul/ToWAi5/xyUZGd572meuqbU8mG3AVkZm3i2ey5guEWTpcfEBZ76', NULL, 'quanzi@gmail.com', 10, '10', 1, '["1", "2"]', 10, 'Y', 1480990948, 1488791841),
	(6, 'test', '4SFa8oHFi5ttVG1W4aSWBAUp4R-szj9k', '$2y$13$p60NlvJgW71vqpKJLn4hg.cJAaEWilA4tSDBY2o7Neao89G9gMf7u', NULL, 'tst@gmail.com', 10, '10', 1, '["1", "2"]', 10, 'N', 1609148370, 1609148370);
/*!40000 ALTER TABLE `user` ENABLE KEYS */;

/*!40101 SET SQL_MODE=IFNULL(@OLD_SQL_MODE, '') */;
/*!40014 SET FOREIGN_KEY_CHECKS=IF(@OLD_FOREIGN_KEY_CHECKS IS NULL, 1, @OLD_FOREIGN_KEY_CHECKS) */;
/*!40101 SET CHARACTER_SET_CLIENT=@OLD_CHARACTER_SET_CLIENT */;
